Customer ID,Gender,Age,Under 30,Senior Citizen,Married,Dependents,Number of Dependents,Country,State,City,Zip Code,Latitude,Longitude,Population,Quarter,Referred a Friend,Number of Referrals,Tenure in Months,Offer,Phone Service,Avg Monthly Long Distance Charges,Multiple Lines,Internet Service,Internet Type,Avg Monthly GB Download,Online Security,Online Backup,Device Protection Plan,Premium Tech Support,Streaming TV,Streaming Movies,Streaming Music,Unlimited Data,Contract,Paperless Billing,Payment Method,Monthly Charge,Total Charges,Total Refunds,Total Extra Data Charges,Total Long Distance Charges,Total Revenue,Satisfaction Score,Customer Status,Churn Label,Churn Score,CLTV,Churn Category,Churn Reason,Churn_Risk
4759-TRPLW,Male,40,No,No,No,No,0,United States,California,Long Beach,90822,33.778436,-118.118648,425,Q3,0,0,1,Offer E,1,29.63,0,Yes,Fiber Optic,15,0,0,0,0,0,0,0,1,Month-to-Month,0,Bank Withdrawal,70.4,70.4,0.0,0,29.63,100.03,1,Churned,Yes,70,4238,Competitor,Competitor had better devices,0.92
7153-OANIO,Male,48,No,No,No,No,0,United States,California,Mendocino,95460,39.305545,-123.743697,2229,Q3,0,0,1,Offer E,1,27.58,0,Yes,Fiber Optic,16,0,0,0,0,0,0,0,1,Month-to-Month,0,Bank Withdrawal,69.95,69.95,0.0,0,27.58,97.53,1,Churned,Yes,79,5066,Other,Moved,0.81
4432-ADRLB,Male,46,No,No,No,No,0,United States,California,Fallbrook,92028,33.362575,-117.299644,42239,Q3,0,0,2,,1,24.9,0,Yes,DSL,11,0,0,0,0,0,0,0,0,Month-to-Month,0,Mailed Check,44.65,74.9,0.0,10,49.8,134.7,1,Churned,Yes,91,4655,Competitor,Competitor made better offer,0.96
7394-FKDNK,Female,62,No,No,Yes,No,0,United States,California,San Diego,92126,32.886925,-117.152162,74232,Q3,1,3,9,Offer E,1,26.51,0,Yes,Fiber Optic,18,0,0,0,0,1,1,1,1,Month-to-Month,0,Bank Withdrawal,89.45,853.1,0.0,0,238.59,1091.69,2,Churned,Yes,91,4971,Competitor,Competitor made better offer,0.93
4140-MUHUG,Female,73,No,Yes,No,No,0,United States,California,Oak View,93022,34.404544,-119.302118,6503,Q3,0,0,3,,1,18.38,0,Yes,Fiber Optic,20,0,0,1,0,1,0,0,1,Month-to-Month,1,Bank Withdrawal,86.85,220.95,0.0,0,55.14,276.09,2,Churned,Yes,70,3561,Attitude,Attitude of service provider,0.94
2656-TABEH,Male,57,No,No,Yes,No,0,United States,California,Temecula,92591,33.540604,-117.10909,25655,Q3,1,1,4,,1,28.22,1,Yes,Fiber Optic,10,0,1,0,0,1,1,1,1,Month-to-Month,1,Bank Withdrawal,100.2,420.2,0.0,0,112.88,533.0799999999999,2,Churned,Yes,82,2650,Dissatisfaction,Service dissatisfaction,0.9
3494-JCHRQ,Male,38,No,No,No,No,0,United States,California,Van Nuys,91411,34.17847,-118.459472,23646,Q3,0,0,1,,1,27.89,0,Yes,Fiber Optic,20,0,0,0,0,0,0,0,1,Month-to-Month,1,Bank Withdrawal,70.05,70.05,0.0,0,27.89,97.94,2,Churned,Yes,69,2699,Attitude,Attitude of support person,0.97
5960-WPXQM,Male,24,Yes,No,No,No,0,United States,California,Temecula,92592,33.507255,-117.029473,46171,Q3,0,0,1,,1,31.34,0,Yes,Fiber Optic,52,0,0,0,0,1,0,1,1,Month-to-Month,1,Bank Withdrawal,79.05,79.05,0.0,0,31.34,110.39,1,Churned,Yes,80,3555,Competitor,Competitor made better offer,0.95
7613-LLQFO,Male,41,No,No,No,No,0,United States,California,Amador City,95601,38.431407,-120.8421,222,Q3,0,0,12,,1,12.36,1,Yes,Fiber Optic,23,0,0,0,0,1,0,0,1,Month-to-Month,1,Bank Withdrawal,84.45,1059.55,0.0,0,148.32,1207.87,2,Churned,Yes,91,3330,Dissatisfaction,Limited range of services,0.92
3551-HUAZH,Male,68,No,Yes,No,No,0,United States,California,Brownsville,95919,39.440687,-121.263583,1237,Q3,0,0,1,Offer E,1,11.08,1,Yes,Fiber Optic,12,0,0,0,0,0,0,0,1,Month-to-Month,1,Bank Withdrawal,74.4,74.4,0.0,0,11.08,85.48,2,Churned,Yes,89,3429,Price,Price too high,0.97
8740-CRYFY,Male,62,No,No,No,No,0,United States,California,Sacramento,95823,38.475465,-121.443625,72199,Q3,0,0,1,Offer E,1,23.96,0,Yes,Fiber Optic,22,0,0,0,0,1,0,0,1,Month-to-Month,1,Bank Withdrawal,78.95,78.95,0.0,0,23.96,102.91,2,Churned,Yes,75,2038,Competitor,Competitor offered higher download speeds,0.97
9019-QVLZD,Female,58,No,No,No,No,0,United States,California,Oakland,94602,37.803883,-122.208417,28900,Q3,0,0,1,,1,32.13,0,Yes,Fiber Optic,15,0,0,0,0,1,0,0,0,Month-to-Month,0,Bank Withdrawal,79.55,79.55,0.0,10,32.13,121.68,2,Churned,Yes,81,5082,Competitor,Competitor made better offer,0.93
1455-ESIQH,Male,44,No,No,No,No,0,United States,California,Oakland,94619,37.787186,-122.14633,24518,Q3,0,0,1,,1,16.06,0,Yes,Fiber Optic,3,0,0,0,0,1,1,1,1,Month-to-Month,1,Bank Withdrawal,89.1,89.1,0.0,0,16.06,105.16,2,Churned,Yes,79,2905,Other,Moved,0.94
5077-DXTCG,Female,37,No,No,No,No,0,United States,California,Challenge,95925,39.461768,-121.195825,262,Q3,0,0,1,,1,26.41,0,Yes,Cable,26,0,0,0,0,0,0,0,1,Month-to-Month,1,Bank Withdrawal,45.3,45.3,0.0,0,26.41,71.71,1,Churned,Yes,86,2293,Competitor,Competitor had better devices,0.98
6457-GIRWB,Male,57,No,No,No,No,0,United States,California,Carlsbad,92008,33.148116,-117.306043,35582,Q3,0,0,1,,1,22.03,0,Yes,Fiber Optic,26,0,0,0,0,0,0,0,1,Month-to-Month,1,Bank Withdrawal,69.35,69.35,0.0,0,22.03,91.38,2,Churned,Yes,88,2843,Attitude,Attitude of service provider,0.98
6567-HOOPW,Female,69,No,Yes,No,No,0,United States,California,Folsom,95630,38.672638,-121.147403,51855,Q3,0,0,1,,1,20.06,0,Yes,Fiber Optic,24,0,0,0,0,1,0,0,1,Month-to-Month,1,Bank Withdrawal,79.2,79.2,0.0,0,20.06,99.26,3,Churned,Yes,76,4363,Competitor,Competitor made better offer,0.93
7943-RQCHR,Female,34,No,No,No,No,0,United States,California,Davis,95616,38.508735,-121.678813,67411,Q3,0,0,9,Offer E,1,10.07,1,Yes,Fiber Optic,26,0,0,0,0,1,1,1,0,Month-to-Month,1,Bank Withdrawal,94.75,889.9,0.0,30,90.63,1010.53,2,Churned,Yes,83,2893,Competitor,Competitor offered more data,0.93
7493-TPUWZ,Male,64,No,No,No,No,0,United States,California,Diamond Springs,95619,38.683605,-120.811852,4426,Q3,0,0,1,,1,24.48,1,Yes,Fiber Optic,24,0,1,0,0,0,0,0,1,Month-to-Month,1,Bank Withdrawal,79.15,79.15,0.0,0,24.48,103.63,1,Churned,Yes,85,4243,Competitor,Competitor had better devices,0.96
6502-MJQAE,Male,27,Yes,No,No,No,0,United States,California,Escondido,92027,33.141265,-116.967221,48690,Q3,0,0,1,,1,46.21,0,Yes,Fiber Optic,58,0,0,0,0,0,0,1,1,Month-to-Month,1,Bank Withdrawal,69.6,69.6,0.0,0,46.21,115.81,1,Churned,Yes,87,2072,Competitor,Competitor made better offer,0.85
8380-PEFPE,Male,60,No,No,No,No,0,United States,California,Avalon,90704,33.391181,-118.421305,3699,Q3,0,0,1,,1,17.54,0,Yes,Fiber Optic,16,0,0,0,0,0,0,0,1,Month-to-Month,1,Bank Withdrawal,71.65,71.65,0.0,0,17.54,89.19,1,Churned,Yes,93,2377,Competitor,Competitor had better devices,0.97
3198-VELRD,Female,47,No,No,Yes,No,0,United States,California,Marina Del Rey,90292,33.977468,-118.445475,18058,Q3,1,1,3,,1,38.09,1,Yes,Fiber Optic,30,0,0,0,0,0,1,1,1,Month-to-Month,1,Bank Withdrawal,84.75,264.85,0.0,0,114.27,379.12,1,Churned,Yes,91,2014,Competitor,Competitor had better devices,0.98
1723-HKXJQ,Male,64,No,No,No,No,0,United States,California,San Diego,92120,32.807867,-117.060993,25569,Q3,0,0,42,,1,18.79,1,Yes,Fiber Optic,16,0,1,0,0,1,1,1,1,Month-to-Month,1,Bank Withdrawal,101.75,4273.45,0.0,0,789.18,5062.63,2,Churned,Yes,66,5545,Other,Don't know,0.92
1853-UDXBW,Male,38,No,No,Yes,No,0,United States,California,Samoa,95564,40.809636,-124.189977,395,Q3,1,1,1,,1,38.8,0,Yes,Fiber Optic,4,0,0,0,0,0,0,0,1,Month-to-Month,1,Bank Withdrawal,70.0,70.0,0.0,0,38.8,108.8,2,Churned,Yes,85,2485,Price,Price too high,0.91
0328-GRPMV,Female,43,No,No,No,No,0,United States,California,Burnt Ranch,95527,40.854512,-123.450097,485,Q3,0,0,1,,1,17.37,0,Yes,Fiber Optic,25,0,0,0,0,0,0,0,1,Month-to-Month,1,Bank Withdrawal,70.1,70.1,0.0,0,17.37,87.47,1,Churned,Yes,84,3706,Competitor,Competitor had better devices,0.97
8816-VXNZD,Female,36,No,No,No,No,0,United States,California,Coronado,92118,32.68674,-117.186612,24093,Q3,0,0,1,,1,5.94,1,Yes,Fiber Optic,8,0,0,0,0,0,0,0,1,Month-to-Month,1,Bank Withdrawal,75.1,75.1,0.0,0,5.94,81.03999999999999,2,Churned,Yes,83,4335,Dissatisfaction,Lack of self-service on Website,0.94
1846-XWOQN,Female,80,No,Yes,No,No,0,United States,California,Bradley,93426,35.842889,-121.004862,1363,Q3,0,0,1,,1,47.97,0,Yes,Fiber Optic,8,0,0,0,0,0,0,0,1,Month-to-Month,1,Bank Withdrawal,70.15,70.15,0.0,0,47.97,118.12,2,Churned,Yes,71,2825,Competitor,Competitor made better offer,0.84
2025-JKFWI,Male,31,No,No,No,No,0,United States,California,Burbank,91501,34.188339,-118.300942,18112,Q3,0,0,13,,1,24.14,1,Yes,Fiber Optic,21,0,0,0,1,1,1,1,1,Month-to-Month,1,Credit Card,99.0,1301.7,0.0,0,313.82,1615.52,1,Churned,Yes,81,3493,Price,Lack of affordable download/upload speed,0.92
1363-TXLSL,Male,80,No,Yes,Yes,No,0,United States,California,San Lucas,93954,36.125529,-120.864443,521,Q3,0,0,1,Offer E,1,39.1,0,Yes,Fiber Optic,27,0,0,0,0,0,0,0,1,Month-to-Month,1,Bank Withdrawal,70.3,70.3,0.0,0,39.1,109.4,1,Churned,Yes,91,4962,Competitor,Competitor had better devices,0.99
9300-AGZNL,Male,76,No,Yes,No,No,0,United States,California,Elk Creek,95939,39.53222,-122.594879,587,Q3,0,0,1,,1,21.85,1,Yes,Fiber Optic,29,0,0,0,0,1,1,0,1,Month-to-Month,1,Bank Withdrawal,94.0,94.0,0.0,0,21.85,115.85,1,Churned,Yes,67,4176,Dissatisfaction,Product dissatisfaction,0.99
5494-HECPR,Female,34,No,No,No,No,0,United States,California,Mi Wuk Village,95346,38.121601,-120.133915,1278,Q3,0,0,1,Offer E,1,32.92,0,Yes,Fiber Optic,3,0,0,0,0,1,0,0,1,Month-to-Month,1,Bank Withdrawal,80.25,80.25,0.0,0,32.92,113.17,2,Churned,Yes,69,2502,Other,Moved,0.89
1304-NECVQ,Female,69,No,Yes,No,No,0,United States,California,Somis,93066,34.297628,-119.014627,2966,Q3,0,0,2,Offer E,1,43.96,1,Yes,Fiber Optic,14,0,0,1,0,0,0,0,1,Month-to-Month,1,Bank Withdrawal,78.55,149.55,0.0,0,87.92,237.47000000000003,2,Churned,Yes,92,5203,Competitor,Competitor made better offer,0.99
4415-IJZTP,Female,33,No,No,No,No,0,United States,California,Los Angeles,90027,34.127194,-118.295647,48727,Q3,0,0,1,,1,13.61,1,Yes,Fiber Optic,25,0,0,0,0,0,0,0,1,Month-to-Month,1,Bank Withdrawal,74.5,74.5,0.0,0,13.61,88.11,1,Churned,Yes,69,2016,Competitor,Competitor had better devices,0.98
1740-CSDJP,Male,53,No,No,No,No,0,United States,California,Oakhurst,93644,37.648647,-119.231447,8521,Q3,0,0,1,,0,0.0,0,Yes,DSL,9,0,0,0,0,0,1,1,1,Month-to-Month,1,Bank Withdrawal,35.25,35.25,0.0,0,0.0,35.25,2,Churned,Yes,88,2548,Price,Lack of affordable download/upload speed,0.98
8808-ELEHO,Male,66,No,Yes,No,No,0,United States,California,Modesto,95356,37.716186,-121.025836,26055,Q3,0,0,8,,1,5.02,1,Yes,Fiber Optic,26,0,0,1,0,0,0,0,1,Month-to-Month,1,Bank Withdrawal,81.25,585.95,0.0,0,40.16,626.11,1,Churned,Yes,72,3812,Price,Price too high,0.97
3276-HDUEG,Female,23,Yes,No,No,No,0,United States,California,Temecula,92592,33.507255,-117.029473,46171,Q3,0,0,1,Offer E,1,32.86,1,Yes,Fiber Optic,58,0,0,0,0,0,0,0,1,Month-to-Month,1,Mailed Check,75.05,75.05,0.0,0,32.86,107.91,2,Churned,Yes,78,4838,Competitor,Competitor made better offer,1.0
9897-KXHCM,Female,37,No,No,Yes,No,0,United States,California,Modesto,95357,37.670526,-120.877572,13343,Q3,1,1,3,Offer E,1,48.38,0,Yes,Fiber Optic,14,0,0,0,0,0,1,1,1,Month-to-Month,1,Bank Withdrawal,80.3,250.05,0.0,0,145.14,395.19000000000005,1,Churned,Yes,72,3212,Competitor,Competitor offered higher download speeds,0.93
2260-USTRB,Female,75,No,Yes,No,No,0,United States,California,Campo,91906,32.673483,-116.472863,3133,Q3,0,0,2,,1,9.55,0,Yes,Fiber Optic,28,0,0,0,0,0,0,0,1,Month-to-Month,1,Bank Withdrawal,70.2,115.95,0.0,0,19.1,135.05,1,Churned,Yes,67,2767,Competitor,Competitor offered more data,0.93
6210-KBBPI,Male,67,No,Yes,No,No,0,United States,California,West Covina,91790,34.066964,-117.937007,44099,Q3,0,0,9,,1,10.66,1,Yes,Fiber Optic,15,0,1,0,0,1,1,0,1,Month-to-Month,1,Credit Card,99.45,919.4,0.0,0,95.94,1015.34,1,Churned,Yes,93,2313,Competitor,Competitor had better devices,0.99
7665-TOALD,Female,25,Yes,No,No,No,0,United States,California,Temecula,92592,33.507255,-117.029473,46171,Q3,0,0,1,,1,14.19,0,Yes,Fiber Optic,59,0,0,0,0,0,0,1,1,Month-to-Month,1,Bank Withdrawal,69.6,69.6,0.0,0,14.19,83.78999999999999,1,Churned,Yes,79,2412,Competitor,Competitor made better offer,0.97
2514-GINMM,Male,60,No,No,No,No,0,United States,California,Dana Point,92629,33.477923,-117.705314,27730,Q3,0,0,1,Offer E,1,48.97,0,Yes,Fiber Optic,23,0,0,0,0,1,0,0,0,Month-to-Month,1,Bank Withdrawal,79.5,79.5,0.0,0,48.97,128.47,2,Churned,Yes,92,4490,Attitude,Attitude of service provider,0.94
5445-UTODQ,Female,35,No,No,Yes,No,0,United States,California,San Diego,92117,32.825086,-117.199424,51213,Q3,1,1,7,,1,11.58,0,Yes,Fiber Optic,27,0,0,0,0,1,0,0,1,Month-to-Month,1,Bank Withdrawal,81.1,576.65,0.0,0,81.06,657.71,2,Churned,Yes,87,3238,Competitor,Competitor made better offer,0.99
2636-ALXXZ,Female,68,No,Yes,No,No,0,United States,California,Tahoe Vista,96148,39.24124,-120.054765,678,Q3,0,0,1,Offer E,1,45.8,0,Yes,Fiber Optic,10,0,0,0,0,0,0,0,1,Month-to-Month,1,Bank Withdrawal,69.6,69.6,0.0,0,45.8,115.4,2,Churned,Yes,74,2151,Dissatisfaction,Poor expertise of online support,0.94
1143-NMNQJ,Female,39,No,No,No,No,0,United States,California,Boulder Creek,95006,37.171727,-122.142961,10520,Q3,0,0,2,,1,14.07,1,Yes,Fiber Optic,6,0,0,0,0,0,1,1,1,Month-to-Month,1,Bank Withdrawal,85.7,169.8,0.0,0,28.14,197.94,2,Churned,Yes,95,2187,Attitude,Attitude of service provider,0.97
1084-UQCHV,Male,35,No,No,No,No,0,United States,California,Angelus Oaks,92305,34.1678,-116.86433,301,Q3,0,0,1,Offer E,1,27.97,0,Yes,Fiber Optic,18,0,0,0,0,0,0,0,1,Month-to-Month,0,Bank Withdrawal,69.75,69.75,0.0,0,27.97,97.72,2,Churned,Yes,66,2901,Attitude,Attitude of support person,0.95
3943-KDREE,Female,48,No,No,No,No,0,United States,California,Los Angeles,90010,34.062125,-118.315709,1957,Q3,0,0,26,,1,17.53,1,Yes,Fiber Optic,15,0,0,0,0,0,0,0,1,Month-to-Month,1,Bank Withdrawal,74.95,1834.95,0.0,0,455.78,2290.73,2,Churned,Yes,76,2934,Other,Don't know,0.79
0637-YLETY,Female,39,No,No,No,No,0,United States,California,Douglas City,96024,40.586588,-122.903677,960,Q3,0,0,16,Offer D,1,18.99,1,Yes,Fiber Optic,30,0,1,1,0,0,1,1,1,Month-to-Month,1,Credit Card,95.6,1555.65,0.0,0,303.84,1859.49,1,Churned,Yes,96,5915,Attitude,Attitude of service provider,0.98
7065-YUNRY,Female,28,Yes,No,No,No,0,United States,California,San Diego,92117,32.825086,-117.199424,51213,Q3,0,0,1,,1,39.94,0,Yes,Cable,59,0,0,0,0,0,0,1,1,Month-to-Month,1,Mailed Check,45.3,45.3,0.0,0,39.94,85.24,1,Churned,Yes,69,3049,Competitor,Competitor made better offer,0.83
0742-NXBGR,Female,64,No,No,No,No,0,United States,California,Adin,96006,41.171578,-120.913161,615,Q3,0,0,1,Offer E,1,33.41,0,Yes,Fiber Optic,28,0,1,1,0,0,0,0,1,Month-to-Month,1,Bank Withdrawal,82.3,82.3,0.0,0,33.41,115.71,1,Churned,Yes,71,4278,Competitor,Competitor had better devices,0.84
0495-RVCBF,Female,39,No,No,No,No,0,United States,California,Santa Rosa,95401,38.460517,-122.790335,36125,Q3,0,0,1,,1,33.88,0,Yes,Fiber Optic,26,0,0,0,0,0,1,1,1,Month-to-Month,1,Bank Withdrawal,79.7,79.7,0.0,0,33.88,113.58,3,Churned,Yes,75,2066,Other,Poor expertise of online support,0.88
1415-YFWLT,Female,68,No,Yes,No,No,0,United States,California,Shaver Lake,93664,37.223,-119.001021,642,Q3,0,0,1,Offer E,1,30.23,0,Yes,Fiber Optic,30,0,0,0,0,1,1,0,1,Month-to-Month,1,Bank Withdrawal,89.3,89.3,0.0,0,30.23,119.53,1,Churned,Yes,85,3067,Competitor,Competitor had better devices,0.86
9837-BMCLM,Male,39,No,No,No,No,0,United States,California,Stockton,95202,37.959706,-121.287669,7071,Q3,0,0,3,,1,31.88,0,Yes,Fiber Optic,7,0,0,0,0,1,0,0,1,Month-to-Month,1,Bank Withdrawal,78.5,242.05,0.0,0,95.64,337.69,2,Churned,Yes,71,3567,Price,Long distance charges,0.99
5567-WSELE,Male,70,No,Yes,Yes,No,0,United States,California,Richmond,94801,37.945288,-122.383941,28450,Q3,1,1,3,Offer E,1,32.31,1,Yes,Fiber Optic,27,0,0,0,0,1,1,0,1,Month-to-Month,1,Bank Withdrawal,94.6,279.55,0.0,0,96.93,376.48,1,Churned,Yes,87,3019,Competitor,Competitor had better devices,0.99
7638-QVMVY,Female,63,No,No,No,No,0,United States,California,Visalia,93292,36.37559,-119.211689,30395,Q3,0,0,7,,1,26.09,0,Yes,Fiber Optic,2,0,0,0,0,1,0,0,1,Month-to-Month,1,Bank Withdrawal,79.0,522.95,0.0,0,182.63,705.58,2,Churned,Yes,92,3735,Attitude,Attitude of support person,0.92
7568-PODML,Male,34,No,No,No,No,0,United States,California,Watsonville,95076,36.931654,-121.752383,81141,Q3,0,0,1,,0,0.0,0,Yes,DSL,18,0,0,0,0,1,1,1,1,Month-to-Month,1,Mailed Check,45.3,45.3,0.0,0,0.0,45.3,1,Churned,Yes,69,4954,Competitor,Competitor had better devices,0.98
5956-VKDTT,Female,72,No,Yes,Yes,No,0,United States,California,Moreno Valley,92557,33.970661,-117.255039,46214,Q3,1,4,5,Offer E,1,45.76,1,Yes,Fiber Optic,22,0,0,0,0,0,0,0,1,Month-to-Month,1,Bank Withdrawal,74.35,334.8,0.0,0,228.8,563.6,1,Churned,Yes,82,5273,Dissatisfaction,Product dissatisfaction,0.97
1820-TQVEV,Male,27,Yes,No,No,No,0,United States,California,Madera,93638,37.004068,-119.930027,49247,Q3,0,0,1,Offer E,1,49.43,0,Yes,Fiber Optic,48,0,0,0,0,0,0,1,1,Month-to-Month,1,Bank Withdrawal,69.55,69.55,0.0,0,49.43,118.98,2,Churned,Yes,76,3042,Attitude,Attitude of support person,0.99
0318-QUUOB,Male,25,Yes,No,Yes,No,0,United States,California,Santa Rosa,95403,38.488431,-122.752839,40270,Q3,1,1,1,,1,43.67,0,Yes,Fiber Optic,73,0,0,0,0,1,0,1,0,Month-to-Month,1,Bank Withdrawal,80.55,80.55,0.0,0,43.67,124.22,1,Churned,Yes,91,4273,Competitor,Competitor had better devices,1.0
2074-GKOWZ,Male,49,No,No,Yes,No,0,United States,California,Novato,94947,38.112166,-122.634384,24741,Q3,1,1,2,Offer E,1,8.86,0,Yes,Fiber Optic,23,0,0,0,0,1,1,1,1,Month-to-Month,1,Bank Withdrawal,89.55,185.55,0.0,0,17.72,203.27,1,Churned,Yes,73,3851,Competitor,Competitor had better devices,0.99
3194-ORPIK,Female,59,No,No,Yes,No,0,United States,California,San Diego,92113,32.697098,-117.116587,47431,Q3,1,1,50,,1,35.33,1,Yes,Fiber Optic,17,0,0,0,0,1,0,0,1,Month-to-Month,1,Bank Withdrawal,84.4,4116.15,0.0,0,1766.5,5882.65,1,Churned,Yes,80,5135,Competitor,Competitor had better devices,0.97
1501-SGHBW,Male,34,No,No,No,No,0,United States,California,Guatay,91931,32.857946,-116.561917,796,Q3,0,0,2,,1,19.52,0,Yes,Cable,16,0,0,0,0,0,0,0,1,Month-to-Month,0,Credit Card,45.85,81.0,0.0,0,39.04,120.04,1,Churned,Yes,81,3843,Competitor,Competitor made better offer,0.91
3583-EKAPL,Male,25,Yes,No,No,No,0,United States,California,Redlands,92373,34.003243,-117.138286,31230,Q3,0,0,1,,1,47.22,0,Yes,Cable,53,0,0,0,0,0,1,1,1,Month-to-Month,1,Bank Withdrawal,55.0,55.0,0.0,0,47.22,102.22,1,Churned,Yes,71,4877,Competitor,Competitor had better devices,1.0
3244-DCJWY,Female,27,Yes,No,No,No,0,United States,California,Bakersfield,93312,35.392599,-119.245341,40836,Q3,0,0,1,Offer E,1,23.0,0,Yes,Fiber Optic,59,0,0,0,0,0,0,0,1,Month-to-Month,1,Bank Withdrawal,70.25,70.25,0.0,0,23.0,93.25,1,Churned,Yes,89,4133,Competitor,Competitor had better devices,0.98
4143-OOBWZ,Male,33,No,No,Yes,No,0,United States,California,Fresno,93726,36.793601,-119.761131,39148,Q3,0,0,5,Offer E,1,25.11,1,Yes,Fiber Optic,26,0,1,0,0,0,0,0,1,Month-to-Month,1,Bank Withdrawal,81.3,416.3,0.0,0,125.55,541.85,2,Churned,Yes,91,3819,Attitude,Attitude of service provider,0.97
4078-SAYYN,Female,45,No,No,No,No,0,United States,California,Burbank,91502,34.177267,-118.31003,11517,Q3,0,0,11,,1,48.64,1,Yes,Fiber Optic,28,0,0,1,0,1,1,1,1,Month-to-Month,1,Bank Withdrawal,100.75,1129.75,0.0,0,535.04,1664.79,2,Churned,Yes,65,2229,Price,Long distance charges,0.98
4735-ASGMA,Male,55,No,No,No,No,0,United States,California,Carnelian Bay,96140,39.227434,-120.091806,1943,Q3,0,0,26,,1,40.17,1,Yes,Fiber Optic,27,0,0,1,0,1,1,1,1,Month-to-Month,1,Bank Withdrawal,98.35,2515.3,0.0,0,1044.42,3559.7200000000003,1,Churned,Yes,91,4997,Competitor,Competitor had better devices,0.98
4229-CZMLL,Male,49,No,No,No,No,0,United States,California,Salinas,93901,36.64152,-121.622188,35739,Q3,0,0,6,,1,6.32,1,Yes,Fiber Optic,11,0,0,0,0,0,0,0,1,Month-to-Month,1,Bank Withdrawal,74.9,469.8,0.0,0,37.92,507.72,1,Churned,Yes,87,4160,Dissatisfaction,Service dissatisfaction,0.99
8225-BTJAU,Male,75,No,Yes,No,No,0,United States,California,Stinson Beach,94970,37.921137,-122.657562,781,Q3,0,0,10,Offer D,1,7.51,0,Yes,Fiber Optic,18,0,0,0,0,0,1,0,1,Month-to-Month,1,Bank Withdrawal,79.25,793.55,0.0,0,75.1,868.65,1,Churned,Yes,87,3856,Competitor,Competitor had better devices,0.97
1724-BQUHA,Male,67,No,Yes,No,No,0,United States,California,Los Gatos,95032,37.233034,-121.947427,24443,Q3,0,0,5,,1,45.72,0,Yes,Fiber Optic,6,0,0,0,0,1,1,0,1,Month-to-Month,1,Bank Withdrawal,89.5,477.7,0.0,0,228.6,706.3,2,Churned,Yes,66,2718,Attitude,Attitude of support person,0.78
4826-XTSOH,Male,66,No,Yes,Yes,No,0,United States,California,Moss Landing,95039,36.863303,-121.781632,899,Q3,0,0,1,,1,38.78,1,Yes,Fiber Optic,23,0,0,0,0,1,0,0,1,Month-to-Month,1,Bank Withdrawal,86.05,86.05,0.0,0,38.78,124.83,1,Churned,Yes,96,4843,Competitor,Competitor had better devices,0.96
0841-NULXI,Male,38,No,No,No,No,0,United States,California,Stockton,95209,38.044523,-121.348048,30814,Q3,0,0,1,,0,0.0,0,Yes,DSL,26,0,0,0,0,0,1,1,1,Month-to-Month,1,Bank Withdrawal,35.55,35.55,0.0,0,0.0,35.55,1,Churned,Yes,71,3958,Other,Don't know,0.97
1157-BQCUW,Male,59,No,No,No,No,0,United States,California,Fall River Mills,96028,41.017282,-121.468945,1902,Q3,0,0,1,Offer E,1,30.07,1,Yes,Fiber Optic,26,0,0,0,0,0,0,0,1,Month-to-Month,1,Bank Withdrawal,74.95,74.95,0.0,0,30.07,105.02,1,Churned,Yes,82,2591,Competitor,Competitor had better devices,0.93
1976-CFOCS,Female,69,No,Yes,Yes,No,0,United States,California,Dana Point,92629,33.477923,-117.705314,27730,Q3,1,1,1,,1,7.74,0,Yes,DSL,19,0,0,0,0,0,0,0,1,Month-to-Month,0,Bank Withdrawal,46.0,46.0,0.0,0,7.74,53.74,1,Churned,Yes,67,4531,Competitor,Competitor had better devices,0.82
9747-DDZOS,Female,50,No,No,No,No,0,United States,California,Eldridge,95431,38.348884,-122.51699,363,Q3,0,0,1,,1,3.84,0,Yes,Fiber Optic,2,0,0,1,0,0,0,0,1,Month-to-Month,0,Bank Withdrawal,73.5,73.5,0.0,0,3.84,77.34,2,Churned,Yes,74,4378,Dissatisfaction,Network reliability,0.78
2506-TNFCO,Female,76,No,Yes,Yes,No,0,United States,California,Riverside,92509,34.004379,-117.447864,63999,Q3,1,1,1,,1,12.46,0,Yes,Fiber Optic,22,0,0,0,0,0,0,0,1,Month-to-Month,1,Bank Withdrawal,69.55,69.55,0.0,0,12.46,82.00999999999999,2,Churned,Yes,67,5948,Dissatisfaction,Network reliability,0.82
4844-JJWUY,Female,65,No,Yes,No,No,0,United States,California,San Francisco,94121,37.776718,-122.495781,42476,Q3,0,0,1,Offer E,1,28.82,0,Yes,Fiber Optic,22,0,1,0,0,0,1,1,1,Month-to-Month,1,Bank Withdrawal,86.0,86.0,0.0,0,28.82,114.82,1,Churned,Yes,82,5359,Competitor,Competitor made better offer,0.93
9576-ANLXO,Female,30,No,No,No,No,0,United States,California,Earlimart,93219,35.858054,-119.305858,9318,Q3,0,0,3,,1,26.26,0,Yes,Fiber Optic,30,0,0,0,0,0,0,0,1,Month-to-Month,1,Bank Withdrawal,69.55,222.3,0.0,0,78.78,301.08000000000004,1,Churned,Yes,87,2876,Competitor,Competitor offered higher download speeds,0.93
7932-WPTDS,Female,77,No,Yes,Yes,No,0,United States,California,San Diego,92126,32.886925,-117.152162,74232,Q3,1,1,1,,0,0.0,0,Yes,DSL,19,0,0,0,0,0,0,0,1,Month-to-Month,1,Bank Withdrawal,24.8,24.8,0.0,0,0.0,24.8,1,Churned,Yes,73,5377,Competitor,Competitor made better offer,0.97
5597-GLBUC,Female,48,No,No,No,No,0,United States,California,Squaw Valley,93675,36.719141,-119.202677,3146,Q3,0,0,1,Offer E,1,22.97,0,Yes,Fiber Optic,23,0,0,1,0,1,0,0,1,Month-to-Month,1,Bank Withdrawal,85.45,85.45,0.0,0,22.97,108.42,2,Churned,Yes,95,4931,Price,Lack of affordable download/upload speed,0.91
2430-USGXP,Male,44,No,No,Yes,No,0,United States,California,Santa Fe Springs,90670,33.933565,-118.062611,16271,Q3,1,1,24,,1,34.62,1,Yes,Fiber Optic,23,0,0,1,0,1,1,1,1,Month-to-Month,1,Bank Withdrawal,101.05,2391.8,0.0,0,830.8799999999999,3222.6800000000003,1,Churned,Yes,66,4766,Price,Lack of affordable download/upload speed,0.92
6087-MVHJH,Female,44,No,No,No,No,0,United States,California,French Camp,95231,37.873283,-121.292034,5094,Q3,0,0,16,Offer D,1,17.8,1,Yes,Fiber Optic,5,0,0,1,0,0,1,1,0,Month-to-Month,1,Bank Withdrawal,88.45,1422.1,0.0,140,284.8,1846.9,2,Churned,Yes,88,5186,Other,Don't know,0.99
8992-JQYUN,Male,40,No,No,Yes,No,0,United States,California,San Fernando,91340,34.286131,-118.435969,33389,Q3,1,1,1,Offer E,0,0.0,0,Yes,DSL,20,0,0,1,0,1,1,1,1,Month-to-Month,1,Bank Withdrawal,50.35,50.35,0.0,0,0.0,50.35,1,Churned,Yes,65,4526,Competitor,Competitor offered more data,0.98
5797-APWZC,Female,41,No,No,No,No,0,United States,California,San Francisco,94105,37.789168,-122.395009,2066,Q3,0,0,1,Offer E,1,31.68,0,Yes,Fiber Optic,22,0,0,0,0,1,1,1,1,Month-to-Month,0,Bank Withdrawal,90.6,90.6,0.0,0,31.68,122.28,1,Churned,Yes,92,2540,Competitor,Competitor offered higher download speeds,0.91
3750-CKVKH,Male,58,No,No,No,No,0,United States,California,Clearlake Oaks,95423,39.07116,-122.598542,3684,Q3,0,0,2,,1,11.75,0,Yes,Fiber Optic,4,0,0,0,0,0,0,0,1,Month-to-Month,1,Bank Withdrawal,67.75,116.65,0.0,0,23.5,140.15,2,Churned,Yes,71,2299,Other,Don't know,1.0
9221-OTIVJ,Female,80,No,Yes,No,No,0,United States,California,Dunlap,93621,36.789213,-119.140338,506,Q3,0,0,14,,1,29.96,1,Yes,Fiber Optic,7,0,1,1,0,1,1,0,1,Month-to-Month,1,Bank Withdrawal,104.85,1531.4,0.0,0,419.44,1950.84,1,Churned,Yes,86,2292,Dissatisfaction,Product dissatisfaction,0.97
8019-ENHXU,Male,50,No,No,Yes,No,0,United States,California,Oakland,94601,37.776523,-122.219268,54876,Q3,1,1,42,Offer B,1,34.65,1,Yes,Fiber Optic,9,0,1,1,1,0,1,1,0,Month-to-Month,1,Bank Withdrawal,99.45,4138.05,30.46,140,1455.3,5702.89,2,Churned,Yes,96,4624,Dissatisfaction,Network reliability,0.99
3834-XUIFC,Male,23,Yes,No,No,No,0,United States,California,Long Beach,90814,33.771612,-118.143866,19034,Q3,0,0,7,Offer E,1,18.83,1,Yes,Fiber Optic,26,0,0,0,0,0,1,1,1,Month-to-Month,1,Credit Card,85.2,602.55,0.0,0,131.81,734.3599999999999,1,Churned,Yes,86,3905,Attitude,Attitude of support person,1.0
5442-XSDCW,Male,61,No,No,Yes,No,0,United States,California,San Diego,92130,32.957195,-117.202542,28201,Q3,1,1,11,Offer D,1,13.33,0,Yes,Fiber Optic,19,0,0,0,0,1,0,0,0,Month-to-Month,1,Bank Withdrawal,79.5,868.5,0.0,50,146.63,1065.13,1,Churned,Yes,91,3469,Competitor,Competitor made better offer,0.98
6221-AVQYL,Male,37,No,No,No,No,0,United States,California,Glendale,91203,34.153338,-118.262974,14493,Q3,0,0,2,,1,2.96,1,Yes,Fiber Optic,15,0,0,0,0,0,0,0,1,Month-to-Month,1,Credit Card,73.25,131.05,0.0,0,5.92,136.97,1,Churned,Yes,78,2919,Price,Price too high,0.94
7595-EUIVN,Female,53,No,No,No,No,0,United States,California,Clearlake,95422,38.965804,-122.631779,13485,Q3,0,0,1,,1,14.48,0,Yes,Fiber Optic,26,0,1,0,0,0,0,0,1,Month-to-Month,0,Bank Withdrawal,75.8,75.8,0.0,0,14.48,90.28,1,Churned,Yes,70,3940,Competitor,Competitor had better devices,0.89
0970-ETWGE,Male,38,No,No,No,No,0,United States,California,Bodfish,93205,35.523991,-118.400432,1954,Q3,0,0,1,Offer E,1,42.46,0,Yes,Cable,27,0,0,0,0,1,1,1,1,Month-to-Month,1,Bank Withdrawal,89.55,89.55,0.0,0,42.46,132.01,2,Churned,Yes,91,4996,Competitor,Competitor had better devices,0.99
2462-XIIJB,Male,33,No,No,No,No,0,United States,California,Miranda,95553,40.210895,-123.86,867,Q3,0,0,5,,1,3.25,1,Yes,Fiber Optic,25,0,0,1,0,1,0,0,1,Month-to-Month,1,Bank Withdrawal,92.5,452.7,0.0,0,16.25,468.95,2,Churned,Yes,73,2810,Competitor,Competitor offered more data,0.99
7254-IQWOZ,Male,30,No,No,No,No,0,United States,California,Redding,96001,40.587919,-122.464732,31586,Q3,0,0,1,Offer E,1,28.7,0,Yes,Fiber Optic,69,0,0,0,0,0,0,0,1,Month-to-Month,1,Bank Withdrawal,69.65,69.65,0.0,0,28.7,98.35,1,Churned,Yes,67,5258,Dissatisfaction,Network reliability,0.97
0564-JJHGS,Male,45,No,No,No,No,0,United States,California,Guerneville,95446,38.52576,-123.013347,4913,Q3,0,0,9,,1,19.22,1,Yes,Fiber Optic,10,0,0,0,0,1,1,1,1,Month-to-Month,1,Bank Withdrawal,95.5,829.1,0.0,0,172.98,1002.08,2,Churned,Yes,90,5007,Dissatisfaction,Limited range of services,0.98
4919-IKATY,Male,64,No,No,Yes,No,0,United States,California,San Diego,92126,32.886925,-117.152162,74232,Q3,1,3,5,Offer E,1,36.88,1,Yes,Fiber Optic,8,1,0,1,0,0,0,0,1,Month-to-Month,1,Bank Withdrawal,84.5,453.75,0.0,0,184.4,638.15,1,Churned,Yes,91,5141,Competitor,Competitor made better offer,0.78
1891-UAWWU,Female,79,No,Yes,Yes,No,0,United States,California,Johannesburg,93528,35.363339,-117.637641,207,Q3,1,1,20,,1,4.77,1,Yes,Fiber Optic,17,0,0,1,0,1,0,0,1,Month-to-Month,0,Bank Withdrawal,90.8,1951.0,0.0,0,95.4,2046.4,1,Churned,Yes,87,2312,Competitor,Competitor had better devices,0.99
5539-TMZLF,Male,69,No,Yes,No,No,0,United States,California,Concord,94520,38.013825,-122.039144,36186,Q3,0,0,1,,1,33.84,0,Yes,Fiber Optic,5,0,0,0,0,0,0,0,1,Month-to-Month,1,Bank Withdrawal,69.75,69.75,0.0,0,33.84,103.59,1,Churned,Yes,69,5057,Competitor,Competitor had better devices,0.97
1963-SVUCV,Male,59,No,No,No,No,0,United States,California,Flournoy,96029,39.84784,-122.544556,84,Q3,0,0,1,,1,28.37,0,Yes,DSL,7,0,0,0,0,0,0,0,0,Month-to-Month,0,Bank Withdrawal,45.3,45.3,0.0,30,28.37,103.67,2,Churned,Yes,78,5774,Competitor,Competitor offered higher download speeds,0.99
8844-TONUD,Male,54,No,No,Yes,No,0,United States,California,Acampo,95220,38.200231,-121.235034,6317,Q3,1,4,13,Offer D,1,45.6,0,Yes,Fiber Optic,11,0,0,1,0,1,1,1,1,Month-to-Month,1,Mailed Check,96.65,1162.85,0.0,0,592.8000000000001,1755.65,1,Churned,Yes,75,5295,Competitor,Competitor had better devices,0.99
5883-GTGVD,Male,54,No,No,No,No,0,United States,California,Biola,93606,36.798882,-120.019511,807,Q3,0,0,19,Offer D,1,2.19,1,Yes,Fiber Optic,18,0,1,0,0,1,1,1,1,Month-to-Month,1,Bank Withdrawal,99.95,1931.75,0.0,0,41.61,1973.36,1,Churned,Yes,76,3670,Competitor,Competitor had better devices,0.97
1583-IHQZE,Male,60,No,No,No,No,0,United States,California,Camarillo,93010,34.227846,-119.079903,42853,Q3,0,0,12,,1,16.45,1,Yes,Cable,23,0,1,1,1,1,1,1,1,Month-to-Month,1,Mailed Check,112.95,1384.75,0.0,0,197.4,1582.15,2,Churned,Yes,90,3965,Attitude,Attitude of support person,0.98
6653-CBBOM,Female,57,No,No,No,No,0,United States,California,Compton,90221,33.885811,-118.206459,51387,Q3,0,0,1,Offer E,1,15.92,0,Yes,Fiber Optic,11,0,0,0,0,0,0,0,1,Month-to-Month,1,Bank Withdrawal,70.3,70.3,0.0,0,15.92,86.22,1,Churned,Yes,88,5963,Dissatisfaction,Service dissatisfaction,0.95
8931-GJJIQ,Female,46,No,No,No,No,0,United States,California,Burlingame,94010,37.57028,-122.365778,40346,Q3,0,0,9,,1,29.7,1,Yes,Fiber Optic,17,0,0,0,0,0,1,1,1,Month-to-Month,1,Bank Withdrawal,83.3,803.3,0.0,0,267.3,1070.6,2,Churned,Yes,90,3520,Attitude,Attitude of support person,0.99
4550-EVXNY,Female,52,No,No,No,No,0,United States,California,San Francisco,94115,37.786031,-122.437301,33122,Q3,0,0,1,Offer E,1,49.24,0,Yes,Fiber Optic,8,0,0,0,0,0,0,0,1,Month-to-Month,1,Bank Withdrawal,69.65,69.65,0.0,0,49.24,118.89,2,Churned,Yes,77,2418,Competitor,Competitor offered higher download speeds,0.96
2737-WFVYW,Female,28,Yes,No,No,No,0,United States,California,Marina Del Rey,90292,33.977468,-118.445475,18058,Q3,0,0,2,,0,0.0,0,Yes,DSL,48,0,0,0,0,1,1,1,0,Month-to-Month,1,Bank Withdrawal,45.25,85.5,0.0,10,0.0,95.5,1,Churned,Yes,74,4566,Dissatisfaction,Product dissatisfaction,0.99
1069-XAIEM,Female,68,No,Yes,No,No,0,United States,California,Mendocino,95460,39.305545,-123.743697,2229,Q3,0,0,1,,1,16.37,1,Yes,Fiber Optic,7,0,0,0,0,0,1,1,1,Month-to-Month,1,Bank Withdrawal,85.05,85.05,0.0,0,16.37,101.42,1,Churned,Yes,96,2975,Competitor,Competitor had better devices,0.99
1925-TIBLE,Female,62,No,No,Yes,No,0,United States,California,Los Angeles,90049,34.091829,-118.491244,33523,Q3,1,1,7,,1,22.61,1,Yes,Fiber Optic,11,0,0,0,0,1,0,0,0,Month-to-Month,1,Bank Withdrawal,86.5,582.5,0.0,20,158.26999999999998,760.77,1,Churned,Yes,74,3887,Competitor,Competitor offered higher download speeds,0.96
1833-VGRUM,Female,70,No,Yes,No,No,0,United States,California,Perris,92570,33.787298,-117.320676,36817,Q3,0,0,1,Offer E,1,48.95,1,Yes,Fiber Optic,23,0,0,0,0,0,0,0,1,Month-to-Month,1,Bank Withdrawal,74.2,74.2,0.0,0,48.95,123.15,2,Churned,Yes,71,4684,Price,Price too high,0.99
2968-SSGAA,Female,41,No,No,No,No,0,United States,California,San Francisco,94117,37.770533,-122.445121,38756,Q3,0,0,10,,1,45.21,1,Yes,Fiber Optic,3,0,0,1,0,1,1,1,1,Month-to-Month,1,Bank Withdrawal,100.6,1060.2,0.0,0,452.1,1512.3000000000002,1,Churned,Yes,77,4001,Competitor,Competitor offered more data,0.99
1915-IOFGU,Female,53,No,No,No,No,0,United States,California,Keene,93531,35.214982,-118.59049,1436,Q3,0,0,1,,1,41.39,0,Yes,Fiber Optic,3,0,0,0,0,0,0,0,1,Month-to-Month,0,Bank Withdrawal,70.5,70.5,0.0,0,41.39,111.89,2,Churned,Yes,90,4123,Competitor,Competitor offered higher download speeds,0.97
7377-DMMRI,Male,35,No,No,No,No,0,United States,California,Exeter,93221,36.301689,-119.018233,13333,Q3,0,0,2,Offer E,1,13.73,0,Yes,DSL,11,1,0,0,0,0,0,0,1,Month-to-Month,1,Bank Withdrawal,47.8,92.45,0.0,0,27.46,119.91,1,Churned,Yes,89,4134,Attitude,Attitude of support person,0.98
8199-ZLLSA,Male,53,No,No,No,No,0,United States,California,Tujunga,91042,34.296574,-118.244839,26753,Q3,0,0,67,,1,22.66,1,Yes,Fiber Optic,27,1,1,1,1,1,1,1,1,One Year,1,Bank Withdrawal,118.35,7804.15,0.0,0,1518.22,9322.37,1,Churned,Yes,91,6255,Competitor,Competitor had better devices,0.96
3422-LYEPQ,Male,57,No,No,Yes,No,0,United States,California,Carmel By The Sea,93921,36.554618,-121.922239,2966,Q3,1,1,1,Offer E,1,18.84,0,Yes,Fiber Optic,19,0,0,0,0,0,0,0,1,Month-to-Month,1,Bank Withdrawal,71.0,71.0,0.0,0,18.84,89.84,2,Churned,Yes,89,4207,Attitude,Attitude of support person,0.99
7548-SEPYI,Female,62,No,No,No,No,0,United States,California,Temecula,92592,33.507255,-117.029473,46171,Q3,0,0,5,Offer E,1,32.12,0,Yes,Fiber Optic,10,0,1,0,0,1,1,1,1,Month-to-Month,1,Bank Withdrawal,96.25,512.45,0.0,0,160.6,673.0500000000001,2,Churned,Yes,74,5056,Competitor,Competitor made better offer,0.97
2873-ZLIWT,Female,64,No,No,Yes,No,0,United States,California,Temecula,92592,33.507255,-117.029473,46171,Q3,1,1,40,Offer B,1,2.03,1,Yes,Fiber Optic,19,0,0,1,1,0,0,0,1,Month-to-Month,1,Bank Withdrawal,84.85,3303.05,0.0,0,81.19999999999999,3384.25,2,Churned,Yes,91,5764,Competitor,Competitor made better offer,0.94
3722-WPXTK,Male,23,Yes,No,No,No,0,United States,California,Benton,93512,37.653947,-118.231443,340,Q3,0,0,1,,1,14.26,0,Yes,Fiber Optic,46,0,0,0,0,1,1,1,1,Month-to-Month,1,Bank Withdrawal,88.35,88.35,0.0,0,14.26,102.61,1,Churned,Yes,72,4254,Competitor,Competitor offered higher download speeds,0.94
3428-XZMAZ,Male,64,No,No,No,No,0,United States,California,Turlock,95382,37.529656,-120.854357,24708,Q3,0,0,1,,1,45.86,0,Yes,Fiber Optic,27,0,0,0,0,0,0,0,1,Month-to-Month,1,Bank Withdrawal,69.35,69.35,0.0,0,45.86,115.21,2,Churned,Yes,91,5796,Price,Long distance charges,0.92
3811-VBYBZ,Male,61,No,No,No,No,0,United States,California,Lytle Creek,92358,34.238162,-117.534306,1090,Q3,0,0,7,,1,47.03,1,Yes,Fiber Optic,2,0,1,0,0,1,1,1,0,Month-to-Month,1,Bank Withdrawal,99.8,673.25,0.0,10,329.21000000000004,1012.46,1,Churned,Yes,91,2031,Competitor,Competitor had better devices,0.98
4603-JANFB,Male,51,No,No,No,No,0,United States,California,Glencoe,95232,38.358464,-120.579304,21,Q3,0,0,1,Offer E,1,12.13,0,Yes,Fiber Optic,19,0,0,0,0,0,0,0,1,Month-to-Month,1,Bank Withdrawal,69.85,69.85,0.0,0,12.13,81.97999999999999,1,Churned,Yes,90,4548,Competitor,Competitor had better devices,0.93
4192-GORJT,Male,43,No,No,Yes,No,0,United States,California,Fremont,94555,37.555473,-122.080312,33883,Q3,1,1,5,,1,39.36,0,Yes,Fiber Optic,24,0,0,1,0,1,1,1,1,Month-to-Month,1,Bank Withdrawal,94.45,498.1,0.0,0,196.8,694.9000000000001,1,Churned,Yes,77,4580,Competitor,Competitor had better devices,0.99
5650-VDUDS,Female,48,No,No,No,No,0,United States,California,Kernville,93238,35.852892,-118.397782,1873,Q3,0,0,4,Offer E,0,0.0,0,Yes,Cable,16,0,0,0,0,0,0,0,1,Month-to-Month,1,Mailed Check,24.25,96.05,0.0,0,0.0,96.05,2,Churned,Yes,93,2038,Competitor,Competitor made better offer,0.93
3106-ULWFW,Female,32,No,No,Yes,No,0,United States,California,Fontana,92337,34.049671,-117.468896,29847,Q3,0,0,8,Offer E,1,26.41,1,Yes,Fiber Optic,16,0,0,0,0,0,1,1,1,Month-to-Month,1,Credit Card,85.2,627.4,0.0,0,211.28,838.68,1,Churned,Yes,95,2887,Competitor,Competitor had better devices,0.96
8062-YBDOE,Male,70,No,Yes,No,No,0,United States,California,Canyon Country,91351,34.422519,-118.420717,59259,Q3,0,0,1,,1,7.23,0,Yes,Fiber Optic,2,0,0,0,0,0,0,0,1,Month-to-Month,1,Bank Withdrawal,69.65,69.65,0.0,0,7.23,76.88000000000001,2,Churned,Yes,78,5844,Other,Don't know,0.98
8258-GSTJK,Male,74,No,Yes,No,No,0,United States,California,San Pedro,90732,33.744119,-118.31448,21279,Q3,0,0,3,,1,48.34,1,Yes,Fiber Optic,20,0,0,0,0,0,0,0,1,Month-to-Month,1,Bank Withdrawal,77.0,237.75,0.0,0,145.02,382.77,1,Churned,Yes,96,3128,Competitor,Competitor had better devices,0.98
6502-HCJTI,Male,78,No,Yes,Yes,No,0,United States,California,Lakewood,90712,33.840524,-118.148403,30173,Q3,0,0,7,,1,9.7,1,Yes,Fiber Optic,17,1,1,0,0,0,1,1,1,Month-to-Month,1,Credit Card,94.7,673.1,0.0,0,67.89999999999999,741.0,1,Churned,Yes,75,3591,Attitude,Attitude of service provider,1.0
5275-SQEIZ,Male,64,No,No,No,No,0,United States,California,Ojai,93023,34.581308,-118.931948,21633,Q3,0,0,1,,1,14.91,0,Yes,Fiber Optic,21,0,0,0,0,0,1,1,1,Month-to-Month,1,Credit Card,80.85,80.85,0.0,0,14.91,95.76,1,Churned,Yes,77,3096,Competitor,Competitor had better devices,0.97
5909-ECHUI,Female,49,No,No,No,No,0,United States,California,Oak Run,96069,40.689243,-122.037023,829,Q3,0,0,1,,1,26.14,0,Yes,DSL,22,0,0,0,0,0,1,1,1,Month-to-Month,1,Bank Withdrawal,56.25,56.25,0.0,0,26.14,82.39,1,Churned,Yes,71,3065,Price,Lack of affordable download/upload speed,0.96
8058-INTPH,Female,57,No,No,No,No,0,United States,California,San Diego,92109,32.787836,-117.232376,46086,Q3,0,0,1,,1,22.48,0,Yes,Fiber Optic,5,0,0,0,0,1,0,0,1,Month-to-Month,1,Bank Withdrawal,79.65,79.65,0.0,0,22.48,102.13,3,Churned,Yes,71,2119,Competitor,Competitor made better offer,0.85
3049-SOLAY,Female,21,Yes,No,Yes,No,0,United States,California,San Diego,92109,32.787836,-117.232376,46086,Q3,1,5,3,,1,23.26,1,Yes,Fiber Optic,42,0,0,0,0,1,1,1,0,Month-to-Month,1,Bank Withdrawal,95.2,292.85,0.0,20,69.78,382.63,1,Churned,Yes,86,4176,Competitor,Competitor made better offer,0.98
2180-DXNEG,Female,46,No,No,No,No,0,United States,California,Harbor City,90710,33.798266,-118.300237,24660,Q3,0,0,12,,1,25.54,0,Yes,Fiber Optic,27,0,0,1,0,1,1,1,1,Month-to-Month,1,Bank Withdrawal,96.0,1062.1,0.0,0,306.48,1368.58,1,Churned,Yes,89,5239,Dissatisfaction,Product dissatisfaction,0.94
8780-IXSTS,Female,53,No,No,No,No,0,United States,California,San Diego,92109,32.787836,-117.232376,46086,Q3,0,0,6,,1,1.15,1,Yes,Fiber Optic,3,0,1,0,0,1,0,0,1,Month-to-Month,1,Bank Withdrawal,90.1,521.3,0.0,0,6.8999999999999995,528.1999999999999,1,Churned,Yes,71,5656,Competitor,Competitor made better offer,0.98
4285-GYRQC,Female,63,No,No,Yes,No,0,United States,California,Newport Beach,92662,33.606336,-117.893042,3124,Q3,1,1,7,Offer E,1,44.66,0,Yes,Fiber Optic,26,0,0,1,0,1,0,0,1,Month-to-Month,1,Bank Withdrawal,86.25,587.1,0.0,0,312.62,899.72,2,Churned,Yes,89,3344,Attitude,Attitude of support person,0.82
3746-EUBYR,Male,63,No,No,Yes,No,0,United States,California,Fallbrook,92028,33.362575,-117.299644,42239,Q3,1,1,1,Offer E,1,44.73,1,Yes,Fiber Optic,3,0,0,0,0,0,0,0,1,Month-to-Month,1,Bank Withdrawal,74.6,74.6,0.0,0,44.73,119.32999999999998,1,Churned,Yes,75,5861,Competitor,Competitor made better offer,0.98
1075-BGWOH,Male,69,No,Yes,Yes,No,0,United States,California,Rosemead,91770,34.065108,-118.082791,61623,Q3,1,1,16,,1,15.16,1,Yes,Fiber Optic,7,0,0,1,0,1,1,0,1,Month-to-Month,1,Bank Withdrawal,98.75,1587.55,0.0,0,242.56,1830.11,2,Churned,Yes,87,3392,Attitude,Attitude of support person,0.98
5482-PLVPE,Female,79,No,Yes,No,No,0,United States,California,Daly City,94014,37.691561,-122.445202,47453,Q3,0,0,2,,0,0.0,0,Yes,DSL,11,0,0,0,0,0,0,0,1,Month-to-Month,0,Bank Withdrawal,24.35,41.85,0.0,0,0.0,41.85,1,Churned,Yes,72,3278,Competitor,Competitor had better devices,0.97
3254-YRILK,Male,74,No,Yes,No,No,0,United States,California,Dobbins,95935,39.381174,-121.21191,614,Q3,0,0,19,Offer D,1,39.97,1,Yes,Fiber Optic,9,0,1,0,0,1,0,0,1,Month-to-Month,1,Bank Withdrawal,88.2,1775.8,0.0,0,759.43,2535.23,1,Churned,Yes,69,5683,Competitor,Competitor had better devices,0.95
3801-HMYNL,Male,44,No,No,Yes,No,0,United States,California,Brooks,95606,38.809804,-122.241383,382,Q3,1,1,1,,1,32.35,0,Yes,Fiber Optic,18,0,0,0,0,1,1,1,1,Month-to-Month,0,Mailed Check,89.15,89.15,0.0,0,32.35,121.5,1,Churned,Yes,68,3123,Competitor,Competitor had better devices,0.99
0107-YHINA,Male,59,No,No,No,No,0,United States,California,Los Angeles,90062,34.003553,-118.308933,29299,Q3,0,0,1,,1,40.71,1,Yes,Fiber Optic,25,0,0,1,0,1,1,1,1,Month-to-Month,1,Bank Withdrawal,99.75,99.75,0.0,0,40.71,140.46,1,Churned,Yes,93,4214,Competitor,Competitor had better devices,0.96
1989-PRJHP,Male,75,No,Yes,Yes,No,0,United States,California,Pleasanton,94588,37.685052,-121.912061,28568,Q3,1,1,27,,1,10.6,1,Yes,Fiber Optic,23,0,0,0,0,0,0,0,1,Month-to-Month,1,Bank Withdrawal,75.5,1893.95,0.0,0,286.2,2180.15,1,Churned,Yes,65,2377,Competitor,Competitor had better devices,0.96
4822-RVYBB,Male,75,No,Yes,No,No,0,United States,California,Berkeley,94704,37.871416,-122.246597,21205,Q3,0,0,8,Offer E,1,40.45,1,Yes,Fiber Optic,29,0,0,1,0,1,1,0,1,Month-to-Month,1,Bank Withdrawal,100.6,819.4,0.0,0,323.6,1143.0,1,Churned,Yes,90,5906,Attitude,Attitude of support person,1.0
5868-YWPDW,Male,76,No,Yes,Yes,No,0,United States,California,Sherman Oaks,91423,34.146957,-118.432138,29387,Q3,1,1,6,,1,40.44,0,Yes,Fiber Optic,25,0,1,0,0,0,1,0,1,Month-to-Month,1,Bank Withdrawal,84.2,519.15,0.0,0,242.64,761.79,2,Churned,Yes,72,5834,Dissatisfaction,Limited range of services,0.87
1980-KXVPM,Female,68,No,Yes,No,No,0,United States,California,El Centro,92243,32.770393,-115.60915,43712,Q3,0,0,3,,1,23.82,1,Yes,Fiber Optic,30,0,0,0,0,0,0,0,1,Month-to-Month,1,Credit Card,75.05,256.25,0.0,0,71.46000000000001,327.71000000000004,1,Churned,Yes,83,3553,Competitor,Competitor had better devices,0.98
0655-RBDUG,Male,32,No,No,No,No,0,United States,California,Alviso,95002,37.449537,-121.994813,2147,Q3,0,0,7,Offer E,1,9.25,1,Yes,Fiber Optic,29,0,0,1,0,1,1,1,1,Month-to-Month,1,Bank Withdrawal,98.05,713.0,0.0,0,64.75,777.75,1,Churned,Yes,86,2561,Competitor,Competitor had better devices,0.93
3540-RZJYU,Female,21,Yes,No,No,No,0,United States,California,Zenia,95595,40.170357,-123.417298,259,Q3,0,0,15,,1,20.03,0,Yes,Fiber Optic,59,1,0,0,0,1,0,1,0,Month-to-Month,0,Bank Withdrawal,86.2,1270.2,0.0,100,300.45000000000005,1670.65,1,Churned,Yes,90,5829,Dissatisfaction,Lack of self-service on Website,0.85
2951-QOQTK,Male,28,Yes,No,No,No,0,United States,California,Sacramento,95815,38.608405,-121.449942,25355,Q3,0,0,4,,1,42.33,1,Yes,Fiber Optic,76,0,0,0,1,0,0,1,1,Month-to-Month,0,Credit Card,80.8,332.45,0.0,0,169.32,501.77,2,Churned,Yes,72,5436,Competitor,Competitor offered higher download speeds,1.0
9057-SIHCH,Female,48,No,No,No,No,0,United States,California,Twentynine Palms,92278,34.457829,-116.139589,14104,Q3,0,0,3,Offer E,1,9.95,1,Yes,Fiber Optic,13,0,0,0,0,1,1,1,1,Month-to-Month,1,Bank Withdrawal,96.6,291.9,0.0,0,29.85,321.75,1,Churned,Yes,72,3260,Price,Price too high,0.97
0322-CHQRU,Male,63,No,No,No,No,0,United States,California,Palmdale,93591,34.598221,-117.79593,6787,Q3,0,0,2,,1,25.49,0,Yes,DSL,9,0,0,0,0,0,0,0,1,Month-to-Month,0,Bank Withdrawal,45.35,89.5,0.0,0,50.98,140.48,1,Churned,Yes,81,3478,Competitor,Competitor had better devices,0.98
7663-RGWBC,Male,44,No,No,No,No,0,United States,California,Los Angeles,90049,34.091829,-118.491244,33523,Q3,0,0,1,,1,8.77,0,Yes,DSL,10,0,0,0,0,0,0,0,1,Month-to-Month,1,Credit Card,44.15,44.15,0.0,0,8.77,52.92,1,Churned,Yes,90,4773,Other,Don't know,0.97
6996-KNSML,Female,26,Yes,No,No,No,0,United States,California,Cotati,94931,38.326215,-122.718742,7936,Q3,0,0,1,,1,35.25,0,Yes,Fiber Optic,30,0,0,1,0,0,0,0,1,Month-to-Month,1,Bank Withdrawal,74.9,74.9,0.0,0,35.25,110.15,1,Churned,Yes,73,5919,Competitor,Competitor had better devices,0.77
3006-XIMLN,Female,34,No,No,No,No,0,United States,California,Garden Valley,95633,38.852544,-120.837669,2536,Q3,0,0,2,,1,42.89,1,Yes,Fiber Optic,13,0,0,0,0,1,1,1,1,Month-to-Month,1,Bank Withdrawal,94.2,193.8,0.0,0,85.78,279.58000000000004,2,Churned,Yes,79,5299,Dissatisfaction,Lack of self-service on Website,0.77
5899-MQZZL,Female,25,Yes,No,No,No,0,United States,California,San Ysidro,92173,32.555828,-117.040073,28488,Q3,0,0,13,Offer D,1,6.03,1,Yes,Fiber Optic,48,0,0,0,0,0,0,1,1,Month-to-Month,1,Mailed Check,75.0,999.45,0.0,0,78.39,1077.84,2,Churned,Yes,68,2189,Competitor,Competitor offered higher download speeds,0.89
5240-IJOQT,Male,69,No,Yes,No,No,0,United States,California,Grass Valley,95949,39.099204,-121.137962,17922,Q3,0,0,1,,1,11.34,1,Yes,Fiber Optic,20,0,0,0,0,0,0,0,1,Month-to-Month,1,Bank Withdrawal,74.7,74.7,0.0,0,11.34,86.04,1,Churned,Yes,88,3348,Competitor,Competitor had better devices,0.99
2868-MZAGQ,Male,49,No,No,No,No,0,United States,California,Modesto,95354,37.639029,-120.964772,27135,Q3,0,0,1,Offer E,1,19.98,0,Yes,Fiber Optic,5,0,0,0,0,0,1,1,1,Month-to-Month,1,Bank Withdrawal,79.25,79.25,0.0,0,19.98,99.23,1,Churned,Yes,83,5533,Dissatisfaction,Service dissatisfaction,0.9
6688-UZPWD,Female,36,No,No,Yes,No,0,United States,California,Palm Springs,92262,33.839989,-116.659215,24924,Q3,1,1,11,,1,7.89,1,Yes,Fiber Optic,10,0,1,0,0,1,1,1,1,Month-to-Month,1,Bank Withdrawal,102.0,1145.35,0.0,0,86.78999999999999,1232.14,1,Churned,Yes,88,5750,Competitor,Competitor offered more data,0.95
9134-CEQMF,Male,75,No,Yes,Yes,No,0,United States,California,Nice,95464,39.12334,-122.838198,2223,Q3,1,1,7,Offer E,1,13.63,0,Yes,Fiber Optic,27,0,0,0,0,1,1,0,1,Month-to-Month,1,Bank Withdrawal,89.5,676.7,0.0,0,95.41,772.11,2,Churned,Yes,89,3077,Dissatisfaction,Network reliability,0.98
3793-MMFUH,Female,73,No,Yes,No,No,0,United States,California,Davis,95618,38.544002,-121.685559,648,Q3,0,0,13,,1,19.03,1,Yes,Fiber Optic,24,0,0,0,0,1,1,1,1,Month-to-Month,1,Bank Withdrawal,95.05,1290.0,0.0,0,247.39,1537.39,1,Churned,Yes,90,2230,Competitor,Competitor made better offer,0.97
2485-ITVKB,Female,36,No,No,Yes,No,0,United States,California,Northridge,91325,34.236683,-118.517588,32307,Q3,1,1,2,Offer E,0,0.0,0,Yes,DSL,12,0,0,0,0,0,1,1,0,Month-to-Month,1,Bank Withdrawal,35.1,68.75,0.0,10,0.0,78.75,2,Churned,Yes,78,2643,Attitude,Attitude of support person,0.97
6317-YPKDH,Female,54,No,No,No,No,0,United States,California,Glendale,91202,34.167926,-118.267539,21990,Q3,0,0,1,Offer E,0,0.0,0,Yes,DSL,27,0,1,0,0,0,0,0,1,Month-to-Month,0,Bank Withdrawal,29.95,29.95,0.0,0,0.0,29.95,1,Churned,Yes,95,4534,Competitor,Competitor had better devices,0.99
9961-JBNMK,Male,79,No,Yes,No,No,0,United States,California,Desert Center,92239,33.889605,-115.257009,964,Q3,0,0,21,,1,42.27,0,Yes,Fiber Optic,7,0,0,1,0,1,1,0,1,Month-to-Month,1,Bank Withdrawal,96.8,2030.3,10.2,0,887.6700000000001,2907.77,1,Churned,Yes,87,4317,Dissatisfaction,Product dissatisfaction,0.96
5349-IECLD,Male,61,No,No,No,No,0,United States,California,San Jose,95111,37.284265,-121.827673,57748,Q3,0,0,2,,1,26.05,0,Yes,Fiber Optic,2,0,0,1,0,1,1,1,1,Month-to-Month,0,Bank Withdrawal,94.95,178.1,0.0,0,52.1,230.2,1,Churned,Yes,87,4493,Competitor,Competitor had better devices,0.99
7786-WBJYI,Female,31,No,No,No,No,0,United States,California,San Diego,92130,32.957195,-117.202542,28201,Q3,0,0,4,,1,30.95,1,Yes,Fiber Optic,26,0,1,0,0,0,0,0,1,Month-to-Month,0,Bank Withdrawal,77.95,305.55,0.0,0,123.8,429.35,2,Churned,Yes,89,5365,Competitor,Competitor made better offer,0.79
5442-UTCVD,Male,53,No,No,No,No,0,United States,California,Pittsburg,94565,38.006047,-121.916834,78816,Q3,0,0,3,,1,43.72,1,Yes,Fiber Optic,21,0,0,1,0,0,1,1,1,Month-to-Month,0,Bank Withdrawal,91.85,257.05,0.0,0,131.16,388.21,1,Churned,Yes,91,2704,Attitude,Attitude of service provider,0.98
6366-ZGQGL,Male,60,No,No,No,No,0,United States,California,Pomona,91766,34.042286,-117.756106,69974,Q3,0,0,1,Offer E,0,0.0,0,Yes,Cable,29,0,0,0,0,0,0,0,1,Month-to-Month,0,Bank Withdrawal,24.8,24.8,0.0,0,0.0,24.8,2,Churned,Yes,73,5087,Dissatisfaction,Service dissatisfaction,0.97
6894-LFHLY,Male,79,No,Yes,No,No,0,United States,California,Escondido,92027,33.141265,-116.967221,48690,Q3,0,0,1,,1,8.35,1,Yes,Fiber Optic,23,0,0,0,0,0,0,0,1,Month-to-Month,1,Bank Withdrawal,75.75,75.75,0.0,0,8.35,84.1,1,Churned,Yes,90,5571,Competitor,Competitor made better offer,0.99
3329-WDIOK,Female,56,No,No,No,No,0,United States,California,Edwards,93523,34.966777,-117.961179,7685,Q3,0,0,3,,0,0.0,0,Yes,Cable,25,0,1,0,0,1,1,1,1,Month-to-Month,1,Bank Withdrawal,50.6,155.35,0.0,0,0.0,155.35,1,Churned,Yes,83,4800,Dissatisfaction,Poor expertise of online support,0.98
9804-ICWBG,Male,56,No,No,No,No,0,United States,California,Pacific Palisades,90272,34.079449,-118.548306,22548,Q3,0,0,1,,1,45.5,0,Yes,Fiber Optic,12,0,0,0,0,0,0,0,1,Month-to-Month,1,Bank Withdrawal,69.9,69.9,0.0,0,45.5,115.4,2,Churned,Yes,88,3349,Attitude,Attitude of support person,1.0
3565-UNOCC,Female,65,No,Yes,Yes,No,0,United States,California,Stockton,95209,38.044523,-121.348048,30814,Q3,1,1,29,,1,22.33,1,Yes,Fiber Optic,6,0,0,1,0,1,1,1,1,Month-to-Month,1,Bank Withdrawal,99.05,2952.85,0.0,0,647.5699999999999,3600.42,1,Churned,Yes,82,3179,Competitor,Competitor offered higher download speeds,0.95
8083-YTZES,Male,52,No,No,No,No,0,United States,California,San Diego,92113,32.697098,-117.116587,47431,Q3,0,0,4,,1,47.82,1,Yes,Fiber Optic,13,0,0,0,0,0,0,0,1,Month-to-Month,1,Bank Withdrawal,74.35,265.35,0.0,0,191.28,456.63,1,Churned,Yes,73,3622,Attitude,Attitude of support person,0.92
4501-EQDRN,Female,64,No,No,No,No,0,United States,California,Montclair,91763,34.072121,-117.698319,34447,Q3,0,0,1,,1,21.52,0,Yes,Fiber Optic,25,0,0,0,0,0,0,0,1,Month-to-Month,0,Bank Withdrawal,69.7,69.7,0.0,0,21.52,91.22,2,Churned,Yes,91,4620,Attitude,Attitude of service provider,0.97
7270-BDIOA,Female,60,No,No,No,No,0,United States,California,Maxwell,95955,39.281194,-122.226568,1146,Q3,0,0,22,,1,12.19,1,Yes,Fiber Optic,23,0,0,0,1,1,0,0,1,Month-to-Month,1,Bank Withdrawal,90.0,1993.8,0.0,0,268.18,2261.98,2,Churned,Yes,95,4739,Dissatisfaction,Limited range of services,0.99
2867-UIMSS,Male,24,Yes,No,No,No,0,United States,California,Vernalis,95385,37.609095,-121.263381,274,Q3,0,0,1,,1,35.77,0,Yes,Fiber Optic,69,0,0,0,0,0,1,1,1,Month-to-Month,0,Bank Withdrawal,80.5,80.5,0.0,0,35.77,116.27,1,Churned,Yes,85,2734,Dissatisfaction,Product dissatisfaction,0.98
1374-DMZUI,Female,65,No,Yes,No,No,0,United States,California,San Ramon,94583,37.766556,-121.976784,44078,Q3,0,0,4,Offer E,1,49.5,1,Yes,Fiber Optic,23,0,0,0,0,1,1,1,1,Month-to-Month,1,Bank Withdrawal,94.3,424.45,0.0,0,198.0,622.45,2,Churned,Yes,91,5419,Competitor,Competitor made better offer,0.9
5192-EBGOV,Female,68,No,Yes,No,No,0,United States,California,Brea,92823,33.924143,-117.79387,1408,Q3,0,0,1,,1,45.81,1,Yes,Fiber Optic,21,0,0,0,0,1,0,0,1,Month-to-Month,1,Bank Withdrawal,85.7,85.7,0.0,0,45.81,131.51,1,Churned,Yes,66,4880,Competitor,Competitor had better devices,0.98
7249-WBIYX,Male,63,No,No,Yes,No,0,United States,California,Elmira,95625,38.349195,-121.902943,171,Q3,1,1,10,,1,30.1,1,Yes,Cable,29,0,0,0,0,1,0,0,1,Month-to-Month,1,Bank Withdrawal,85.6,813.85,0.0,0,301.0,1114.85,2,Churned,Yes,70,5146,Competitor,Competitor offered more data,0.93
1579-KLYDT,Male,31,No,No,No,No,0,United States,California,Hickman,95323,37.605926,-120.69955,1055,Q3,0,0,7,Offer E,1,35.91,1,Yes,Fiber Optic,27,0,0,1,0,1,0,0,1,Month-to-Month,1,Bank Withdrawal,90.45,593.45,0.0,0,251.37,844.82,2,Churned,Yes,91,5356,Competitor,Competitor made better offer,0.99
3223-WZWJM,Male,36,No,No,No,No,0,United States,California,Petrolia,95558,40.274302,-124.210902,300,Q3,0,0,26,,1,14.3,1,Yes,Fiber Optic,20,0,0,0,0,0,1,1,1,Month-to-Month,1,Bank Withdrawal,83.95,2254.2,0.0,0,371.8,2626.0,1,Churned,Yes,85,5869,Competitor,Competitor offered higher download speeds,0.95
0302-JOIVN,Female,47,No,No,Yes,No,0,United States,California,San Diego,92109,32.787836,-117.232376,46086,Q3,1,1,8,,1,16.88,0,Yes,Fiber Optic,6,0,1,1,0,1,1,1,1,Month-to-Month,0,Bank Withdrawal,101.15,842.9,0.0,0,135.04,977.94,2,Churned,Yes,76,2750,Competitor,Competitor made better offer,0.9
5366-IJEQJ,Male,20,Yes,No,No,No,0,United States,California,San Diego,92109,32.787836,-117.232376,46086,Q3,0,0,20,Offer D,1,5.54,1,Yes,Fiber Optic,59,0,0,1,0,1,0,0,1,Month-to-Month,1,Bank Withdrawal,88.7,1761.45,0.0,0,110.8,1872.25,1,Churned,Yes,86,4115,Other,Don't know,0.88
9940-RHLFB,Female,53,No,No,No,No,0,United States,California,Sunset Beach,90742,33.719221,-118.073596,1107,Q3,0,0,1,Offer E,1,26.06,0,Yes,Fiber Optic,3,0,0,1,0,0,0,0,1,Month-to-Month,0,Bank Withdrawal,75.3,75.3,0.0,0,26.06,101.36,1,Churned,Yes,66,2176,Competitor,Competitor made better offer,0.98
3550-SAHFP,Female,51,No,No,No,No,0,United States,California,Saint Helena,94574,38.581354,-122.296283,9423,Q3,0,0,33,,1,20.29,1,Yes,Fiber Optic,30,0,0,0,0,0,1,1,0,Month-to-Month,1,Bank Withdrawal,83.35,2757.85,0.0,40,669.5699999999999,3467.42,2,Churned,Yes,66,5456,Price,Price too high,0.94
1450-GALXR,Female,33,No,No,No,No,0,United States,California,Friant,93626,37.027663,-119.69056,1125,Q3,0,0,10,,1,14.53,1,Yes,Fiber Optic,30,0,0,0,1,1,1,1,0,Month-to-Month,1,Bank Withdrawal,98.5,1058.25,0.0,110,145.29999999999998,1313.55,1,Churned,Yes,74,5184,Competitor,Competitor had better devices,0.94
0345-HKJVM,Female,43,No,No,No,No,0,United States,California,San Diego,92109,32.787836,-117.232376,46086,Q3,0,0,6,,1,2.6,0,Yes,Fiber Optic,22,0,0,0,0,1,1,1,1,Month-to-Month,0,Bank Withdrawal,89.3,577.6,0.0,0,15.6,593.2,1,Churned,Yes,91,5800,Other,Don't know,0.99
4971-PUYQO,Female,48,No,No,No,No,0,United States,California,San Diego,92109,32.787836,-117.232376,46086,Q3,0,0,27,,1,11.09,1,Yes,Fiber Optic,6,0,0,0,0,1,1,1,1,Month-to-Month,1,Mailed Check,94.55,2724.6,0.0,0,299.43,3024.0299999999997,2,Churned,Yes,89,4464,Competitor,Competitor made better offer,0.98
3070-DVEYC,Male,78,No,Yes,No,No,0,United States,California,Williams,95987,39.117537,-122.284654,4579,Q3,0,0,7,,1,32.4,1,Yes,Fiber Optic,7,0,0,0,0,0,0,0,1,Month-to-Month,0,Credit Card,73.75,545.15,0.0,0,226.8,771.9499999999999,2,Churned,Yes,84,5638,Attitude,Attitude of support person,0.94
1564-NTYXF,Female,79,No,Yes,No,No,0,United States,California,San Marcos,92078,33.119028,-117.166036,6760,Q3,0,0,13,,1,4.45,1,Yes,Fiber Optic,25,0,0,0,0,0,1,0,1,Month-to-Month,1,Bank Withdrawal,82.0,1127.2,0.0,0,57.85,1185.05,2,Churned,Yes,91,3363,Attitude,Attitude of support person,0.88
3656-TKRVZ,Female,19,Yes,No,No,No,0,United States,California,Chula Vista,91910,32.636792,-117.054989,74025,Q3,0,0,3,,1,1.24,0,Yes,DSL,52,1,1,0,0,0,0,1,1,Month-to-Month,0,Bank Withdrawal,55.35,165.2,0.0,0,3.72,168.92,2,Churned,Yes,65,5787,Competitor,Competitor offered more data,0.95
5261-QSHQM,Female,31,No,No,No,No,0,United States,California,Temecula,92592,33.507255,-117.029473,46171,Q3,0,0,4,Offer E,0,0.0,0,Yes,DSL,9,0,0,0,0,0,0,0,1,Month-to-Month,1,Bank Withdrawal,24.45,86.6,0.0,0,0.0,86.6,1,Churned,Yes,70,4909,Competitor,Competitor made better offer,0.98
7854-FOKSF,Male,54,No,No,No,No,0,United States,California,Rosamond,93560,34.903052,-118.411251,14931,Q3,0,0,1,Offer E,0,0.0,0,Yes,Cable,29,0,0,0,0,0,1,1,1,Month-to-Month,0,Bank Withdrawal,35.9,35.9,0.0,0,0.0,35.9,1,Churned,Yes,93,4747,Competitor,Competitor offered higher download speeds,0.98
4581-SSPWD,Female,63,No,No,No,No,0,United States,California,Mountain View,94040,37.380662,-122.086022,32143,Q3,0,0,3,Offer E,1,5.2,1,Yes,Fiber Optic,23,0,0,0,0,0,0,0,0,Month-to-Month,1,Bank Withdrawal,75.8,246.3,0.0,10,15.6,271.90000000000003,1,Churned,Yes,93,5475,Competitor,Competitor had better devices,0.94
1704-NRWYE,Female,79,No,Yes,No,No,0,United States,California,Point Reyes Station,94956,38.060264,-122.830646,1885,Q3,0,0,9,,1,43.34,0,Yes,Fiber Optic,2,0,0,0,0,1,0,0,1,Month-to-Month,1,Bank Withdrawal,80.85,751.65,0.0,0,390.06000000000006,1141.71,2,Churned,Yes,71,5242,Attitude,Attitude of support person,0.79
7089-IVVAZ,Female,26,Yes,No,No,No,0,United States,California,Cantua Creek,93608,36.488056,-120.407691,1766,Q3,0,0,8,Offer E,1,19.68,1,Yes,Fiber Optic,41,1,0,0,1,1,1,1,1,Month-to-Month,1,Bank Withdrawal,103.35,847.3,0.0,0,157.44,1004.74,1,Churned,Yes,71,2363,Competitor,Competitor offered more data,0.95
6899-PPEEA,Female,66,No,Yes,No,No,0,United States,California,Vallejo,94590,38.104705,-122.247387,37218,Q3,0,0,37,,1,3.3,1,Yes,Fiber Optic,2,0,0,0,0,1,1,0,1,Month-to-Month,1,Bank Withdrawal,96.55,3580.3,0.0,0,122.1,3702.4,2,Churned,Yes,81,4448,Attitude,Attitude of service provider,0.98
6161-UUUTA,Male,77,No,Yes,No,No,0,United States,California,Stockton,95206,37.902422,-121.440029,49657,Q3,0,0,3,,1,2.98,0,Yes,Fiber Optic,3,0,0,0,0,1,0,0,1,Month-to-Month,1,Bank Withdrawal,79.9,260.9,0.0,0,8.94,269.84,2,Churned,Yes,90,4367,Price,Price too high,0.99
0947-IDHRQ,Female,21,Yes,No,No,No,0,United States,California,Woodland Hills,91367,34.178068,-118.615714,36123,Q3,0,0,7,,1,39.21,0,Yes,Fiber Optic,42,0,0,0,0,1,0,1,0,Month-to-Month,1,Mailed Check,80.3,526.7,0.0,10,274.47,811.1700000000001,2,Churned,Yes,75,3949,Competitor,Competitor made better offer,0.91
4587-VVTOX,Female,23,Yes,No,Yes,No,0,United States,California,Frazier Park,93222,34.907911,-119.234281,1526,Q3,1,1,6,Offer E,1,27.44,1,Yes,Fiber Optic,58,0,1,1,0,1,1,1,1,Month-to-Month,1,Bank Withdrawal,105.3,545.2,0.0,0,164.64,709.84,1,Churned,Yes,90,4163,Competitor,Competitor offered more data,0.97
8382-SHQEH,Female,58,No,No,Yes,No,0,United States,California,Rancho Cucamonga,91739,34.133809,-117.523724,12937,Q3,1,1,8,,1,29.0,1,Yes,Fiber Optic,30,0,0,0,0,0,1,1,1,Month-to-Month,1,Bank Withdrawal,84.9,764.95,0.0,0,232.0,996.95,1,Churned,Yes,85,2656,Price,Long distance charges,0.96
8739-WWKDU,Male,69,No,Yes,No,No,0,United States,California,San Diego,92109,32.787836,-117.232376,46086,Q3,0,0,25,,1,18.46,1,Yes,Fiber Optic,3,0,1,0,0,1,0,0,1,Month-to-Month,1,Bank Withdrawal,89.5,2196.15,0.0,0,461.5,2657.65,1,Churned,Yes,90,4849,Competitor,Competitor had better devices,0.95
8063-GBATB,Female,74,No,Yes,No,No,0,United States,California,Cobb,95426,38.838088,-122.73203,1591,Q3,0,0,27,,1,31.17,1,Yes,Fiber Optic,25,0,0,0,0,0,1,1,1,Month-to-Month,1,Bank Withdrawal,85.25,2287.25,0.0,0,841.59,3128.84,1,Churned,Yes,80,5172,Competitor,Competitor had better devices,0.94
0723-DRCLG,Female,73,No,Yes,Yes,No,0,United States,California,Fallbrook,92028,33.362575,-117.299644,42239,Q3,1,1,1,,1,31.27,1,Yes,Fiber Optic,11,0,0,0,0,0,0,0,0,Month-to-Month,1,Bank Withdrawal,74.45,74.45,0.0,10,31.27,115.72,2,Churned,Yes,94,2394,Other,Don't know,0.95
0722-TROQR,Female,68,No,Yes,No,No,0,United States,California,Davis,95616,38.508735,-121.678813,67411,Q3,0,0,4,,1,26.23,1,Yes,Fiber Optic,29,0,0,0,0,0,0,0,1,Month-to-Month,1,Bank Withdrawal,74.9,321.75,0.0,0,104.92,426.67,1,Churned,Yes,78,2122,Price,Lack of affordable download/upload speed,0.98
0754-UKWQP,Male,63,No,No,No,No,0,United States,California,Cool,95614,38.880622,-120.973865,3674,Q3,0,0,2,,1,37.43,0,Yes,Fiber Optic,18,0,0,1,0,1,1,1,1,Month-to-Month,1,Bank Withdrawal,95.85,197.7,0.0,0,74.86,272.56,1,Churned,Yes,66,3790,Competitor,Competitor had better devices,1.0
7240-FQLHE,Female,68,No,Yes,Yes,No,0,United States,California,San Diego,92114,32.707892,-117.05512,66838,Q3,1,1,18,,1,25.27,1,Yes,Fiber Optic,15,0,0,0,1,1,1,0,1,Month-to-Month,0,Bank Withdrawal,99.75,1836.25,0.0,0,454.86,2291.11,2,Churned,Yes,68,5857,Attitude,Attitude of support person,0.98
7903-CMPEY,Male,78,No,Yes,Yes,No,0,United States,California,Corte Madera,94925,37.924014,-122.511694,9038,Q3,1,1,1,,1,17.51,1,Yes,Fiber Optic,21,1,0,0,0,0,0,0,1,Month-to-Month,1,Bank Withdrawal,80.3,80.3,0.0,0,17.51,97.81,1,Churned,Yes,87,4138,Competitor,Competitor had better devices,1.0
8685-WHQPW,Female,79,No,Yes,No,No,0,United States,California,San Diego,92110,32.76501,-117.19938,24169,Q3,0,0,22,,1,5.09,1,Yes,Fiber Optic,23,0,0,0,0,0,0,0,0,Month-to-Month,1,Bank Withdrawal,74.4,1692.6,0.0,0,111.98,1804.58,1,Churned,Yes,81,2407,Competitor,Competitor had better devices,0.99
6543-XRMYR,Female,73,No,Yes,No,No,0,United States,California,Stockton,95209,38.044523,-121.348048,30814,Q3,0,0,30,,1,43.61,1,Yes,Fiber Optic,8,0,1,0,0,1,1,0,0,Month-to-Month,1,Bank Withdrawal,99.7,2967.35,0.0,80,1308.3,4355.65,1,Churned,Yes,69,3548,Dissatisfaction,Product dissatisfaction,0.95
8393-DLHGA,Male,55,No,No,No,No,0,United States,California,Palermo,95968,39.435756,-121.552071,1254,Q3,0,0,25,,1,5.27,0,Yes,Fiber Optic,4,0,1,0,0,1,1,1,1,Month-to-Month,1,Bank Withdrawal,95.9,2448.75,0.0,0,131.75,2580.5,1,Churned,Yes,68,2241,Competitor,Competitor offered more data,0.96
5889-LFOLL,Female,27,Yes,No,No,No,0,United States,California,Canby,96015,41.486953,-120.913975,417,Q3,0,0,13,Offer D,1,35.96,1,Yes,Fiber Optic,42,0,0,0,0,0,1,1,1,Month-to-Month,1,Bank Withdrawal,84.6,1115.2,0.0,0,467.48,1582.68,1,Churned,Yes,77,2659,Competitor,Competitor offered more data,0.9
1264-BYWMS,Male,40,No,No,No,No,0,United States,California,La Grange,95329,37.666587,-120.411517,1749,Q3,0,0,55,Offer B,1,47.38,1,Yes,Fiber Optic,29,0,0,0,0,1,1,1,1,Month-to-Month,1,Bank Withdrawal,96.8,5283.95,0.0,0,2605.9,7889.85,1,Churned,Yes,82,4089,Competitor,Competitor offered more data,0.86
3621-CEOVK,Female,71,No,Yes,Yes,No,0,United States,California,Trinity Center,96091,41.081847,-122.700545,734,Q3,1,1,14,,1,47.01,1,Yes,Fiber Optic,19,0,1,0,0,1,1,0,1,Month-to-Month,1,Bank Withdrawal,100.2,1369.8,0.0,0,658.14,2027.94,1,Churned,Yes,90,3369,Dissatisfaction,Service dissatisfaction,0.96
6960-HVYXR,Female,20,Yes,No,No,No,0,United States,California,Rio Linda,95673,38.688764,-121.457596,14010,Q3,0,0,1,,1,35.01,1,Yes,Fiber Optic,52,0,0,0,0,0,0,0,1,Month-to-Month,0,Bank Withdrawal,76.0,76.0,0.0,0,35.01,111.01,1,Churned,Yes,72,2567,Competitor,Competitor made better offer,0.96
5027-QPKTE,Male,39,No,No,Yes,No,0,United States,California,Modesto,95350,37.671806,-121.007575,52872,Q3,1,1,7,Offer E,1,14.75,0,Yes,Fiber Optic,28,0,0,0,0,0,0,0,0,Month-to-Month,1,Bank Withdrawal,69.35,451.1,0.0,10,103.25,564.35,1,Churned,Yes,82,4292,Competitor,Competitor had better devices,0.98
0702-PGIBZ,Male,28,Yes,No,No,No,0,United States,California,Dutch Flat,95714,39.197215,-120.83679,350,Q3,0,0,4,Offer E,1,26.16,1,Yes,Fiber Optic,85,0,1,0,0,1,1,1,1,Month-to-Month,1,Bank Withdrawal,101.7,364.55,1.48,0,104.64,467.71,2,Churned,Yes,91,2777,Competitor,Competitor made better offer,0.93
4806-HIPDW,Female,64,No,No,Yes,No,0,United States,California,Calimesa,92320,33.982787,-117.057627,7334,Q3,1,1,1,Offer E,1,21.65,0,Yes,Fiber Optic,13,0,0,0,0,0,0,0,1,Month-to-Month,1,Bank Withdrawal,68.95,68.95,0.0,0,21.65,90.6,2,Churned,Yes,75,5644,Dissatisfaction,Limited range of services,0.96
4369-HTUIF,Male,73,No,Yes,No,No,0,United States,California,Pismo Beach,93449,35.165668,-120.655842,8564,Q3,0,0,6,Offer E,1,29.41,0,Yes,Fiber Optic,30,1,0,0,0,1,0,0,1,Month-to-Month,1,Bank Withdrawal,85.15,503.6,0.0,0,176.46,680.0600000000001,2,Churned,Yes,90,5831,Attitude,Attitude of service provider,0.97
2640-PMGFL,Male,35,No,No,No,No,0,United States,California,West Sacramento,95605,38.592745,-121.540036,12756,Q3,0,0,27,,1,24.72,1,Yes,Fiber Optic,29,0,0,0,1,0,0,0,1,Month-to-Month,1,Bank Withdrawal,79.5,2180.55,0.0,0,667.4399999999999,2847.99,1,Churned,Yes,91,2518,Price,Lack of affordable download/upload speed,1.0
0148-DCDOS,Male,41,No,No,No,No,0,United States,California,Planada,95365,37.329725,-120.306399,4150,Q3,0,0,25,,1,34.88,1,Yes,Fiber Optic,8,0,0,0,0,1,1,1,1,Month-to-Month,1,Bank Withdrawal,94.7,2362.1,0.0,0,872.0000000000001,3234.1,1,Churned,Yes,82,5641,Competitor,Competitor had better devices,0.94
1095-JUDTC,Female,78,No,Yes,No,No,0,United States,California,Woodbridge,95258,38.169605,-121.310964,4176,Q3,0,0,47,,1,14.22,1,Yes,Fiber Optic,11,0,1,0,1,1,0,0,1,Month-to-Month,1,Bank Withdrawal,95.05,4504.55,0.0,0,668.34,5172.89,2,Churned,Yes,65,5214,Competitor,Competitor offered higher download speeds,0.98
8869-TORSS,Female,51,No,No,No,No,0,United States,California,Santa Rosa,95405,38.439696,-122.668817,22250,Q3,0,0,48,,1,33.91,0,Yes,DSL,13,1,0,1,1,0,0,0,1,One Year,1,Credit Card,60.35,2896.4,0.0,0,1627.6799999999998,4524.08,1,Churned,Yes,69,2681,Dissatisfaction,Poor expertise of phone support,1.0
1481-ZUWZA,Male,52,No,No,No,No,0,United States,California,Klamath,95548,41.572813,-124.035011,1215,Q3,0,0,28,,1,35.52,1,Yes,Fiber Optic,26,1,1,0,0,0,1,1,1,Month-to-Month,1,Credit Card,94.5,2659.4,0.0,0,994.56,3653.96,1,Churned,Yes,80,5433,Dissatisfaction,Service dissatisfaction,1.0
8775-LHDJH,Female,77,No,Yes,Yes,No,0,United States,California,San Jose,95136,37.270938,-121.851046,36944,Q3,1,1,1,Offer E,1,13.02,1,Yes,Fiber Optic,30,0,1,0,0,1,0,0,1,Month-to-Month,1,Bank Withdrawal,90.6,90.6,0.0,0,13.02,103.62,2,Churned,Yes,93,2905,Other,Don't know,0.94
0596-BQCEQ,Female,32,No,No,Yes,No,0,United States,California,Hydesville,95547,40.557314,-124.081662,1201,Q3,1,1,62,,1,48.58,0,Yes,Fiber Optic,13,0,1,1,0,1,1,1,1,Month-to-Month,1,Bank Withdrawal,100.15,6283.3,0.0,0,3011.96,9295.26,1,Churned,Yes,93,4120,Competitor,Competitor had better devices,0.97
6595-YGXIT,Male,71,No,Yes,No,No,0,United States,California,Boulder Creek,95006,37.171727,-122.142961,10520,Q3,0,0,25,Offer C,1,47.66,1,Yes,Fiber Optic,23,0,1,0,0,1,0,0,1,Month-to-Month,1,Bank Withdrawal,88.95,2291.2,0.0,0,1191.5,3482.7,2,Churned,Yes,91,3878,Competitor,Competitor made better offer,1.0
7503-ZGUZJ,Male,25,Yes,No,No,No,0,United States,California,Riverside,92505,33.920907,-117.489426,38446,Q3,0,0,1,,1,22.3,1,Yes,Fiber Optic,51,0,0,0,0,1,0,0,0,Month-to-Month,1,Mailed Check,84.65,84.65,0.0,40,22.3,146.95000000000002,1,Churned,Yes,79,4261,Dissatisfaction,Lack of self-service on Website,0.97
2612-RANWT,Female,24,Yes,No,No,No,0,United States,California,Mount Laguna,91948,32.830852,-116.444601,81,Q3,0,0,12,Offer D,1,30.54,1,Yes,Fiber Optic,47,0,0,1,0,1,1,1,1,Month-to-Month,1,Bank Withdrawal,100.15,1164.3,0.0,0,366.48,1530.78,2,Churned,Yes,96,3682,Price,Price too high,0.94
0727-IWKVK,Male,35,No,No,Yes,No,0,United States,California,Yermo,92398,35.013299,-116.834092,1195,Q3,0,0,9,Offer E,1,19.18,0,Yes,Fiber Optic,27,0,1,1,0,0,0,0,1,Month-to-Month,1,Bank Withdrawal,79.9,741.7,0.0,0,172.62,914.32,2,Churned,Yes,91,4748,Price,Extra data charges,0.83
2379-ENZGV,Male,61,No,No,No,No,0,United States,California,San Diego,92126,32.886925,-117.152162,74232,Q3,0,0,6,Offer E,1,39.32,0,Yes,Fiber Optic,12,0,1,0,0,1,0,0,1,Month-to-Month,1,Bank Withdrawal,84.85,523.5,0.0,0,235.92,759.4200000000001,2,Churned,Yes,72,3420,Competitor,Competitor made better offer,0.96
2722-VOJQL,Male,30,No,No,No,No,0,United States,California,San Diego,92126,32.886925,-117.152162,74232,Q3,0,0,64,,1,24.23,1,Yes,Fiber Optic,73,0,1,0,1,1,1,1,1,One Year,1,Credit Card,105.65,6903.1,0.0,0,1550.72,8453.82,1,Churned,Yes,91,4870,Other,Don't know,0.95
4351-QLCSU,Female,47,No,No,No,No,0,United States,California,Quincy,95971,39.971228,-121.041166,6189,Q3,0,0,1,,1,32.74,0,Yes,DSL,26,0,0,0,0,1,0,0,1,Month-to-Month,1,Credit Card,55.0,55.0,0.0,0,32.74,87.74000000000001,1,Churned,Yes,91,3809,Price,Long distance charges,0.87
6284-AHOOQ,Male,71,No,Yes,No,No,0,United States,California,Avenal,93204,35.916943,-120.129921,14697,Q3,0,0,22,,1,46.11,1,Yes,Fiber Optic,27,0,0,0,1,1,0,0,1,Month-to-Month,1,Bank Withdrawal,90.5,1910.6,0.0,0,1014.42,2925.02,1,Churned,Yes,71,5014,Other,Don't know,0.96
0637-UBJRP,Male,40,No,No,Yes,No,0,United States,California,Wilton,95693,38.392559,-121.225093,5889,Q3,1,5,13,Offer D,1,29.92,0,Yes,Fiber Optic,21,1,0,0,0,0,1,1,1,Month-to-Month,0,Bank Withdrawal,84.05,1095.3,23.97,0,388.96,1460.29,1,Churned,Yes,77,4745,Competitor,Competitor offered higher download speeds,0.78
7730-IUTDZ,Male,63,No,No,No,No,0,United States,California,Chatsworth,91311,34.294142,-118.603883,35325,Q3,0,0,43,,1,34.0,0,Yes,Fiber Optic,11,1,0,0,0,0,0,0,1,Month-to-Month,1,Bank Withdrawal,75.2,3198.6,0.0,0,1462.0,4660.6,1,Churned,Yes,68,4673,Dissatisfaction,Network reliability,1.0
7379-POKDZ,Male,31,No,No,Yes,No,0,United States,California,Lancaster,93536,34.741406,-118.38111,49309,Q3,1,1,3,,1,26.71,0,Yes,Fiber Optic,11,0,0,0,0,0,0,0,1,Month-to-Month,1,Bank Withdrawal,70.3,208.85,0.0,0,80.13,288.98,1,Churned,Yes,66,3038,Competitor,Competitor had better devices,0.93
9025-AOMKI,Female,42,No,No,No,No,0,United States,California,Carpinteria,93013,34.441398,-119.513163,17409,Q3,0,0,6,Offer E,1,43.8,1,Yes,Fiber Optic,5,0,0,0,0,1,1,1,1,Month-to-Month,1,Bank Withdrawal,93.55,536.4,0.0,0,262.79999999999995,799.1999999999999,2,Churned,Yes,71,5617,Other,Moved,0.99
7861-UVUFT,Female,36,No,No,Yes,No,0,United States,California,Sloughhouse,95683,38.470423,-121.114897,4731,Q3,1,1,15,,1,28.3,0,Yes,Cable,28,0,0,1,0,1,0,0,1,Month-to-Month,1,Bank Withdrawal,84.3,1308.4,0.0,0,424.5,1732.9,1,Churned,Yes,86,4003,Competitor,Competitor had better devices,0.92
7410-KTVFV,Male,53,No,No,Yes,No,0,United States,California,Grimes,95950,39.033058,-121.895718,531,Q3,1,1,18,,1,19.05,0,Yes,DSL,26,0,0,1,0,0,0,0,1,Month-to-Month,1,Mailed Check,49.55,878.35,0.0,0,342.90000000000003,1221.25,1,Churned,Yes,90,2815,Competitor,Competitor had better devices,0.8
5519-YLDGW,Female,57,No,No,Yes,No,0,United States,California,Los Angeles,90071,34.052917,-118.255178,21,Q3,1,1,21,Offer D,1,1.21,1,Yes,Fiber Optic,16,1,0,1,0,1,1,1,1,Month-to-Month,1,Bank Withdrawal,103.9,2254.2,0.0,0,25.41,2279.6099999999997,1,Churned,Yes,91,3769,Dissatisfaction,Limited range of services,1.0
9274-CNFMO,Male,76,No,Yes,Yes,No,0,United States,California,Pacoima,91331,34.255442,-118.421314,97318,Q3,1,1,4,,1,28.11,1,Yes,Fiber Optic,27,0,0,0,0,0,0,0,1,Month-to-Month,0,Bank Withdrawal,74.95,308.7,0.0,0,112.44,421.14,2,Churned,Yes,69,3716,Competitor,Competitor offered more data,0.81
6230-BSUXY,Female,71,No,Yes,No,No,0,United States,California,Paramount,90723,33.897122,-118.164432,55306,Q3,0,0,1,,1,42.5,0,Yes,Fiber Optic,8,0,0,1,0,0,1,0,1,Month-to-Month,1,Bank Withdrawal,85.0,85.0,0.0,0,42.5,127.5,2,Churned,Yes,93,2650,Dissatisfaction,Network reliability,0.91
5419-JPRRN,Male,32,No,No,No,No,0,United States,California,Rough And Ready,95975,39.225634,-121.156163,1601,Q3,0,0,1,,1,10.38,1,Yes,Fiber Optic,7,0,0,1,0,1,1,1,1,Month-to-Month,1,Bank Withdrawal,101.45,101.45,0.0,0,10.38,111.83,1,Churned,Yes,77,4390,Price,Extra data charges,0.99
6629-CZTTH,Male,62,No,No,No,No,0,United States,California,Orange,92865,33.828779,-117.848299,18058,Q3,0,0,1,,1,48.22,0,Yes,Cable,22,0,0,0,0,0,1,1,1,Month-to-Month,1,Credit Card,55.7,55.7,0.0,0,48.22,103.92,1,Churned,Yes,79,4629,Dissatisfaction,Product dissatisfaction,0.99
9330-IJWIO,Female,54,No,No,No,No,0,United States,California,Kirkwood,95646,38.631489,-120.015167,129,Q3,0,0,13,Offer D,1,6.78,1,Yes,Fiber Optic,26,1,0,0,0,1,1,1,1,Month-to-Month,1,Bank Withdrawal,100.35,1358.85,34.09,0,88.14,1412.9,1,Churned,Yes,69,2008,Price,Price too high,0.96
1432-FPAXX,Female,53,No,No,No,No,0,United States,California,Beale Afb,95903,39.125311,-121.392283,5654,Q3,0,0,29,,0,0.0,0,Yes,DSL,7,0,1,0,0,0,0,0,1,Month-to-Month,1,Bank Withdrawal,30.6,856.35,0.0,0,0.0,856.35,2,Churned,Yes,77,3615,Dissatisfaction,Product dissatisfaction,0.95
6029-WTIPC,Male,73,No,Yes,No,No,0,United States,California,San Diego,92109,32.787836,-117.232376,46086,Q3,0,0,37,Offer C,1,38.06,1,Yes,Fiber Optic,19,0,0,1,0,1,1,0,1,Month-to-Month,1,Bank Withdrawal,101.1,3744.05,0.0,0,1408.22,5152.27,1,Churned,Yes,87,4424,Competitor,Competitor made better offer,0.84
9524-EGPJC,Female,33,No,No,No,No,0,United States,California,Walnut Creek,94595,37.862128,-122.075197,18024,Q3,0,0,18,,1,34.21,1,Yes,Fiber Optic,19,0,0,0,1,0,1,1,1,Month-to-Month,1,Bank Withdrawal,90.1,1612.75,48.26,0,615.78,2180.27,1,Churned,Yes,80,4260,Competitor,Competitor offered higher download speeds,0.96
7240-ETPTR,Female,51,No,No,Yes,No,0,United States,California,Pope Valley,94567,38.672708,-122.403219,494,Q3,1,1,9,,0,0.0,0,Yes,DSL,10,0,0,1,0,1,1,1,0,Month-to-Month,1,Bank Withdrawal,48.75,442.2,0.0,10,0.0,452.2,2,Churned,Yes,90,4359,Price,Lack of affordable download/upload speed,0.85
0220-EBGCE,Male,58,No,No,No,No,0,United States,California,Escondido,92027,33.141265,-116.967221,48690,Q3,0,0,2,Offer E,1,14.14,0,Yes,Fiber Optic,28,0,0,1,0,0,1,1,1,Month-to-Month,1,Bank Withdrawal,85.85,167.3,0.0,0,28.28,195.58,1,Churned,Yes,67,3273,Competitor,Competitor made better offer,0.86
2202-CUYXZ,Male,25,Yes,No,No,No,0,United States,California,Dublin,94568,37.713926,-121.928425,29636,Q3,0,0,1,,1,36.07,0,Yes,Fiber Optic,41,0,0,1,0,1,0,1,1,Month-to-Month,1,Bank Withdrawal,84.85,84.85,0.0,0,36.07,120.92,1,Churned,Yes,77,3086,Competitor,Competitor had better devices,1.0
8065-YKXKD,Female,39,No,No,No,No,0,United States,California,San Diego,92126,32.886925,-117.152162,74232,Q3,0,0,10,,1,5.63,1,Yes,Fiber Optic,26,0,0,0,0,0,0,0,1,Month-to-Month,1,Bank Withdrawal,74.75,799.65,0.0,0,56.3,855.9499999999999,1,Churned,Yes,69,5578,Other,Don't know,0.97
5959-BELXA,Male,67,No,Yes,No,No,0,United States,California,Yucaipa,92399,34.04597,-117.011825,41575,Q3,0,0,32,Offer C,1,25.45,1,Yes,Fiber Optic,18,0,0,0,0,1,1,0,1,Month-to-Month,1,Credit Card,96.15,3019.25,0.0,0,814.4,3833.65,2,Churned,Yes,79,2246,Price,Price too high,0.87
4951-UKAAQ,Female,30,No,No,No,No,0,United States,California,Inglewood,90302,33.975332,-118.355252,30779,Q3,0,0,4,,1,48.32,1,Yes,Fiber Optic,51,0,1,0,0,0,1,1,0,Month-to-Month,1,Bank Withdrawal,88.95,355.2,0.0,40,193.28,588.48,1,Churned,Yes,72,5948,Dissatisfaction,Network reliability,0.99
6979-ZNSFF,Female,48,No,No,No,No,0,United States,California,Pollock Pines,95726,38.733908,-120.453416,8577,Q3,0,0,8,Offer E,1,45.59,1,Yes,Fiber Optic,8,0,0,0,0,1,0,0,1,Month-to-Month,1,Bank Withdrawal,87.05,762.1,0.0,0,364.72,1126.8200000000002,1,Churned,Yes,69,2545,Price,Price too high,0.97
4614-NUVZD,Female,53,No,No,No,No,0,United States,California,Anaheim,92807,33.848733,-117.788357,36301,Q3,0,0,1,,1,22.86,0,Yes,Fiber Optic,24,0,0,0,0,0,1,1,1,Month-to-Month,1,Bank Withdrawal,81.1,81.1,0.0,0,22.86,103.96,3,Churned,Yes,85,2075,Competitor,Competitor offered more data,0.95
7851-WZEKY,Female,32,No,No,No,No,0,United States,California,Stockton,95219,38.029729,-121.387999,19109,Q3,0,0,2,Offer E,1,38.51,1,Yes,Fiber Optic,25,0,0,0,0,1,1,1,1,Month-to-Month,1,Bank Withdrawal,95.15,196.9,0.0,0,77.02,273.92,2,Churned,Yes,82,2414,Competitor,Competitor made better offer,0.91
7359-PTSXY,Male,36,No,No,No,No,0,United States,California,Tustin,92780,33.735802,-117.818805,55062,Q3,0,0,1,,1,24.24,0,Yes,DSL,28,0,0,0,0,0,0,0,1,Month-to-Month,0,Bank Withdrawal,45.75,45.75,0.0,0,24.24,69.99,1,Churned,Yes,90,3531,Attitude,Attitude of support person,0.97
5708-EVONK,Female,37,No,No,Yes,No,0,United States,California,Cassel,96016,40.936285,-121.572692,344,Q3,1,1,58,,1,3.65,1,Yes,Fiber Optic,20,1,1,0,0,0,1,1,1,Month-to-Month,1,Bank Withdrawal,93.4,5435.6,0.0,0,211.7,5647.3,1,Churned,Yes,73,5989,Other,Don't know,0.96
6424-ELEYH,Female,39,No,No,Yes,No,0,United States,California,Lebec,93243,34.845861,-118.885163,1247,Q3,1,1,3,Offer E,1,35.18,1,Yes,Fiber Optic,13,0,0,0,0,0,0,0,1,Month-to-Month,1,Credit Card,74.75,229.5,0.0,0,105.54,335.03999999999996,1,Churned,Yes,65,3972,Competitor,Competitor had better devices,0.89
2004-OCQXK,Female,44,No,No,No,No,0,United States,California,Merced,95348,37.40122,-120.514191,23100,Q3,0,0,1,Offer E,1,44.94,0,Yes,Fiber Optic,16,0,0,0,0,0,1,1,1,Month-to-Month,1,Bank Withdrawal,81.95,81.95,0.0,0,44.94,126.89,1,Churned,Yes,85,5622,Competitor,Competitor had better devices,1.0
6331-EWIEB,Male,49,No,No,No,No,0,United States,California,El Monte,91731,34.079934,-118.046695,30211,Q3,0,0,20,Offer D,1,1.36,1,Yes,Fiber Optic,25,0,0,0,0,1,0,0,1,Month-to-Month,1,Bank Withdrawal,85.25,1734.5,0.0,0,27.200000000000003,1761.7,2,Churned,Yes,92,2414,Other,Moved,1.0
4658-HCOHW,Female,52,No,No,Yes,No,0,United States,California,Redwood Valley,95470,39.298065,-123.25211,5995,Q3,1,1,21,,1,16.67,0,Yes,Fiber Optic,3,0,1,1,1,1,1,1,1,Month-to-Month,1,Bank Withdrawal,102.8,2110.15,0.0,0,350.07000000000005,2460.2200000000003,1,Churned,Yes,91,3123,Competitor,Competitor had better devices,0.99
7511-YMXVQ,Male,54,No,No,No,No,0,United States,California,Lynwood,90262,33.923573,-118.200669,69850,Q3,0,0,9,,0,0.0,0,Yes,Cable,20,0,0,0,0,1,1,1,0,Month-to-Month,1,Bank Withdrawal,45.4,418.8,0.0,20,0.0,438.8,1,Churned,Yes,81,5028,Competitor,Competitor had better devices,0.93
8993-PHFWD,Female,62,No,No,No,No,0,United States,California,Old Station,96071,40.656287,-121.428965,182,Q3,0,0,3,,0,0.0,0,Yes,DSL,27,0,0,0,0,0,0,0,1,Month-to-Month,0,Bank Withdrawal,25.25,58.9,0.0,0,0.0,58.9,1,Churned,Yes,76,2088,Competitor,Competitor had better devices,0.99
4013-TLDHQ,Male,59,No,No,No,No,0,United States,California,Berkeley,94704,37.871416,-122.246597,21205,Q3,0,0,19,Offer D,1,20.26,0,Yes,Fiber Optic,25,0,1,1,0,0,0,0,1,Month-to-Month,1,Bank Withdrawal,78.25,1490.95,0.0,0,384.94000000000005,1875.89,1,Churned,Yes,72,3666,Competitor,Competitor had better devices,0.98
8276-MQBYC,Male,70,No,Yes,No,No,0,United States,California,Los Angeles,90028,34.099869,-118.326843,30568,Q3,0,0,51,Offer B,1,19.49,1,Yes,Fiber Optic,11,0,0,1,0,1,1,0,1,Month-to-Month,1,Bank Withdrawal,97.8,4913.3,0.0,0,993.99,5907.29,2,Churned,Yes,81,6204,Price,Long distance charges,0.91
3877-JRJIP,Male,50,No,No,No,No,0,United States,California,Hawthorne,90250,33.914775,-118.348083,93315,Q3,0,0,1,,1,22.05,1,Yes,Cable,28,0,0,0,0,1,0,0,1,Month-to-Month,1,Bank Withdrawal,59.85,59.85,0.0,0,22.05,81.9,2,Churned,Yes,71,4017,Attitude,Attitude of support person,0.92
5835-BEQEU,Male,44,No,No,No,No,0,United States,California,Escondido,92027,33.141265,-116.967221,48690,Q3,0,0,3,,1,38.38,1,Yes,Fiber Optic,23,0,0,0,0,0,0,0,0,Month-to-Month,1,Bank Withdrawal,76.95,228.4,0.0,10,115.14,353.54,2,Churned,Yes,92,4428,Competitor,Competitor made better offer,0.95
8861-HGGKB,Female,57,No,No,No,No,0,United States,California,San Diego,92117,32.825086,-117.199424,51213,Q3,0,0,10,,1,17.65,1,Yes,Fiber Optic,20,0,0,0,0,0,1,1,1,Month-to-Month,0,Bank Withdrawal,86.45,830.85,0.0,0,176.5,1007.35,2,Churned,Yes,80,5699,Competitor,Competitor made better offer,0.94
7912-SYRQT,Female,35,No,No,No,No,0,United States,California,Los Angeles,90042,34.11572,-118.192754,64672,Q3,0,0,7,Offer E,1,18.99,1,Yes,Fiber Optic,23,0,0,0,0,0,0,0,1,Month-to-Month,1,Bank Withdrawal,75.1,552.95,0.0,0,132.92999999999998,685.88,2,Churned,Yes,96,5514,Competitor,Competitor offered more data,0.96
2868-SNELZ,Female,54,No,No,No,No,0,United States,California,San Diego,92122,32.85723,-117.209774,34902,Q3,0,0,2,,1,5.32,1,Yes,Fiber Optic,20,0,0,1,0,0,0,0,1,Month-to-Month,0,Credit Card,80.6,155.8,0.0,0,10.64,166.44,1,Churned,Yes,92,2683,Competitor,Competitor made better offer,0.97
3946-MHCZW,Male,50,No,No,No,No,0,United States,California,Ontario,91761,34.035602,-117.591528,56280,Q3,0,0,1,Offer E,1,6.95,0,Yes,DSL,11,0,0,1,0,0,0,0,1,Month-to-Month,0,Credit Card,50.9,50.9,0.0,0,6.95,57.85,1,Churned,Yes,83,5111,Attitude,Attitude of support person,0.99
4816-LXZYW,Female,51,No,No,No,No,0,United States,California,Long Beach,90810,33.819814,-118.222416,35656,Q3,0,0,23,Offer D,1,33.44,1,Yes,Fiber Optic,11,0,1,0,0,0,0,0,1,Month-to-Month,1,Bank Withdrawal,79.15,1676.95,0.0,0,769.1199999999999,2446.0699999999997,1,Churned,Yes,68,5216,Competitor,Competitor had better devices,0.95
0709-TVGUR,Female,70,No,Yes,No,No,0,United States,California,Stockton,95207,38.002125,-121.324979,49965,Q3,0,0,9,,1,17.56,1,Yes,Fiber Optic,27,0,0,0,0,0,0,0,1,Month-to-Month,1,Bank Withdrawal,74.55,622.9,33.25,0,158.04,747.6899999999999,1,Churned,Yes,69,3145,Competitor,Competitor had better devices,0.98
3677-IYRBF,Female,73,No,Yes,No,No,0,United States,California,Newcastle,95658,38.883224,-121.15918,6096,Q3,0,0,2,,0,0.0,0,Yes,DSL,13,0,0,1,0,0,0,0,1,Month-to-Month,1,Bank Withdrawal,30.4,78.65,0.0,0,0.0,78.65,1,Churned,Yes,90,4002,Attitude,Attitude of support person,0.98
9391-EOYLI,Male,77,No,Yes,Yes,No,0,United States,California,Lewiston,96052,40.704293,-122.803899,1845,Q3,1,1,12,Offer D,1,6.97,0,Yes,Fiber Optic,19,0,0,0,0,0,1,0,1,Month-to-Month,1,Bank Withdrawal,80.45,950.2,0.0,0,83.64,1033.84,2,Churned,Yes,69,5374,Competitor,Competitor made better offer,0.89
9451-LPGOO,Male,22,Yes,No,No,No,0,United States,California,Fallbrook,92028,33.362575,-117.299644,42239,Q3,0,0,7,Offer E,1,30.61,1,Yes,Fiber Optic,59,0,0,0,0,0,1,1,1,Month-to-Month,1,Bank Withdrawal,86.8,620.35,0.0,0,214.27,834.62,2,Churned,Yes,66,3780,Competitor,Competitor made better offer,0.9
9885-CSMWE,Female,65,No,Yes,No,No,0,United States,California,Los Angeles,90007,34.027337,-118.28515,45025,Q3,0,0,1,Offer E,1,18.37,0,Yes,Fiber Optic,13,0,0,0,0,1,0,0,1,Month-to-Month,0,Bank Withdrawal,78.45,78.45,0.0,0,18.37,96.82,1,Churned,Yes,67,2139,Dissatisfaction,Product dissatisfaction,0.99
5419-KLXBN,Female,36,No,No,Yes,No,0,United States,California,San Diego,92117,32.825086,-117.199424,51213,Q3,1,1,25,,1,24.64,0,Yes,Fiber Optic,5,0,1,1,0,1,0,0,1,Month-to-Month,1,Bank Withdrawal,89.15,2257.75,0.0,0,616.0,2873.75,2,Churned,Yes,90,5853,Competitor,Competitor made better offer,0.99
4208-UFFGW,Male,80,No,Yes,No,No,0,United States,California,Byron,94514,37.83323,-121.601461,10153,Q3,0,0,2,Offer E,1,26.62,0,Yes,DSL,11,0,0,0,0,0,0,0,1,Month-to-Month,0,Credit Card,44.95,85.15,0.0,0,53.24,138.39,2,Churned,Yes,84,5900,Other,Don't know,0.99
7576-OYWBN,Male,71,No,Yes,No,No,0,United States,California,San Mateo,94402,37.556634,-122.317723,23393,Q3,0,0,3,,1,30.25,1,Yes,Fiber Optic,28,0,0,0,0,0,0,0,1,Month-to-Month,1,Bank Withdrawal,76.05,231.8,0.0,0,90.75,322.55,1,Churned,Yes,67,2930,Competitor,Competitor had better devices,1.0
7395-IGJOS,Male,70,No,Yes,Yes,No,0,United States,California,Quincy,95971,39.971228,-121.041166,6189,Q3,1,1,17,,1,9.5,0,Yes,Fiber Optic,16,0,0,0,0,0,1,0,1,Month-to-Month,0,Bank Withdrawal,81.5,1329.2,0.0,0,161.5,1490.7,2,Churned,Yes,79,3443,Competitor,Competitor made better offer,0.97
7028-DVOIQ,Male,71,No,Yes,No,No,0,United States,California,Birds Landing,94512,38.140719,-121.838298,138,Q3,0,0,35,,1,20.83,1,Yes,Fiber Optic,19,0,0,1,0,1,1,0,0,Month-to-Month,1,Bank Withdrawal,99.05,3395.8,0.0,120,729.05,4244.85,1,Churned,Yes,82,2074,Other,Don't know,0.88
0746-JTRFU,Male,22,Yes,No,No,No,0,United States,California,Kingsburg,93631,36.478239,-119.52137,14088,Q3,0,0,2,Offer E,0,0.0,0,Yes,Cable,73,0,0,0,0,0,0,1,1,Month-to-Month,1,Bank Withdrawal,25.05,56.35,0.0,0,0.0,56.35,1,Churned,Yes,77,4810,Dissatisfaction,Product dissatisfaction,0.91
5357-TZHPP,Male,67,No,Yes,No,No,0,United States,California,Wheatland,95692,39.043387,-121.409837,3600,Q3,0,0,9,,1,30.8,1,Yes,Fiber Optic,18,0,0,0,0,0,1,0,1,Month-to-Month,1,Credit Card,84.4,732.5,0.0,0,277.2,1009.7,2,Churned,Yes,83,5745,Attitude,Attitude of support person,1.0
4803-AXVYP,Female,75,No,Yes,No,No,0,United States,California,Butte City,95920,39.449794,-121.936372,303,Q3,0,0,38,Offer C,1,47.39,1,Yes,Fiber Optic,2,0,0,0,1,1,1,0,1,Month-to-Month,1,Bank Withdrawal,99.55,3734.25,0.0,0,1800.82,5535.07,1,Churned,Yes,91,3474,Dissatisfaction,Service dissatisfaction,0.91
0362-ZBZWJ,Male,46,No,No,No,No,0,United States,California,Thornton,95686,38.157794,-121.520223,1472,Q3,0,0,36,,1,24.66,1,Yes,Fiber Optic,22,0,0,0,0,0,1,1,1,Month-to-Month,1,Bank Withdrawal,84.9,3067.2,0.0,0,887.76,3954.96,1,Churned,Yes,69,2455,Attitude,Attitude of service provider,0.99
6513-EECDB,Male,75,No,Yes,Yes,No,0,United States,California,San Francisco,94114,37.758085,-122.434801,30587,Q3,0,0,1,,1,36.92,1,Yes,Fiber Optic,6,0,0,0,0,0,0,0,1,Month-to-Month,1,Bank Withdrawal,73.55,73.55,0.0,0,36.92,110.47,2,Churned,Yes,94,4369,Price,Price too high,0.99
5373-SFODM,Male,65,No,Yes,Yes,No,0,United States,California,San Lucas,93954,36.125529,-120.864443,521,Q3,1,1,36,,1,24.54,1,Yes,Fiber Optic,5,0,0,0,0,0,1,1,1,Month-to-Month,1,Credit Card,85.25,3132.75,0.0,0,883.4399999999999,4016.19,2,Churned,Yes,82,3041,Dissatisfaction,Product dissatisfaction,0.96
0506-LVNGN,Female,78,No,Yes,No,No,0,United States,California,Rancho Cordova,95742,38.591134,-121.161585,299,Q3,0,0,5,,1,42.33,0,Yes,Fiber Optic,9,0,0,1,0,0,0,0,1,Month-to-Month,1,Credit Card,75.55,349.65,0.0,0,211.65,561.3,1,Churned,Yes,90,4028,Competitor,Competitor had better devices,0.98
5318-IXUZF,Female,50,No,No,No,No,0,United States,California,Redondo Beach,90277,33.830453,-118.384565,34191,Q3,0,0,2,,1,6.2,0,Yes,Fiber Optic,6,0,1,0,0,1,0,0,1,Month-to-Month,1,Bank Withdrawal,87.15,183.75,0.0,0,12.4,196.15,2,Churned,Yes,72,4149,Other,Don't know,0.9
3318-OSATS,Male,70,No,Yes,No,No,0,United States,California,Sierra City,96125,39.600599,-120.636358,348,Q3,0,0,35,Offer C,1,35.1,1,Yes,Fiber Optic,29,0,0,0,0,1,1,0,0,Month-to-Month,1,Bank Withdrawal,95.45,3474.05,0.0,80,1228.5,4782.55,2,Churned,Yes,91,2080,Other,Don't know,0.98
8086-OVPWV,Male,58,No,No,No,No,0,United States,California,San Diego,92117,32.825086,-117.199424,51213,Q3,0,0,2,,1,26.47,0,Yes,Fiber Optic,10,0,0,0,0,0,1,1,0,Month-to-Month,1,Bank Withdrawal,80.2,181.1,0.0,10,52.94,244.04,1,Churned,Yes,91,2384,Competitor,Competitor made better offer,0.91
9490-DFPMD,Female,79,No,Yes,No,No,0,United States,California,San Diego,92130,32.957195,-117.202542,28201,Q3,0,0,42,,1,9.53,1,Yes,Fiber Optic,17,0,0,0,0,1,0,0,1,Month-to-Month,1,Bank Withdrawal,84.65,3541.35,0.0,0,400.26,3941.61,2,Churned,Yes,90,4871,Competitor,Competitor made better offer,0.95
8337-UPOAQ,Male,71,No,Yes,Yes,No,0,United States,California,Wrightwood,92397,34.358321,-117.618263,4253,Q3,0,0,10,,1,16.88,1,Yes,Fiber Optic,24,0,0,1,0,0,1,0,1,Month-to-Month,1,Bank Withdrawal,89.8,914.3,0.0,0,168.79999999999998,1083.1,2,Churned,Yes,76,5124,Competitor,Competitor made better offer,0.97
0679-IDSTG,Female,73,No,Yes,Yes,No,0,United States,California,Branscomb,95417,39.710591,-123.682799,176,Q3,1,1,1,,1,37.3,0,Yes,Fiber Optic,8,0,0,0,0,0,0,0,1,Month-to-Month,1,Bank Withdrawal,69.25,69.25,0.0,0,37.3,106.55,1,Churned,Yes,87,4568,Competitor,Competitor had better devices,0.96
8000-REIQB,Female,73,No,Yes,No,No,0,United States,California,San Diego,92117,32.825086,-117.199424,51213,Q3,0,0,1,Offer E,1,22.5,0,Yes,Fiber Optic,27,0,0,0,0,0,0,0,0,Month-to-Month,1,Bank Withdrawal,69.95,69.95,0.0,10,22.5,102.45,2,Churned,Yes,94,3208,Competitor,Competitor made better offer,0.96
3606-TWKGI,Male,68,No,Yes,No,No,0,United States,California,Rowland Heights,91748,33.976753,-117.897367,46342,Q3,0,0,13,Offer D,1,32.68,1,Yes,Cable,11,0,1,1,0,1,1,0,0,Month-to-Month,1,Bank Withdrawal,106.9,1364.3,0.0,10,424.84,1799.14,1,Churned,Yes,84,2494,Competitor,Competitor had better devices,1.0
7488-MXJIV,Female,63,No,No,No,No,0,United States,California,Armona,93202,36.315979,-119.710852,2872,Q3,0,0,4,Offer E,1,43.32,1,Yes,Fiber Optic,20,0,0,0,0,1,0,0,0,Month-to-Month,1,Bank Withdrawal,85.65,321.65,0.0,10,173.28,504.9299999999999,1,Churned,Yes,96,3223,Competitor,Competitor had better devices,0.96
8854-CCVSQ,Male,58,No,No,No,No,0,United States,California,Browns Valley,95918,39.292334,-121.320597,1477,Q3,0,0,18,,1,38.87,1,Yes,Fiber Optic,7,0,1,0,0,0,0,0,0,Month-to-Month,1,Bank Withdrawal,80.65,1451.9,0.0,30,699.66,2181.56,2,Churned,Yes,95,3788,Competitor,Competitor offered more data,0.94
8644-XLFBW,Male,65,No,Yes,No,No,0,United States,California,Lake Elsinore,92532,33.705836,-117.318204,4546,Q3,0,0,1,Offer E,1,28.46,0,Yes,Fiber Optic,12,0,0,0,0,0,0,0,1,Month-to-Month,1,Bank Withdrawal,71.65,71.65,0.0,0,28.46,100.11,2,Churned,Yes,84,5674,Competitor,Competitor offered more data,0.97
9732-KPKBW,Male,49,No,No,No,No,0,United States,California,Oroville,95966,39.473896,-121.415927,28382,Q3,0,0,1,,1,31.16,0,Yes,DSL,11,1,0,0,1,0,0,0,1,Month-to-Month,1,Bank Withdrawal,53.95,53.95,0.0,0,31.16,85.11,1,Churned,Yes,90,2771,Price,Extra data charges,0.96
0032-PGELS,Female,37,No,No,Yes,Yes,1,United States,California,Palomar Mountain,92060,33.309852,-116.823091,234,Q3,1,1,1,,0,0.0,0,Yes,DSL,19,1,0,0,0,0,0,0,1,Month-to-Month,0,Bank Withdrawal,30.5,30.5,0.0,0,0.0,30.5,1,Churned,Yes,74,5171,Attitude,Attitude of service provider,0.8
2070-FNEXE,Female,77,No,Yes,No,Yes,2,United States,California,Pasadena,91107,34.159007,-118.087353,32369,Q3,0,0,7,Offer E,1,26.95,0,Yes,Fiber Optic,18,1,0,0,0,0,0,0,0,Month-to-Month,0,Bank Withdrawal,76.45,503.6,11.05,0,188.65,681.2,2,Churned,Yes,81,4419,Price,Lack of affordable download/upload speed,0.92
1285-OKIPP,Male,62,No,No,No,Yes,3,United States,California,Mission Hills,91345,34.266389,-118.459744,17112,Q3,0,0,1,,1,23.2,0,Yes,Fiber Optic,21,0,0,0,0,0,1,1,1,Month-to-Month,0,Bank Withdrawal,79.9,79.9,0.0,0,23.2,103.1,2,Churned,Yes,91,3394,Attitude,Attitude of support person,1.0
0388-EOPEX,Female,28,Yes,No,Yes,No,0,United States,California,Riverside,92503,33.890046,-117.455583,71678,Q3,1,1,2,,1,9.79,0,Yes,Fiber Optic,41,1,0,0,0,0,0,0,1,Month-to-Month,1,Bank Withdrawal,74.4,139.4,0.0,0,19.58,158.98000000000002,1,Churned,Yes,77,4263,Attitude,Attitude of support person,0.99
5565-FILXA,Female,76,No,Yes,No,No,0,United States,California,Escondido,92027,33.141265,-116.967221,48690,Q3,0,0,16,,1,38.75,1,Yes,Fiber Optic,16,0,0,0,0,1,1,0,1,Month-to-Month,1,Bank Withdrawal,96.15,1529.2,0.0,0,620.0,2149.2,2,Churned,Yes,96,5913,Other,Don't know,0.99
9412-GHEEC,Male,55,No,No,No,No,0,United States,California,Murrieta,92563,33.581045,-117.14719,18311,Q3,0,0,40,,1,35.58,1,Yes,Fiber Optic,8,0,0,1,1,1,1,1,1,Month-to-Month,0,Bank Withdrawal,104.8,4131.95,0.0,0,1423.1999999999998,5555.15,1,Churned,Yes,88,3492,Competitor,Competitor had better devices,0.96
4598-XLKNJ,Female,78,No,Yes,Yes,Yes,1,United States,California,Inglewood,90303,33.936291,-118.332639,27778,Q3,1,1,25,Offer C,1,19.76,0,Yes,Fiber Optic,12,0,1,1,0,1,1,0,1,Month-to-Month,1,Bank Withdrawal,98.5,2514.5,13.43,0,494.00000000000006,2995.07,2,Churned,Yes,88,5337,Dissatisfaction,Limited range of services,0.97
0235-KGSLC,Female,45,No,No,No,No,0,United States,California,Buellton,93427,34.631362,-120.238218,4644,Q3,0,0,1,Offer E,1,33.34,0,Yes,Fiber Optic,4,0,0,1,0,1,0,0,1,Month-to-Month,1,Credit Card,85.55,85.55,0.0,0,33.34,118.89,2,Churned,Yes,86,3967,Other,Moved,0.97
0259-GBZSH,Male,22,Yes,No,No,No,0,United States,California,San Diego,92122,32.85723,-117.209774,34902,Q3,0,0,2,Offer E,1,40.43,1,Yes,Cable,27,0,0,0,0,1,0,1,1,Month-to-Month,1,Bank Withdrawal,85.65,181.5,0.0,0,80.86,262.36,1,Churned,Yes,73,3878,Competitor,Competitor made better offer,0.73
6861-XWTWQ,Male,71,No,Yes,Yes,No,0,United States,California,Napa,94559,38.232389,-122.324944,26894,Q3,1,1,7,,1,42.92,1,Yes,Fiber Optic,2,0,0,1,0,1,1,1,1,Month-to-Month,1,Bank Withdrawal,99.25,665.45,0.0,0,300.44,965.89,2,Churned,Yes,90,2487,Attitude,Attitude of support person,0.98
5380-AFSSK,Female,44,No,No,No,No,0,United States,California,Bella Vista,96008,40.722733,-122.109666,899,Q3,0,0,5,,1,46.45,1,Yes,Fiber Optic,10,0,0,0,0,1,1,1,1,Month-to-Month,1,Mailed Check,93.9,486.85,0.0,0,232.25,719.1,1,Churned,Yes,92,5435,Other,Don't know,0.71
7660-HDPJV,Female,51,No,No,No,No,0,United States,California,Long Beach,90810,33.819814,-118.222416,35656,Q3,0,0,1,,1,10.08,0,Yes,Fiber Optic,18,0,0,0,0,0,0,0,1,Month-to-Month,1,Bank Withdrawal,69.2,69.2,0.0,0,10.08,79.28,2,Churned,Yes,81,2637,Dissatisfaction,Poor expertise of online support,0.97
2612-RRIDN,Male,25,Yes,No,No,No,0,United States,California,Westwood,96137,40.271535,-121.018087,4158,Q3,0,0,4,Offer E,1,21.62,0,Yes,Fiber Optic,59,0,0,0,0,1,0,1,0,Month-to-Month,1,Bank Withdrawal,81.0,340.85,0.0,50,86.48,477.33,2,Churned,Yes,88,3591,Dissatisfaction,Limited range of services,0.98
4424-TKOPW,Male,70,No,Yes,No,No,0,United States,California,Crestline,92325,34.248061,-117.29028,10484,Q3,0,0,2,,1,25.19,1,Yes,Fiber Optic,14,0,0,0,0,1,1,0,1,Month-to-Month,1,Bank Withdrawal,93.85,196.75,0.0,0,50.38,247.13,1,Churned,Yes,70,4998,Price,Lack of affordable download/upload speed,0.99
5572-ZDXHY,Female,25,Yes,No,No,No,0,United States,California,Santa Rosa,95409,38.468893,-122.580539,25718,Q3,0,0,22,,1,29.07,0,Yes,Fiber Optic,52,0,1,0,0,0,1,1,1,Month-to-Month,1,Mailed Check,84.3,1855.65,0.0,0,639.54,2495.19,1,Churned,Yes,85,5313,Competitor,Competitor had better devices,0.83
1184-PJVDB,Male,38,No,No,Yes,No,0,United States,California,Amador City,95601,38.431407,-120.8421,222,Q3,1,1,10,,1,11.3,0,Yes,Fiber Optic,4,0,0,0,0,1,0,0,1,Month-to-Month,1,Bank Withdrawal,79.95,857.2,0.0,0,113.0,970.2,1,Churned,Yes,68,5640,Competitor,Competitor had better devices,0.98
2962-XPMCQ,Male,56,No,No,No,No,0,United States,California,Sacramento,95828,38.486938,-121.395805,54880,Q3,0,0,2,Offer E,1,6.47,0,Yes,DSL,21,0,0,0,0,0,0,0,1,Month-to-Month,1,Bank Withdrawal,45.15,98.5,0.0,0,12.94,111.44,2,Churned,Yes,81,2699,Competitor,Competitor offered higher download speeds,1.0
6892-EZDTG,Female,55,No,No,Yes,No,0,United States,California,Kings Beach,96143,39.246654,-120.029273,4806,Q3,1,1,4,Offer E,1,21.81,1,Yes,Fiber Optic,14,0,1,0,0,1,0,0,1,Month-to-Month,1,Bank Withdrawal,91.65,365.4,0.0,0,87.24,452.64,2,Churned,Yes,90,2140,Price,Extra data charges,0.99
2952-QAYZF,Male,30,No,No,No,No,0,United States,California,Sacramento,95828,38.486938,-121.395805,54880,Q3,0,0,5,,1,36.52,1,Yes,Fiber Optic,27,0,1,1,0,0,0,0,1,Month-to-Month,1,Bank Withdrawal,85.3,424.15,0.0,0,182.6,606.75,1,Churned,Yes,81,2264,Competitor,Competitor had better devices,0.71
4695-WJZUE,Female,68,No,Yes,No,No,0,United States,California,Irvine,92606,33.703976,-117.824172,17621,Q3,0,0,2,,1,21.57,1,Yes,Fiber Optic,28,0,0,1,0,0,1,1,1,Month-to-Month,1,Bank Withdrawal,88.55,179.25,0.0,0,43.14,222.39,1,Churned,Yes,80,3685,Competitor,Competitor had better devices,0.85
5564-NEMQO,Female,80,No,Yes,No,No,0,United States,California,Thermal,92274,33.53604,-116.119222,17018,Q3,0,0,1,Offer E,1,35.09,0,Yes,Fiber Optic,17,0,0,1,0,0,0,0,0,Month-to-Month,1,Bank Withdrawal,75.3,75.3,0.0,20,35.09,130.39,2,Churned,Yes,67,4902,Dissatisfaction,Network reliability,0.96
6101-IMRMM,Male,53,No,No,No,No,0,United States,California,El Segundo,90245,33.917145,-118.401554,16041,Q3,0,0,6,Offer E,1,16.58,0,Yes,Fiber Optic,17,0,0,1,0,1,1,1,0,Month-to-Month,0,Mailed Check,94.5,575.45,0.0,10,99.48,684.9300000000001,2,Churned,Yes,91,3469,Dissatisfaction,Network reliability,1.0
2777-PHDEI,Female,20,Yes,No,No,No,0,United States,California,Ahwahnee,93601,37.375816,-119.739935,1968,Q3,0,0,1,,1,29.41,0,Yes,Fiber Optic,59,0,0,0,0,1,0,1,0,Month-to-Month,0,Bank Withdrawal,78.05,78.05,0.0,10,29.41,117.46,1,Churned,Yes,91,3458,Competitor,Competitor offered more data,0.99
7250-EQKIY,Female,47,No,No,Yes,Yes,2,United States,California,Escondido,92027,33.141265,-116.967221,48690,Q3,1,1,1,Offer E,1,9.73,0,Yes,DSL,29,0,0,1,0,0,0,0,1,Month-to-Month,0,Mailed Check,50.45,50.45,0.0,0,9.73,60.18000000000001,2,Churned,Yes,75,2426,Competitor,Competitor made better offer,0.99
7206-GZCDC,Female,75,No,Yes,No,No,0,United States,California,Loleta,95551,40.665952,-124.240051,1447,Q3,0,0,1,Offer E,1,29.68,0,Yes,Cable,18,0,0,0,0,0,0,0,1,Month-to-Month,1,Bank Withdrawal,69.25,69.25,0.0,0,29.68,98.93,2,Churned,Yes,75,4371,Attitude,Attitude of support person,0.96
1768-ZAIFU,Female,74,No,Yes,No,No,0,United States,California,Rio Dell,95562,40.485849,-124.163234,3284,Q3,0,0,1,,0,0.0,0,Yes,Cable,5,0,0,0,0,0,0,0,1,Month-to-Month,1,Bank Withdrawal,25.2,25.2,0.0,0,0.0,25.2,1,Churned,Yes,67,5688,Competitor,Competitor made better offer,0.93
8621-MNIHH,Female,75,No,Yes,Yes,No,0,United States,California,Madison,95653,38.674276,-121.961866,844,Q3,1,1,34,,1,2.88,1,Yes,Fiber Optic,4,0,1,1,0,0,1,0,1,Month-to-Month,1,Bank Withdrawal,94.25,3217.55,0.0,0,97.92,3315.4700000000003,1,Churned,Yes,88,3369,Competitor,Competitor had better devices,0.97
9172-ANCRX,Female,35,No,No,No,No,0,United States,California,Carson,90745,33.822295,-118.26411,55486,Q3,0,0,10,Offer D,1,37.36,1,Yes,Fiber Optic,28,1,0,0,0,1,1,1,1,Month-to-Month,1,Bank Withdrawal,98.7,973.25,0.0,0,373.6,1346.85,1,Churned,Yes,68,5561,Attitude,Attitude of support person,0.95
8017-LXHFA,Female,77,No,Yes,No,No,0,United States,California,San Diego,92130,32.957195,-117.202542,28201,Q3,0,0,23,Offer D,1,31.17,0,Yes,Fiber Optic,23,0,1,0,0,1,1,0,1,Month-to-Month,1,Bank Withdrawal,94.75,2293.6,0.0,0,716.9100000000001,3010.51,2,Churned,Yes,95,2740,Competitor,Competitor made better offer,0.96
2919-HBCJO,Female,36,No,No,No,No,0,United States,California,Downieville,95936,39.578792,-120.780786,404,Q3,0,0,4,,1,24.09,0,Yes,Fiber Optic,17,0,1,0,0,0,0,0,1,Month-to-Month,1,Bank Withdrawal,76.65,333.6,0.0,0,96.36,429.96,1,Churned,Yes,90,4580,Other,Moved,1.0
9809-IMGCQ,Male,65,No,Yes,No,No,0,United States,California,Canyon Dam,95923,40.171312,-121.120605,86,Q3,0,0,22,Offer D,1,40.18,1,Yes,Fiber Optic,8,0,0,0,0,1,1,1,0,Month-to-Month,1,Bank Withdrawal,96.7,2082.95,0.0,100,883.96,3066.91,1,Churned,Yes,93,4458,Competitor,Competitor made better offer,0.86
8443-ZRDBZ,Male,62,No,No,No,No,0,United States,California,Fontana,92336,34.136367,-117.460803,54586,Q3,0,0,4,,1,42.44,1,Yes,Fiber Optic,29,0,0,0,0,0,0,0,1,Month-to-Month,1,Bank Withdrawal,76.05,318.9,0.0,0,169.76,488.66,1,Churned,Yes,75,3685,Price,Long distance charges,0.99
1597-LHYNC,Female,74,No,Yes,No,No,0,United States,California,Auburn,95602,38.99003,-121.114408,18197,Q3,0,0,26,,1,47.63,1,Yes,Fiber Optic,26,1,1,0,0,0,1,0,0,Month-to-Month,1,Bank Withdrawal,95.0,2497.2,0.0,60,1238.38,3795.58,1,Churned,Yes,90,4232,Price,Price too high,0.86
1761-AEZZR,Male,59,No,No,No,No,0,United States,California,Guinda,95637,38.830739,-122.196202,228,Q3,0,0,1,,1,4.04,0,Yes,Fiber Optic,6,0,0,0,0,1,0,0,1,Month-to-Month,1,Bank Withdrawal,79.55,79.55,0.0,0,4.04,83.59,2,Churned,Yes,72,5593,Other,Don't know,0.99
5692-FPTAH,Female,32,No,No,No,No,0,United States,California,Nicolaus,95659,38.788898,-121.608624,751,Q3,0,0,1,,1,38.31,0,Yes,Cable,26,0,0,0,0,0,0,0,1,Month-to-Month,1,Credit Card,45.4,45.4,0.0,0,38.31,83.71000000000001,2,Churned,Yes,67,2168,Dissatisfaction,Network reliability,0.91
2720-WGKHP,Male,65,No,Yes,No,No,0,United States,California,Sloughhouse,95683,38.470423,-121.114897,4731,Q3,0,0,2,Offer E,1,20.99,1,Yes,Fiber Optic,22,0,0,0,0,1,1,1,1,Month-to-Month,1,Bank Withdrawal,94.0,181.7,0.0,0,41.98,223.68,1,Churned,Yes,93,5569,Other,Don't know,0.97
2858-MOFSQ,Female,50,No,No,No,No,0,United States,California,Rio Oso,95674,38.954144,-121.482536,947,Q3,0,0,17,,1,24.31,1,Yes,DSL,21,0,0,1,0,0,0,0,1,One Year,1,Mailed Check,55.85,937.5,0.0,0,413.27,1350.77,2,Churned,Yes,76,5472,Price,Price too high,0.9
0616-ATFGB,Male,74,No,Yes,Yes,No,0,United States,California,Shasta Lake,96019,40.692523,-122.369876,6277,Q3,1,1,1,Offer E,0,0.0,0,Yes,Cable,18,0,0,0,0,0,0,0,1,Month-to-Month,0,Bank Withdrawal,25.05,25.05,0.0,0,0.0,25.05,1,Churned,Yes,95,2119,Competitor,Competitor had better devices,0.98
9851-QXEEQ,Male,21,Yes,No,No,No,0,United States,California,Bangor,95914,39.396585,-121.38029,626,Q3,0,0,41,,1,47.74,1,Yes,Fiber Optic,48,0,1,1,0,1,1,1,1,Month-to-Month,1,Bank Withdrawal,104.7,4346.4,0.0,0,1957.34,6303.74,1,Churned,Yes,84,3316,Competitor,Competitor had better devices,0.99
5047-LHVLY,Male,68,No,Yes,No,No,0,United States,California,San Diego,92121,32.898613,-117.202937,4258,Q3,0,0,1,Offer E,1,39.78,0,Yes,Cable,12,0,0,1,0,0,0,0,1,Month-to-Month,1,Mailed Check,50.15,50.15,0.0,0,39.78,89.93,2,Churned,Yes,91,3438,Competitor,Competitor made better offer,0.96
9851-KIELU,Male,53,No,No,No,No,0,United States,California,Loma Mar,94021,37.266388,-122.26308,148,Q3,0,0,10,,1,18.03,0,Yes,Fiber Optic,6,1,1,1,1,1,1,1,1,Month-to-Month,1,Bank Withdrawal,110.1,1043.3,0.0,0,180.3,1223.6,1,Churned,Yes,76,5803,Competitor,Competitor made better offer,1.0
0778-NELLA,Male,43,No,No,No,No,0,United States,California,Anaheim,92805,33.830209,-117.906099,68802,Q3,0,0,9,,0,0.0,0,Yes,DSL,9,0,0,0,0,1,0,0,1,Month-to-Month,1,Credit Card,34.7,296.1,0.0,0,0.0,296.1,1,Churned,Yes,95,5352,Competitor,Competitor offered higher download speeds,0.99
3398-FSHON,Female,79,No,Yes,No,No,0,United States,California,San Diego,92121,32.898613,-117.202937,4258,Q3,0,0,12,,1,34.01,1,Yes,Fiber Optic,18,0,1,0,0,1,0,0,1,Month-to-Month,1,Bank Withdrawal,91.3,1094.5,0.0,0,408.12,1502.62,2,Churned,Yes,94,4703,Competitor,Competitor made better offer,0.96
6032-IGALN,Female,35,No,No,No,No,0,United States,California,Granite Bay,95746,38.749466,-121.184196,20675,Q3,0,0,1,,0,0.0,0,Yes,Cable,28,0,0,0,0,0,0,0,1,Month-to-Month,1,Mailed Check,25.1,25.1,0.0,0,0.0,25.1,1,Churned,Yes,79,4769,Competitor,Competitor had better devices,0.83
2660-EMUBI,Male,71,No,Yes,No,No,0,United States,California,Escondido,92027,33.141265,-116.967221,48690,Q3,0,0,10,Offer D,1,41.37,1,Yes,Fiber Optic,14,0,0,0,0,1,1,0,1,Month-to-Month,1,Bank Withdrawal,95.35,898.35,0.0,0,413.7,1312.05,1,Churned,Yes,75,5353,Competitor,Competitor made better offer,0.96
3376-BMGFE,Female,42,No,No,No,Yes,1,United States,California,Monrovia,91016,34.1528,-118.000482,41067,Q3,0,0,4,Offer E,1,33.5,0,Yes,Fiber Optic,27,0,0,0,0,0,0,0,1,Month-to-Month,1,Bank Withdrawal,70.9,273.0,8.74,0,134.0,398.26,1,Churned,Yes,75,4287,Dissatisfaction,Product dissatisfaction,0.99
8519-IMDHU,Male,74,No,Yes,Yes,No,0,United States,California,Alderpoint,95511,40.166028,-123.584144,261,Q3,1,1,15,,1,45.25,1,Yes,Cable,22,0,0,0,0,0,1,0,1,Month-to-Month,1,Bank Withdrawal,85.6,1345.55,0.0,0,678.75,2024.3,1,Churned,Yes,83,4981,Competitor,Competitor had better devices,0.96
7825-GKXMW,Female,41,No,No,No,No,0,United States,California,San Diego,92121,32.898613,-117.202937,4258,Q3,0,0,1,Offer E,1,22.11,0,Yes,DSL,18,0,0,0,0,0,0,0,0,Month-to-Month,0,Bank Withdrawal,45.8,45.8,0.0,10,22.11,77.91,1,Churned,Yes,78,5973,Competitor,Competitor made better offer,0.98
1400-MMYXY,Male,71,No,Yes,Yes,No,0,United States,California,Alhambra,91801,34.090925,-118.128164,54382,Q3,1,1,3,,1,41.3,1,Yes,Fiber Optic,2,0,1,1,0,1,1,0,1,Month-to-Month,1,Bank Withdrawal,105.9,334.65,0.0,0,123.9,458.5499999999999,2,Churned,Yes,71,2715,Attitude,Attitude of service provider,0.98
5393-RXQSZ,Male,40,No,No,No,No,0,United States,California,Taft,93268,35.184837,-119.402525,14937,Q3,0,0,1,,1,19.32,0,Yes,Fiber Optic,22,0,0,0,0,0,1,1,1,Month-to-Month,0,Bank Withdrawal,79.6,79.6,0.0,0,19.32,98.92,3,Churned,Yes,91,2199,Attitude,Attitude of support person,0.97
1343-EHPYB,Male,61,No,No,Yes,No,0,United States,California,San Diego,92122,32.85723,-117.209774,34902,Q3,1,2,63,,1,48.95,1,Yes,Fiber Optic,13,0,1,1,0,1,1,1,1,Month-to-Month,1,Bank Withdrawal,103.4,6603.0,0.0,0,3083.8500000000004,9686.85,2,Churned,Yes,91,4352,Competitor,Competitor made better offer,0.98
5099-BAILX,Male,77,No,Yes,Yes,No,0,United States,California,Santa Barbara,93101,34.419203,-119.710008,31727,Q3,1,1,43,Offer B,1,14.52,1,Yes,Fiber Optic,5,0,1,1,1,1,1,0,1,Month-to-Month,1,Bank Withdrawal,110.75,4687.9,0.0,0,624.36,5312.259999999999,2,Churned,Yes,65,2728,Competitor,Competitor made better offer,0.97
2865-TCHJW,Female,74,No,Yes,No,No,0,United States,California,Anaheim,92807,33.848733,-117.788357,36301,Q3,0,0,4,,1,48.35,1,Yes,Cable,24,0,0,1,0,1,0,0,1,Month-to-Month,1,Bank Withdrawal,89.2,346.2,0.0,0,193.4,539.6,1,Churned,Yes,74,5808,Competitor,Competitor had better devices,0.97
0519-XUZJU,Female,56,No,No,No,No,0,United States,California,Felton,95018,37.089111,-122.062213,8728,Q3,0,0,1,,1,26.0,0,Yes,Fiber Optic,8,0,0,0,0,0,0,0,1,Month-to-Month,0,Mailed Check,70.75,70.75,0.0,0,26.0,96.75,2,Churned,Yes,93,3963,Dissatisfaction,Service dissatisfaction,0.72
6410-LEFEN,Female,38,No,No,No,No,0,United States,California,San Diego,92108,32.774046,-117.142454,11650,Q3,0,0,9,,1,15.62,0,Yes,DSL,2,0,0,0,0,0,0,0,1,Month-to-Month,0,Bank Withdrawal,45.15,416.45,0.0,0,140.57999999999998,557.03,1,Churned,Yes,73,3757,Dissatisfaction,Product dissatisfaction,0.96
5955-ERIHD,Male,53,No,No,Yes,No,0,United States,California,Lakewood,90712,33.840524,-118.148403,30173,Q3,1,1,18,Offer D,1,31.49,1,Yes,Fiber Optic,20,0,0,0,0,1,1,1,1,Month-to-Month,1,Bank Withdrawal,94.7,1687.95,0.0,0,566.8199999999999,2254.77,1,Churned,Yes,72,2206,Price,Long distance charges,0.98
0334-GDDSO,Male,77,No,Yes,No,No,0,United States,California,San Diego,92122,32.85723,-117.209774,34902,Q3,0,0,3,Offer E,1,9.22,1,Yes,Fiber Optic,14,0,1,0,0,0,0,0,1,Month-to-Month,1,Bank Withdrawal,81.35,233.7,0.0,0,27.660000000000004,261.36,1,Churned,Yes,73,2818,Competitor,Competitor made better offer,0.97
7274-RTAPZ,Male,20,Yes,No,No,No,0,United States,California,Long Beach,90804,33.783047,-118.1486,43467,Q3,0,0,1,Offer E,1,7.15,0,Yes,Fiber Optic,48,0,0,0,0,1,1,1,1,Month-to-Month,1,Bank Withdrawal,90.55,90.55,0.0,0,7.15,97.7,1,Churned,Yes,89,3898,Dissatisfaction,Product dissatisfaction,0.99
4547-KQRTM,Female,60,No,No,No,No,0,United States,California,Eldridge,95431,38.348884,-122.51699,363,Q3,0,0,10,,1,49.7,1,Yes,Fiber Optic,10,0,1,0,0,0,0,0,1,Month-to-Month,1,Bank Withdrawal,80.05,830.7,0.0,0,497.0,1327.7,1,Churned,Yes,76,3740,Competitor,Competitor offered higher download speeds,0.88
7599-FKVXZ,Male,54,No,No,Yes,No,0,United States,California,South Pasadena,91030,34.110444,-118.156957,23984,Q3,1,1,42,,1,2.41,1,Yes,Fiber Optic,21,0,0,1,1,1,1,1,1,Month-to-Month,1,Bank Withdrawal,106.15,4512.7,0.0,0,101.22,4613.92,1,Churned,Yes,93,2265,Other,Don't know,0.97
7752-XUSCI,Female,20,Yes,No,No,No,0,United States,California,Crestline,92325,34.248061,-117.29028,10484,Q3,0,0,60,,1,10.7,1,Yes,Fiber Optic,71,0,1,1,0,1,1,1,1,Month-to-Month,1,Bank Withdrawal,105.9,6396.45,0.0,0,642.0,7038.45,2,Churned,Yes,84,4105,Other,Don't know,0.93
7534-BFESC,Male,69,No,Yes,No,No,0,United States,California,San Diego,92122,32.85723,-117.209774,34902,Q3,0,0,24,Offer C,1,30.87,1,Yes,Fiber Optic,15,0,0,0,0,0,0,0,1,Month-to-Month,1,Bank Withdrawal,76.1,1712.7,0.0,0,740.88,2453.58,2,Churned,Yes,91,2018,Competitor,Competitor made better offer,0.87
9546-CQJSU,Female,50,No,No,No,No,0,United States,California,Soda Springs,95728,39.279068,-120.414275,88,Q3,0,0,2,,1,39.62,1,Yes,Fiber Optic,7,0,0,1,0,1,0,0,1,Month-to-Month,1,Bank Withdrawal,91.4,193.6,0.0,0,79.24,272.84,1,Churned,Yes,80,5100,Competitor,Competitor had better devices,1.0
0680-DFNNY,Male,62,No,No,Yes,No,0,United States,California,Winters,95694,38.578604,-122.024579,8406,Q3,1,1,15,,1,40.7,1,Yes,Fiber Optic,29,0,0,1,0,1,1,1,1,Month-to-Month,1,Bank Withdrawal,101.1,1504.05,0.0,0,610.5,2114.55,2,Churned,Yes,90,2055,Competitor,Competitor offered more data,0.94
7273-TEFQD,Male,67,No,Yes,No,No,0,United States,California,La Puente,91746,34.038983,-117.991372,30802,Q3,0,0,3,Offer E,0,0.0,0,Yes,DSL,28,0,0,1,0,0,1,1,1,Month-to-Month,1,Bank Withdrawal,41.15,132.2,0.0,0,0.0,132.2,2,Churned,Yes,96,2314,Price,Long distance charges,0.91
3538-WZPHD,Male,46,No,No,No,No,0,United States,California,San Francisco,94127,37.736535,-122.45732,20643,Q3,0,0,3,Offer E,0,0.0,0,Yes,Cable,3,0,1,0,0,0,0,0,1,Month-to-Month,1,Bank Withdrawal,29.6,79.45,0.0,0,0.0,79.45,1,Churned,Yes,76,2734,Competitor,Competitor had better devices,1.0
0880-TKATG,Male,21,Yes,No,Yes,No,0,United States,California,Lucerne Valley,92356,34.508417,-116.856103,5256,Q3,1,3,4,Offer E,1,9.56,1,Yes,Fiber Optic,48,0,0,1,0,1,1,1,1,Month-to-Month,0,Bank Withdrawal,101.15,385.9,0.0,0,38.24,424.14,1,Churned,Yes,84,4417,Competitor,Competitor had better devices,0.94
6227-HWPWX,Female,40,No,No,No,No,0,United States,California,Victorville,92392,34.486835,-117.362274,63235,Q3,0,0,15,Offer D,1,4.67,0,Yes,Fiber Optic,28,0,0,0,0,0,0,0,1,Month-to-Month,0,Bank Withdrawal,69.0,994.8,0.0,0,70.05,1064.85,1,Churned,Yes,73,5671,Competitor,Competitor had better devices,0.93
8914-RBTSB,Male,62,No,No,Yes,No,0,United States,California,Valley Village,91607,34.165783,-118.399795,27453,Q3,1,1,31,,1,2.12,1,Yes,Fiber Optic,17,0,1,1,0,1,0,0,0,Month-to-Month,0,Bank Withdrawal,93.8,3019.5,0.0,50,65.72,3135.22,1,Churned,Yes,79,4115,Other,Don't know,0.96
3804-RVTGV,Male,55,No,No,Yes,No,0,United States,California,Mountain View,94043,37.419725,-122.062947,27822,Q3,1,6,50,Offer B,1,42.21,1,Yes,Fiber Optic,14,0,1,1,0,1,1,1,1,Month-to-Month,1,Bank Withdrawal,103.85,5017.9,0.0,0,2110.5,7128.4,2,Churned,Yes,91,5812,Price,Price too high,0.99
0871-URUWO,Male,36,No,No,Yes,No,0,United States,California,Sheep Ranch,95250,38.244806,-120.417301,88,Q3,1,1,13,,1,30.55,1,Yes,Fiber Optic,28,0,0,1,0,1,1,1,1,Month-to-Month,1,Credit Card,102.25,1359.0,0.0,0,397.15,1756.15,1,Churned,Yes,66,2003,Competitor,Competitor had better devices,0.71
5644-PDMZC,Female,69,No,Yes,No,No,0,United States,California,Delano,93215,35.772244,-119.209689,37280,Q3,0,0,2,,1,47.47,1,Yes,Fiber Optic,19,0,1,0,0,0,1,1,1,Month-to-Month,0,Bank Withdrawal,89.5,161.5,0.0,0,94.94,256.44,2,Churned,Yes,80,2065,Attitude,Attitude of support person,1.0
4116-TZAQJ,Female,23,Yes,No,No,No,0,United States,California,Culver City,90230,33.993991,-118.39704,31963,Q3,0,0,9,,1,13.86,0,Yes,Fiber Optic,76,1,0,0,0,0,0,1,1,Month-to-Month,1,Credit Card,74.25,639.65,0.0,0,124.74,764.39,1,Churned,Yes,76,5393,Attitude,Attitude of support person,0.97
6772-KSATR,Male,31,No,No,No,No,0,United States,California,Eagleville,96110,41.280341,-120.150381,132,Q3,0,0,1,Offer E,1,9.81,1,Yes,Fiber Optic,28,1,0,0,0,0,0,0,1,Month-to-Month,1,Bank Withdrawal,81.7,81.7,0.0,0,9.81,91.51,1,Churned,Yes,83,5574,Dissatisfaction,Service dissatisfaction,0.95
7486-KSRVI,Male,56,No,No,No,No,0,United States,California,Folsom,95630,38.672638,-121.147403,51855,Q3,0,0,43,Offer B,1,39.37,1,Yes,Fiber Optic,23,0,0,0,1,1,1,1,0,One Year,1,Bank Withdrawal,100.0,4211.55,0.0,140,1692.91,6044.46,1,Churned,Yes,93,4760,Dissatisfaction,Product dissatisfaction,0.94
3393-FMZPV,Female,59,No,No,No,No,0,United States,California,Elverta,95626,38.734997,-121.463719,6197,Q3,0,0,25,,1,36.24,1,Yes,Fiber Optic,3,0,1,0,0,1,1,1,1,Month-to-Month,1,Bank Withdrawal,100.25,2387.75,0.0,0,906.0,3293.75,1,Churned,Yes,74,2195,Price,Extra data charges,0.97
7571-YXDAD,Female,37,No,No,No,No,0,United States,California,Davis,95618,38.544002,-121.685559,648,Q3,0,0,2,,1,38.28,1,Yes,Fiber Optic,18,0,0,0,0,0,0,0,1,Month-to-Month,0,Credit Card,74.9,147.15,0.0,0,76.56,223.71,1,Churned,Yes,93,2078,Price,Long distance charges,0.92
4184-TJFAN,Female,68,No,Yes,Yes,No,0,United States,California,Berkeley,94707,37.897753,-122.279391,11889,Q3,1,1,3,Offer E,1,25.77,0,Yes,Fiber Optic,2,1,0,0,1,1,0,0,1,Month-to-Month,1,Mailed Check,88.3,273.75,0.0,0,77.31,351.06,1,Churned,Yes,68,4486,Attitude,Attitude of support person,0.8
3908-BLSYF,Female,40,No,No,No,No,0,United States,California,Los Altos,94024,37.352911,-122.093002,21496,Q3,0,0,6,,1,25.93,0,Yes,Fiber Optic,24,0,0,1,0,0,1,1,1,Month-to-Month,0,Bank Withdrawal,83.9,497.55,0.0,0,155.57999999999998,653.13,1,Churned,Yes,90,3962,Competitor,Competitor had better devices,0.93
8806-EAGWC,Male,25,Yes,No,No,No,0,United States,California,Old Station,96071,40.656287,-121.428965,182,Q3,0,0,3,Offer E,1,22.77,0,Yes,DSL,51,0,0,0,0,1,0,1,1,Month-to-Month,0,Credit Card,55.15,159.15,0.0,0,68.31,227.46,2,Churned,Yes,78,5698,Dissatisfaction,Network reliability,1.0
7384-GHBPI,Male,61,No,No,Yes,No,0,United States,California,San Dimas,91773,34.102119,-117.815532,33878,Q3,1,1,3,Offer E,0,0.0,0,Yes,Cable,13,0,0,0,0,0,1,1,1,Month-to-Month,1,Bank Withdrawal,35.15,99.75,0.0,0,0.0,99.75,2,Churned,Yes,83,2987,Attitude,Attitude of support person,0.97
6956-SMUCM,Female,29,Yes,No,No,No,0,United States,California,Miranda,95553,40.210895,-123.86,867,Q3,0,0,3,,1,33.39,0,Yes,Fiber Optic,59,1,0,1,0,1,1,1,0,Month-to-Month,1,Credit Card,99.0,287.4,0.0,10,100.17,397.57,1,Churned,Yes,77,5236,Competitor,Competitor offered higher download speeds,0.97
7074-IEVOJ,Female,75,No,Yes,No,No,0,United States,California,San Francisco,94130,37.820894,-122.369725,1458,Q3,0,0,3,,1,41.9,1,Yes,Fiber Optic,11,0,1,0,0,0,0,0,1,Month-to-Month,1,Bank Withdrawal,79.4,205.05,0.0,0,125.7,330.75,1,Churned,Yes,91,3501,Dissatisfaction,Product dissatisfaction,0.93
4290-BSXUX,Male,33,No,No,Yes,No,0,United States,California,Fields Landing,95537,40.726949,-124.217378,228,Q3,1,1,3,,1,43.27,1,Yes,Fiber Optic,17,0,0,0,1,0,0,0,1,Month-to-Month,1,Bank Withdrawal,79.65,251.75,0.0,0,129.81,381.56,1,Churned,Yes,87,5036,Competitor,Competitor offered more data,0.99
6166-ILMNY,Female,46,No,No,No,No,0,United States,California,Tomales,94971,38.240769,-122.901041,384,Q3,0,0,2,,1,26.44,0,Yes,Fiber Optic,24,0,0,0,0,0,0,0,1,Month-to-Month,0,Bank Withdrawal,69.75,144.55,0.0,0,52.88,197.43,1,Churned,Yes,68,5667,Competitor,Competitor had better devices,0.97
0781-LKXBR,Male,65,No,Yes,No,No,0,United States,California,San Francisco,94102,37.7795,-122.419233,28998,Q3,0,0,9,,1,48.71,1,Yes,Fiber Optic,15,0,0,1,0,1,1,1,1,Month-to-Month,1,Bank Withdrawal,100.5,918.6,0.0,0,438.39,1356.99,1,Churned,Yes,70,4038,Competitor,Competitor had better devices,1.0
5536-RTPWK,Male,54,No,No,Yes,No,0,United States,California,Sausalito,94965,37.848641,-122.515692,11213,Q3,1,1,49,Offer B,1,20.48,1,Yes,Fiber Optic,22,0,1,0,0,1,1,1,1,Month-to-Month,1,Bank Withdrawal,99.05,4853.75,14.24,0,1003.52,5843.030000000001,2,Churned,Yes,91,5157,Competitor,Competitor offered higher download speeds,0.94
1455-UGQVH,Male,35,No,No,Yes,No,0,United States,California,Acampo,95220,38.200231,-121.235034,6317,Q3,1,1,10,Offer D,1,1.09,1,Yes,Fiber Optic,18,0,0,1,0,1,1,1,1,Month-to-Month,1,Bank Withdrawal,98.5,1037.75,0.0,0,10.9,1048.65,2,Churned,Yes,91,4501,Dissatisfaction,Lack of self-service on Website,1.0
0325-XBFAC,Male,44,No,No,No,No,0,United States,California,Hoopa,95546,41.163637,-123.704841,3041,Q3,0,0,8,,1,19.49,0,Yes,Fiber Optic,10,0,0,1,0,1,1,1,0,Month-to-Month,1,Bank Withdrawal,94.7,740.3,0.0,80,155.92,976.22,1,Churned,Yes,94,5811,Competitor,Competitor offered more data,0.97
4391-RESHN,Male,49,No,No,No,No,0,United States,California,Lemon Cove,93244,36.462671,-118.997291,293,Q3,0,0,23,Offer D,1,16.28,1,Yes,Fiber Optic,2,0,0,1,1,1,1,1,1,Month-to-Month,1,Credit Card,104.05,2470.1,0.0,0,374.44000000000005,2844.54,1,Churned,Yes,93,5963,Competitor,Competitor had better devices,0.98
3866-MDTUB,Female,64,No,No,No,No,0,United States,California,Los Angeles,90017,34.052842,-118.264495,20692,Q3,0,0,2,,1,26.93,0,Yes,DSL,10,1,0,0,0,1,1,1,1,Month-to-Month,1,Bank Withdrawal,70.75,146.9,0.0,0,53.86,200.76,1,Churned,Yes,72,3257,Attitude,Attitude of support person,0.91
0697-ZMSWS,Male,19,Yes,No,No,No,0,United States,California,Los Angeles,90023,34.017697,-118.200577,47487,Q3,0,0,4,,1,6.91,1,Yes,Fiber Optic,53,0,0,0,0,0,1,1,1,Month-to-Month,1,Bank Withdrawal,85.65,338.9,0.0,0,27.64,366.54,1,Churned,Yes,87,2330,Dissatisfaction,Limited range of services,0.97
6821-BUXUX,Female,28,Yes,No,No,No,0,United States,California,Temecula,92592,33.507255,-117.029473,46171,Q3,0,0,13,Offer D,1,17.02,1,Yes,Fiber Optic,41,1,1,0,0,1,0,0,1,Month-to-Month,1,Bank Withdrawal,96.65,1244.5,0.0,0,221.26,1465.76,1,Churned,Yes,65,2110,Competitor,Competitor made better offer,0.95
6347-DCUIK,Male,28,Yes,No,No,No,0,United States,California,Los Angeles,90043,33.988543,-118.334081,44764,Q3,0,0,10,Offer D,1,29.24,1,Yes,Fiber Optic,85,0,0,0,0,0,0,1,1,Month-to-Month,1,Credit Card,74.15,811.8,0.0,0,292.4,1104.1999999999998,1,Churned,Yes,90,4231,Attitude,Attitude of support person,0.99
5175-AOBHI,Female,48,No,No,No,No,0,United States,California,Hamilton City,95951,39.732767,-122.042298,1931,Q3,0,0,4,,1,15.07,0,Yes,Cable,16,0,0,0,0,0,0,0,1,Month-to-Month,1,Mailed Check,46.0,193.6,0.0,0,60.28,253.88,1,Churned,Yes,90,5246,Dissatisfaction,Lack of self-service on Website,0.78
0576-WNXXC,Male,70,No,Yes,Yes,No,0,United States,California,Parlier,93648,36.622237,-119.521126,12587,Q3,1,1,27,,1,39.49,1,Yes,Fiber Optic,7,0,1,1,0,0,1,1,1,Month-to-Month,1,Bank Withdrawal,95.55,2510.2,0.0,0,1066.23,3576.43,1,Churned,Yes,75,2999,Dissatisfaction,Service dissatisfaction,0.99
2990-HWIML,Female,58,No,No,No,No,0,United States,California,Ontario,91764,34.074087,-117.605618,49474,Q3,0,0,6,Offer E,1,47.92,0,Yes,Fiber Optic,25,0,0,0,0,1,1,1,1,Month-to-Month,1,Bank Withdrawal,89.5,573.3,0.0,0,287.52,860.8199999999999,1,Churned,Yes,82,2898,Competitor,Competitor had better devices,0.94
6993-OHLXR,Female,26,Yes,No,No,No,0,United States,California,Walnut Creek,94596,37.900662,-122.052782,40917,Q3,0,0,2,,1,30.73,0,Yes,Fiber Optic,39,0,0,0,0,0,0,1,1,Month-to-Month,0,Bank Withdrawal,68.95,119.75,0.0,0,61.46,181.21,1,Churned,Yes,84,5225,Competitor,Competitor had better devices,0.96
2482-CZGBB,Male,41,No,No,No,No,0,United States,California,Anaheim,92804,33.818,-117.974404,81333,Q3,0,0,10,,1,27.28,0,Yes,Fiber Optic,27,0,0,0,0,0,0,0,1,Month-to-Month,1,Bank Withdrawal,70.0,740.0,0.0,0,272.8,1012.8,1,Churned,Yes,67,3156,Competitor,Competitor had better devices,0.95
6906-ANDWJ,Male,39,No,No,Yes,No,0,United States,California,Vina,96092,39.955164,-122.018567,439,Q3,1,1,15,Offer D,1,34.63,1,Yes,Fiber Optic,15,0,0,0,0,0,0,0,1,Month-to-Month,1,Bank Withdrawal,74.9,1107.25,0.0,0,519.45,1626.7,2,Churned,Yes,90,2510,Dissatisfaction,Lack of self-service on Website,0.97
5707-ORNDZ,Male,79,No,Yes,No,No,0,United States,California,Yuba City,95993,39.075694,-121.70606,27786,Q3,0,0,9,Offer E,1,2.45,1,Yes,DSL,7,1,0,0,0,0,0,0,1,Month-to-Month,0,Bank Withdrawal,54.55,494.05,0.0,0,22.05,516.1,1,Churned,Yes,79,4656,Dissatisfaction,Network reliability,0.99
5178-LMXOP,Male,71,No,Yes,Yes,No,0,United States,California,Gardena,90248,33.876482,-118.284077,9960,Q3,1,1,1,,1,4.89,1,Yes,Fiber Optic,11,0,0,0,0,1,1,0,1,Month-to-Month,1,Bank Withdrawal,95.1,95.1,0.0,0,4.89,99.99,1,Churned,Yes,70,5795,Price,Price too high,1.0
7137-RYLPP,Male,75,No,Yes,Yes,No,0,United States,California,Paskenta,96074,39.884395,-122.587513,263,Q3,1,1,37,Offer C,1,46.61,1,Yes,Fiber Optic,26,0,0,0,0,1,0,0,1,Month-to-Month,1,Bank Withdrawal,85.7,3171.15,0.0,0,1724.57,4895.72,2,Churned,Yes,86,4712,Competitor,Competitor offered higher download speeds,0.86
3217-FZDMN,Female,66,No,Yes,No,No,0,United States,California,Los Angeles,90001,33.973616,-118.24902,54492,Q3,0,0,8,Offer E,1,5.21,0,Yes,Fiber Optic,8,0,0,1,0,1,1,0,1,Month-to-Month,1,Credit Card,94.45,742.95,0.0,0,41.68,784.63,1,Churned,Yes,83,3676,Competitor,Competitor had better devices,0.95
5515-AKOAJ,Female,38,No,No,No,No,0,United States,California,Hawaiian Gardens,90716,33.830431,-118.074071,14852,Q3,0,0,54,,1,41.83,1,Yes,Fiber Optic,9,0,0,0,1,1,1,1,1,Month-to-Month,1,Bank Withdrawal,100.1,5440.9,0.0,0,2258.8199999999997,7699.719999999999,1,Churned,Yes,75,5763,Dissatisfaction,Service dissatisfaction,0.97
9462-MJUAW,Male,60,No,No,No,No,0,United States,California,Berkeley,94708,37.897743,-122.263124,10737,Q3,0,0,4,,1,30.44,1,Yes,Cable,10,0,0,0,0,0,0,0,1,Month-to-Month,0,Credit Card,50.4,206.6,0.0,0,121.76,328.36,1,Churned,Yes,92,4399,Competitor,Competitor had better devices,0.9
7079-QRCBC,Female,35,No,No,No,No,0,United States,California,Sacramento,95864,38.585826,-121.376263,23362,Q3,0,0,24,,1,37.69,1,Yes,Fiber Optic,18,0,0,1,0,1,1,1,1,Month-to-Month,1,Bank Withdrawal,98.75,2407.3,0.0,0,904.56,3311.86,1,Churned,Yes,85,4016,Competitor,Competitor had better devices,1.0
7538-GWHML,Female,52,No,No,No,No,0,United States,California,Lemon Cove,93244,36.462671,-118.997291,293,Q3,0,0,2,Offer E,1,7.64,0,Yes,Fiber Optic,27,0,0,0,0,0,0,0,1,Month-to-Month,0,Bank Withdrawal,69.65,145.15,0.0,0,15.28,160.43,2,Churned,Yes,80,2323,Competitor,Competitor made better offer,0.97
6439-GTPCA,Female,29,Yes,No,No,No,0,United States,California,San Diego,92129,32.961064,-117.134917,47224,Q3,0,0,45,,1,4.48,1,Yes,Cable,51,0,0,1,1,0,0,0,1,Month-to-Month,1,Bank Withdrawal,87.25,3941.7,0.0,0,201.6,4143.3,1,Churned,Yes,90,5269,Competitor,Competitor made better offer,0.97
6892-XPFPU,Male,70,No,Yes,Yes,No,0,United States,California,Pasadena,91107,34.159007,-118.087353,32369,Q3,1,3,24,Offer C,1,49.76,1,Yes,Fiber Optic,11,0,1,1,0,1,1,1,1,Month-to-Month,1,Bank Withdrawal,104.25,2433.9,0.0,0,1194.24,3628.14,1,Churned,Yes,80,2104,Competitor,Competitor offered higher download speeds,0.97
3672-YITQD,Male,71,No,Yes,Yes,No,0,United States,California,Castaic,91384,34.506627,-118.699048,22177,Q3,1,1,36,Offer C,1,31.65,1,Yes,Fiber Optic,15,0,0,0,0,0,1,0,1,Month-to-Month,1,Bank Withdrawal,84.1,3021.6,0.0,0,1139.4,4161.0,1,Churned,Yes,79,2987,Competitor,Competitor made better offer,0.95
3143-JQEGI,Female,52,No,No,Yes,No,0,United States,California,San Diego,92126,32.886925,-117.152162,74232,Q3,1,1,13,,1,17.83,0,Yes,Fiber Optic,10,0,0,0,0,1,1,1,1,Month-to-Month,0,Bank Withdrawal,88.35,1222.8,0.0,0,231.78999999999996,1454.59,2,Churned,Yes,81,3740,Competitor,Competitor made better offer,0.98
4503-BDXBD,Male,41,No,No,No,No,0,United States,California,Anaheim,92808,33.850452,-117.726668,19629,Q3,0,0,11,,1,25.24,0,Yes,Fiber Optic,29,0,1,0,0,0,0,0,1,Month-to-Month,0,Bank Withdrawal,74.95,815.5,0.0,0,277.64,1093.14,1,Churned,Yes,76,4251,Attitude,Attitude of support person,0.9
6356-ELRKD,Female,29,Yes,No,No,No,0,United States,California,Rancho Mirage,92270,33.763678,-116.429928,12465,Q3,0,0,1,,1,6.67,0,Yes,Fiber Optic,27,1,0,0,0,1,1,1,1,Month-to-Month,1,Bank Withdrawal,95.6,95.6,0.0,0,6.67,102.27,2,Churned,Yes,79,4091,Other,Don't know,1.0
5138-WVKYJ,Male,51,No,No,No,No,0,United States,California,San Diego,92129,32.961064,-117.134917,47224,Q3,0,0,10,Offer D,1,27.57,1,Yes,Fiber Optic,13,1,0,0,0,1,1,1,1,Month-to-Month,0,Bank Withdrawal,98.55,1008.55,0.0,0,275.7,1284.25,1,Churned,Yes,93,3658,Competitor,Competitor made better offer,0.9
3249-ZPQRG,Male,28,Yes,No,No,No,0,United States,California,Diamond Springs,95619,38.683605,-120.811852,4426,Q3,0,0,4,Offer E,1,42.06,1,Yes,Fiber Optic,58,0,1,0,0,0,0,1,1,Month-to-Month,0,Bank Withdrawal,78.45,330.05,0.0,0,168.24,498.29,1,Churned,Yes,67,5048,Competitor,Competitor made better offer,0.98
8357-EQXFO,Female,46,No,No,No,No,0,United States,California,Union City,94587,37.59485,-122.051521,66472,Q3,0,0,7,Offer E,1,48.36,0,Yes,Fiber Optic,15,0,0,1,0,1,1,1,1,Month-to-Month,1,Bank Withdrawal,95.35,660.9,34.29,0,338.52,965.13,2,Churned,Yes,92,3077,Competitor,Competitor made better offer,0.89
4706-AXVKM,Female,78,No,Yes,No,No,0,United States,California,Stevenson Ranch,91381,34.364153,-118.615583,9937,Q3,0,0,11,,1,4.1,1,Yes,Fiber Optic,5,0,0,0,0,0,1,0,1,Month-to-Month,1,Credit Card,84.8,906.85,0.0,0,45.099999999999994,951.95,2,Churned,Yes,67,5118,Price,Extra data charges,0.82
4910-GMJOT,Female,56,No,No,No,No,0,United States,California,San Francisco,94129,37.797526,-122.464531,2240,Q3,0,0,1,,1,1.17,1,Yes,Fiber Optic,27,0,0,0,0,1,1,1,1,Month-to-Month,1,Bank Withdrawal,94.6,94.6,0.0,0,1.17,95.77,1,Churned,Yes,96,4033,Other,Don't know,0.99
1792-UXAFY,Female,80,No,Yes,No,No,0,United States,California,San Jose,95110,37.34667,-121.910019,18197,Q3,0,0,17,Offer D,1,30.37,0,Yes,Fiber Optic,28,0,1,1,0,1,0,0,1,Month-to-Month,1,Bank Withdrawal,89.15,1496.9,0.0,0,516.29,2013.19,1,Churned,Yes,89,5082,Dissatisfaction,Service dissatisfaction,0.77
9600-NAXZN,Male,39,No,No,No,No,0,United States,California,San Diego,92121,32.898613,-117.202937,4258,Q3,0,0,43,,1,49.64,1,Yes,Fiber Optic,27,0,1,0,0,1,1,1,1,Month-to-Month,1,Bank Withdrawal,101.4,4528.0,0.0,0,2134.52,6662.52,1,Churned,Yes,90,3370,Competitor,Competitor made better offer,0.82
8972-HJWNV,Female,75,No,Yes,Yes,No,0,United States,California,Huron,93234,36.217864,-120.080117,6918,Q3,1,1,7,Offer E,1,21.43,1,Yes,Fiber Optic,12,0,0,0,0,0,1,0,1,Month-to-Month,1,Bank Withdrawal,84.55,646.85,0.0,0,150.01,796.86,1,Churned,Yes,80,5245,Competitor,Competitor made better offer,0.96
6457-USBER,Male,34,No,No,No,No,0,United States,California,San Diego,92121,32.898613,-117.202937,4258,Q3,0,0,1,,1,41.77,0,Yes,Fiber Optic,15,0,0,0,0,0,1,1,1,Month-to-Month,1,Bank Withdrawal,80.8,80.8,0.0,0,41.77,122.57,3,Churned,Yes,90,4424,Competitor,Competitor made better offer,0.91
5655-JSMZM,Male,66,No,Yes,No,No,0,United States,California,Coalinga,93210,36.186867,-120.387793,18036,Q3,0,0,49,Offer B,1,32.36,1,Yes,Fiber Optic,2,0,0,0,0,1,1,0,1,Month-to-Month,1,Bank Withdrawal,96.2,4718.25,0.0,0,1585.64,6303.889999999999,2,Churned,Yes,74,5904,Attitude,Attitude of support person,0.97
3744-ZRRDZ,Male,25,Yes,No,No,No,0,United States,California,Torrance,90501,33.833699,-118.314387,40705,Q3,0,0,21,Offer D,1,12.76,1,Yes,Fiber Optic,48,0,1,0,0,0,0,1,1,Month-to-Month,1,Bank Withdrawal,82.35,1852.85,0.0,0,267.96,2120.81,1,Churned,Yes,90,2902,Dissatisfaction,Network reliability,0.97
0812-WUPTB,Male,65,No,Yes,Yes,No,0,United States,California,Corona Del Mar,92625,33.600987,-117.862734,13422,Q3,1,1,1,Offer E,1,49.6,0,Yes,Fiber Optic,13,0,0,0,0,0,0,0,1,Month-to-Month,0,Credit Card,70.85,70.85,0.0,0,49.6,120.45,2,Churned,Yes,69,3022,Price,Long distance charges,0.98
2672-DZUOY,Male,46,No,No,No,No,0,United States,California,Buttonwillow,93206,35.451402,-119.488413,2078,Q3,0,0,1,Offer E,0,0.0,0,Yes,DSL,5,0,0,0,0,0,0,0,1,Month-to-Month,1,Bank Withdrawal,25.15,25.15,0.0,0,0.0,25.15,1,Churned,Yes,91,5386,Competitor,Competitor had better devices,0.96
2810-FTLEM,Female,21,Yes,No,No,No,0,United States,California,Los Angeles,90036,34.070291,-118.349191,32901,Q3,0,0,16,,1,14.26,0,Yes,DSL,53,1,0,0,0,0,0,0,1,Month-to-Month,1,Bank Withdrawal,50.15,762.25,0.0,0,228.16,990.41,2,Churned,Yes,69,4254,Competitor,Competitor offered higher download speeds,0.99
6518-LGAOV,Female,60,No,No,Yes,No,0,United States,California,San Diego,92121,32.898613,-117.202937,4258,Q3,1,1,38,,1,19.08,1,Yes,Fiber Optic,4,0,0,1,1,1,1,1,1,Month-to-Month,1,Bank Withdrawal,105.0,4026.4,0.0,0,725.04,4751.4400000000005,1,Churned,Yes,92,2341,Other,Don't know,0.92
1866-RZZQS,Male,77,No,Yes,No,No,0,United States,California,Redlands,92373,34.003243,-117.138286,31230,Q3,0,0,41,Offer B,1,42.06,1,Yes,Fiber Optic,21,0,0,1,0,1,1,0,1,Month-to-Month,1,Bank Withdrawal,98.4,4187.75,0.0,0,1724.46,5912.21,1,Churned,Yes,91,2169,Competitor,Competitor had better devices,0.9
9850-OWRHQ,Female,55,No,No,Yes,No,0,United States,California,Torrance,90502,33.833181,-118.292062,17058,Q3,1,1,3,,1,16.29,1,Yes,Fiber Optic,24,0,0,0,0,0,0,0,1,Month-to-Month,1,Credit Card,74.1,228.0,0.0,0,48.87,276.87,1,Churned,Yes,69,5657,Dissatisfaction,Lack of self-service on Website,0.94
9866-QEVEE,Male,58,No,No,No,No,0,United States,California,Modesto,95356,37.716186,-121.025836,26055,Q3,0,0,19,Offer D,1,20.41,1,Yes,Fiber Optic,11,0,0,0,0,0,1,1,0,Month-to-Month,1,Bank Withdrawal,86.0,1532.45,0.0,30,387.79,1950.24,1,Churned,Yes,91,4857,Competitor,Competitor had better devices,1.0
3334-CTHOL,Female,51,No,No,No,No,0,United States,California,Jackson,95642,38.336216,-120.76901,6202,Q3,0,0,1,,1,43.49,1,Yes,Cable,4,0,0,0,0,0,0,0,1,Month-to-Month,1,Bank Withdrawal,49.95,49.95,0.0,0,43.49,93.44,2,Churned,Yes,71,2041,Competitor,Competitor had better devices,0.83
0872-NXJYS,Female,40,No,No,No,No,0,United States,California,West Hollywood,90069,34.093781,-118.381061,20408,Q3,0,0,9,,1,45.41,0,Yes,Fiber Optic,23,0,0,0,0,0,1,1,1,Month-to-Month,1,Bank Withdrawal,79.55,723.4,0.0,0,408.68999999999994,1132.09,1,Churned,Yes,81,3246,Competitor,Competitor offered more data,0.93
6140-QNRQQ,Male,42,No,No,No,No,0,United States,California,Santa Barbara,93103,34.438581,-119.685368,20893,Q3,0,0,1,Offer E,1,17.27,0,Yes,Fiber Optic,10,0,0,0,0,0,0,0,1,Month-to-Month,1,Mailed Check,71.55,71.55,0.0,0,17.27,88.82,1,Churned,Yes,91,5739,Competitor,Competitor had better devices,0.97
8943-URTMR,Female,56,No,No,No,No,0,United States,California,Lawndale,90260,33.88856,-118.351813,33300,Q3,0,0,2,Offer E,1,29.04,0,Yes,Fiber Optic,21,0,0,0,0,1,0,0,1,Month-to-Month,1,Mailed Check,79.65,152.7,0.0,0,58.08,210.77999999999997,2,Churned,Yes,91,5082,Price,Lack of affordable download/upload speed,0.98
3707-GNWHM,Male,28,Yes,No,No,No,0,United States,California,Carmel Valley,93924,36.414611,-121.6386,6691,Q3,0,0,1,,1,21.8,1,Yes,Fiber Optic,42,0,0,0,0,0,0,0,1,Month-to-Month,1,Mailed Check,74.25,74.25,0.0,0,21.8,96.05,1,Churned,Yes,93,4750,Other,Don't know,0.99
0612-RTZZA,Female,77,No,Yes,No,No,0,United States,California,Vista,92084,33.22784,-117.200024,44692,Q3,0,0,1,Offer E,0,0.0,0,Yes,DSL,15,0,0,0,0,0,0,0,1,Month-to-Month,0,Bank Withdrawal,25.25,25.25,0.0,0,0.0,25.25,2,Churned,Yes,87,4628,Price,Price too high,0.96
9965-YOKZB,Male,73,No,Yes,No,No,0,United States,California,Grizzly Flats,95636,38.636102,-120.522149,659,Q3,0,0,9,,1,10.04,1,Yes,Fiber Optic,13,0,0,0,0,0,1,0,1,Month-to-Month,1,Bank Withdrawal,83.85,790.15,0.0,0,90.36,880.51,1,Churned,Yes,71,3723,Dissatisfaction,Network reliability,0.98
2691-NZETQ,Male,28,Yes,No,No,No,0,United States,California,San Jose,95130,37.277592,-121.986477,13481,Q3,0,0,9,Offer E,1,49.14,1,Yes,Fiber Optic,58,0,0,0,0,1,0,0,1,Month-to-Month,1,Bank Withdrawal,85.35,758.6,0.0,0,442.26,1200.86,2,Churned,Yes,89,2752,Competitor,Competitor offered higher download speeds,0.99
6326-MTTXK,Male,56,No,No,No,No,0,United States,California,Yuba City,95993,39.075694,-121.70606,27786,Q3,0,0,8,Offer E,1,3.27,1,Yes,Fiber Optic,6,0,1,0,0,1,1,1,1,Month-to-Month,0,Bank Withdrawal,100.85,819.55,0.0,0,26.16,845.7099999999999,2,Churned,Yes,90,3849,Attitude,Attitude of service provider,1.0
9637-EIHEQ,Female,20,Yes,No,No,No,0,United States,California,San Diego,92126,32.886925,-117.152162,74232,Q3,0,0,1,,1,22.82,0,Yes,Cable,27,0,0,0,1,0,0,0,1,Month-to-Month,1,Bank Withdrawal,50.8,50.8,0.0,0,22.82,73.62,2,Churned,Yes,68,4535,Competitor,Competitor made better offer,0.76
3269-ATYWD,Male,79,No,Yes,No,No,0,United States,California,San Francisco,94123,37.800254,-122.436975,22920,Q3,0,0,39,Offer C,1,41.93,1,Yes,Fiber Optic,23,0,0,0,0,1,1,0,0,Month-to-Month,1,Bank Withdrawal,95.65,3759.05,0.0,150,1635.27,5544.32,1,Churned,Yes,65,4892,Other,Don't know,0.88
2446-PLQVO,Male,32,No,No,No,No,0,United States,California,Santa Clarita,91350,34.502432,-118.41459,40077,Q3,0,0,1,Offer E,1,5.67,0,Yes,Fiber Optic,7,0,0,0,0,0,0,0,1,Month-to-Month,1,Bank Withdrawal,70.3,70.3,0.0,0,5.67,75.97,2,Churned,Yes,78,4512,Other,Don't know,0.75
3683-QKIUE,Female,51,No,No,No,No,0,United States,California,San Francisco,94107,37.768881,-122.395521,17372,Q3,0,0,6,Offer E,1,21.91,0,Yes,DSL,12,0,0,0,1,0,0,0,1,Month-to-Month,1,Bank Withdrawal,50.8,288.05,0.0,0,131.46,419.51,2,Churned,Yes,88,4713,Competitor,Competitor offered higher download speeds,0.99
7641-EUYET,Male,76,No,Yes,Yes,No,0,United States,California,Tranquillity,93668,36.635661,-120.288644,1130,Q3,1,3,46,,1,49.11,1,Yes,Fiber Optic,17,1,1,1,0,1,0,0,1,Month-to-Month,1,Bank Withdrawal,100.7,4541.2,46.64,0,2259.06,6753.619999999999,1,Churned,Yes,72,5712,Dissatisfaction,Product dissatisfaction,0.99
2207-NHRJK,Male,58,No,No,No,No,0,United States,California,Carmel,93923,36.460611,-121.852507,13121,Q3,0,0,1,Offer E,1,1.28,0,Yes,DSL,27,0,1,0,0,0,0,0,1,Month-to-Month,0,Bank Withdrawal,50.8,50.8,0.0,0,1.28,52.08,1,Churned,Yes,85,3718,Competitor,Competitor had better devices,0.99
7780-OTDSO,Male,51,No,No,Yes,No,0,United States,California,Covelo,95428,39.83307,-123.178765,2296,Q3,1,1,18,,1,11.3,1,Yes,Fiber Optic,16,1,0,0,0,1,1,1,1,Month-to-Month,1,Bank Withdrawal,99.4,1742.95,0.0,0,203.4,1946.35,1,Churned,Yes,86,2421,Attitude,Attitude of support person,0.97
4529-CKBCL,Female,51,No,No,No,No,0,United States,California,Ventura,93001,34.360261,-119.306383,32899,Q3,0,0,2,Offer E,1,49.79,0,Yes,Fiber Optic,22,0,0,0,0,1,0,0,0,Month-to-Month,1,Bank Withdrawal,80.2,146.05,0.0,10,99.58,255.63,2,Churned,Yes,85,4381,Attitude,Attitude of service provider,0.97
9986-BONCE,Female,36,No,No,No,No,0,United States,California,Fallbrook,92028,33.362575,-117.299644,42239,Q3,0,0,4,,1,2.01,0,No,,0,0,0,0,0,0,0,0,0,Month-to-Month,0,Bank Withdrawal,20.95,85.5,0.0,0,8.04,93.54,1,Churned,Yes,85,5822,Competitor,Competitor made better offer,0.91
4817-QRJSX,Female,46,No,No,No,No,0,United States,California,Clovis,93612,36.814539,-119.711868,33856,Q3,0,0,10,Offer D,1,49.5,1,Yes,Fiber Optic,19,0,1,0,0,0,0,0,1,Month-to-Month,1,Credit Card,81.0,818.05,0.0,0,495.0,1313.05,2,Churned,Yes,95,2946,Attitude,Attitude of support person,0.83
2722-JMONI,Female,73,No,Yes,Yes,No,0,United States,California,Escondido,92029,33.079834,-117.134275,17944,Q3,1,1,1,Offer E,1,24.24,0,Yes,Cable,9,1,0,0,0,0,0,0,1,Month-to-Month,1,Bank Withdrawal,49.55,49.55,0.0,0,24.24,73.78999999999999,1,Churned,Yes,76,4989,Dissatisfaction,Limited range of services,0.97
6711-VTNRE,Female,42,No,No,No,No,0,United States,California,Tranquillity,93668,36.635661,-120.288644,1130,Q3,0,0,36,,1,27.72,0,Yes,Fiber Optic,24,0,0,1,1,0,1,1,1,Month-to-Month,1,Bank Withdrawal,87.55,3078.1,0.0,0,997.92,4076.02,1,Churned,Yes,92,2558,Competitor,Competitor had better devices,0.96
8976-OQHGT,Female,38,No,No,Yes,Yes,3,United States,California,Lomita,90717,33.794209,-118.317354,21065,Q3,1,5,4,,1,42.71,0,Yes,DSL,56,0,1,0,1,0,0,0,1,Month-to-Month,0,Credit Card,56.5,235.1,0.0,0,170.84,405.94,2,Churned,Yes,91,5758,Dissatisfaction,Lack of self-service on Website,0.83
4818-QIUFN,Female,69,No,Yes,No,No,0,United States,California,Desert Hot Springs,92241,33.832799,-116.250973,5529,Q3,0,0,20,,1,11.82,1,Yes,Fiber Optic,5,1,0,0,0,0,0,0,1,Month-to-Month,1,Bank Withdrawal,79.15,1520.9,0.0,0,236.4,1757.3000000000002,1,Churned,Yes,95,4997,Attitude,Attitude of support person,0.93
8182-BJDSI,Female,56,No,No,No,No,0,United States,California,Santa Ana,92705,33.766004,-117.786763,44117,Q3,0,0,28,Offer C,1,30.28,1,Yes,Fiber Optic,30,0,1,0,0,0,1,1,1,Month-to-Month,1,Bank Withdrawal,89.95,2625.55,0.0,0,847.84,3473.3900000000003,1,Churned,Yes,90,2468,Attitude,Attitude of service provider,0.95
0742-MOABM,Male,50,No,No,Yes,No,0,United States,California,Fallbrook,92028,33.362575,-117.299644,42239,Q3,1,2,4,,1,9.67,0,Yes,Cable,22,0,0,0,1,0,0,0,1,Month-to-Month,0,Credit Card,50.05,179.35,0.0,0,38.68,218.03,2,Churned,Yes,82,3394,Competitor,Competitor made better offer,0.94
0257-ZESQC,Female,80,No,Yes,Yes,No,0,United States,California,Perris,92571,33.828289,-117.201666,26357,Q3,1,2,27,,1,7.02,0,Yes,Cable,25,1,0,0,0,0,0,0,1,Month-to-Month,1,Bank Withdrawal,75.2,1929.35,0.0,0,189.54,2118.89,1,Churned,Yes,91,4517,Attitude,Attitude of support person,0.92
6946-LMSQS,Male,80,No,Yes,Yes,No,0,United States,California,Temecula,92592,33.507255,-117.029473,46171,Q3,1,3,25,Offer C,1,33.63,1,Yes,Fiber Optic,25,1,0,0,0,0,1,0,1,One Year,1,Bank Withdrawal,89.05,2177.45,0.0,0,840.7500000000001,3018.2,1,Churned,Yes,90,2673,Competitor,Competitor made better offer,0.94
4800-CZMPC,Female,24,Yes,No,Yes,No,0,United States,California,Delano,93215,35.772244,-119.209689,37280,Q3,1,1,48,Offer B,1,6.36,1,Yes,Fiber Optic,47,1,1,0,0,1,1,1,1,One Year,1,Credit Card,103.25,5037.55,0.0,0,305.28000000000003,5342.83,1,Churned,Yes,71,4736,Attitude,Attitude of service provider,0.76
7693-LCKZL,Male,57,No,No,Yes,Yes,1,United States,California,Julian,92036,32.980678,-116.262854,3577,Q3,1,1,5,,1,11.54,1,Yes,Fiber Optic,19,0,1,0,0,0,0,0,1,Month-to-Month,1,Bank Withdrawal,80.15,385.0,0.0,0,57.7,442.7,1,Churned,Yes,84,5124,Competitor,Competitor had better devices,0.85
6581-NQCBA,Female,36,No,No,Yes,No,0,United States,California,Snelling,95369,37.521708,-120.426843,1158,Q3,1,1,16,Offer D,0,0.0,0,Yes,DSL,29,0,0,0,1,1,1,1,1,Month-to-Month,1,Bank Withdrawal,49.95,810.2,0.0,0,0.0,810.2,1,Churned,Yes,78,4840,Other,Don't know,0.87
9824-BEMCV,Male,58,No,No,Yes,No,0,United States,California,Modesto,95350,37.671806,-121.007575,52872,Q3,1,1,17,Offer D,1,44.97,0,Yes,Fiber Optic,11,0,0,0,0,0,0,0,1,Month-to-Month,1,Bank Withdrawal,69.0,1149.65,0.0,0,764.49,1914.14,2,Churned,Yes,77,3368,Competitor,Competitor offered higher download speeds,0.75
9101-BWFSS,Female,58,No,No,Yes,No,0,United States,California,Tollhouse,93667,36.993666,-119.348267,2633,Q3,1,1,50,Offer B,1,29.43,1,Yes,Fiber Optic,14,1,1,0,1,1,1,1,1,One Year,0,Bank Withdrawal,108.55,5610.7,0.0,0,1471.5,7082.2,2,Churned,Yes,82,4274,Other,Moved,0.96
2034-GDRCN,Female,47,No,No,No,No,0,United States,California,San Diego,92122,32.85723,-117.209774,34902,Q3,0,0,2,Offer E,1,10.53,0,Yes,Fiber Optic,8,0,0,0,0,1,1,1,1,Month-to-Month,1,Bank Withdrawal,90.4,168.2,0.0,0,21.06,189.26,3,Churned,Yes,76,4157,Other,Don't know,0.86
9667-EQRXU,Female,74,No,Yes,No,No,0,United States,California,Boron,93516,34.95703,-117.73045,2241,Q3,0,0,30,,0,0.0,0,Yes,Cable,7,0,0,1,0,1,0,0,0,Month-to-Month,1,Bank Withdrawal,40.3,1172.95,0.0,100,0.0,1272.95,2,Churned,Yes,94,3016,Other,Don't know,0.85
4831-EOBFE,Male,43,No,No,Yes,No,0,United States,California,Mountain Ranch,95246,38.264262,-120.515133,1692,Q3,1,1,29,,1,40.49,0,Yes,Fiber Optic,15,1,0,0,0,1,1,1,1,Month-to-Month,0,Credit Card,94.65,2649.15,0.0,0,1174.21,3823.36,1,Churned,Yes,70,5150,Other,Don't know,0.92
0533-BNWKF,Female,66,No,Yes,Yes,No,0,United States,California,San Diego,92122,32.85723,-117.209774,34902,Q3,1,2,55,Offer B,1,42.82,1,Yes,Fiber Optic,27,0,1,1,0,0,0,0,0,Month-to-Month,1,Bank Withdrawal,85.45,4874.7,0.0,90,2355.1,7319.799999999999,1,Churned,Yes,91,5502,Competitor,Competitor made better offer,0.96
4745-LSPLO,Male,22,Yes,No,No,No,0,United States,California,San Diego,92111,32.805518,-117.169052,46828,Q3,0,0,1,,1,19.85,0,No,,0,0,0,0,0,0,0,0,0,Month-to-Month,0,Credit Card,20.5,20.5,0.0,0,19.85,40.35,2,Churned,Yes,84,3731,Attitude,Attitude of support person,0.93
3585-ISXZP,Female,53,No,No,No,No,0,United States,California,Indio,92201,33.713891,-116.237257,56307,Q3,0,0,8,,1,29.66,1,Yes,Fiber Optic,12,0,0,0,0,1,1,1,1,Month-to-Month,0,Bank Withdrawal,95.65,778.1,0.0,0,237.28,1015.38,3,Churned,Yes,95,5335,Attitude,Attitude of support person,0.95
2108-XWMPY,Male,29,Yes,No,No,No,0,United States,California,Cabazon,92230,33.929812,-116.76058,2355,Q3,0,0,3,,0,0.0,0,Yes,DSL,85,1,1,0,0,0,0,0,1,Month-to-Month,1,Credit Card,35.45,106.85,0.0,0,0.0,106.85,1,Churned,Yes,70,2095,Other,Moved,0.91
7551-JOHTI,Female,54,No,No,No,No,0,United States,California,Malibu,90265,34.074572,-118.831181,19630,Q3,0,0,1,,1,32.45,0,No,,0,0,0,0,0,0,0,0,0,Month-to-Month,0,Credit Card,19.5,19.5,0.0,0,32.45,51.95,2,Churned,Yes,77,5211,Attitude,Attitude of support person,0.88
3488-PGMQJ,Male,66,No,Yes,No,No,0,United States,California,Alpine,91901,32.827184,-116.703729,16486,Q3,0,0,8,,1,1.78,0,Yes,Fiber Optic,7,0,1,0,0,0,0,0,1,Month-to-Month,1,Bank Withdrawal,74.5,606.55,0.0,0,14.24,620.79,2,Churned,Yes,80,4345,Dissatisfaction,Poor expertise of online support,0.95
4187-CINZD,Female,73,No,Yes,No,No,0,United States,California,Lakewood,90712,33.840524,-118.148403,30173,Q3,0,0,46,,1,6.13,0,Yes,Fiber Optic,30,0,1,0,0,1,1,0,1,One Year,0,Credit Card,95.25,4424.2,0.0,0,281.98,4706.18,2,Churned,Yes,90,3180,Competitor,Competitor had better devices,0.98
9831-BPFRI,Female,50,No,No,Yes,No,0,United States,California,Ferndale,95536,40.4785,-124.301372,2965,Q3,1,1,39,,1,35.32,1,Yes,Fiber Optic,30,0,1,1,1,0,0,0,1,One Year,1,Bank Withdrawal,89.55,3474.45,0.0,0,1377.48,4851.93,2,Churned,Yes,65,3849,Dissatisfaction,Poor expertise of online support,0.94
2321-OMBXY,Female,55,No,No,Yes,No,0,United States,California,San Diego,92122,32.85723,-117.209774,34902,Q3,1,1,38,Offer C,1,42.14,0,Yes,DSL,19,1,1,0,1,1,1,1,1,One Year,0,Credit Card,80.3,3058.65,0.0,0,1601.32,4659.97,1,Churned,Yes,81,2071,Other,Don't know,0.83
9658-WYUFB,Female,57,No,No,No,No,0,United States,California,Lathrop,95330,37.80821,-121.308401,10834,Q3,0,0,17,Offer D,1,21.82,1,Yes,Fiber Optic,23,1,1,0,0,1,0,0,1,Month-to-Month,1,Bank Withdrawal,94.4,1617.5,0.0,0,370.94,1988.44,1,Churned,Yes,66,2825,Competitor,Competitor offered more data,0.99
0870-VEMYL,Female,34,No,No,No,No,0,United States,California,Columbia,95310,38.085839,-120.37855,2144,Q3,0,0,5,Offer E,1,24.32,0,Yes,Cable,22,1,0,0,1,0,0,0,0,Month-to-Month,0,Credit Card,53.85,259.8,22.96,10,121.6,368.44,1,Churned,Yes,74,5435,Competitor,Competitor offered higher download speeds,0.82
6400-BWQKW,Female,51,No,No,No,No,0,United States,California,San Mateo,94402,37.556634,-122.317723,23393,Q3,0,0,6,,1,19.74,1,Yes,Fiber Optic,27,1,0,0,0,0,0,0,1,Month-to-Month,1,Bank Withdrawal,79.05,434.5,0.0,0,118.44,552.94,1,Churned,Yes,91,3263,Dissatisfaction,Network reliability,0.92
1513-XNPPH,Female,36,No,No,No,No,0,United States,California,Los Angeles,90037,34.002642,-118.287596,56709,Q3,0,0,12,Offer D,1,17.46,0,Yes,Fiber Optic,9,0,0,1,1,0,1,1,1,Month-to-Month,1,Bank Withdrawal,89.4,1095.65,0.0,0,209.52,1305.17,1,Churned,Yes,79,5047,Dissatisfaction,Product dissatisfaction,0.99
4847-QNOKA,Female,30,No,No,No,No,0,United States,California,Modesto,95355,37.672906,-120.946594,47613,Q3,0,0,1,Offer E,1,41.78,0,Yes,DSL,59,0,0,0,0,0,0,0,1,Month-to-Month,1,Bank Withdrawal,44.9,44.9,0.0,0,41.78,86.68,2,Churned,Yes,76,2632,Dissatisfaction,Lack of self-service on Website,0.96
2187-LZGPL,Female,36,No,No,No,No,0,United States,California,Walnut Creek,94596,37.900662,-122.052782,40917,Q3,0,0,7,,0,0.0,0,Yes,DSL,19,0,1,0,0,0,1,1,1,Month-to-Month,1,Credit Card,40.1,293.3,0.0,0,0.0,293.3,2,Churned,Yes,68,4414,Attitude,Attitude of service provider,0.93
0376-YMCJC,Male,21,Yes,No,No,No,0,United States,California,Novato,94949,38.067204,-122.524004,13361,Q3,0,0,23,,1,38.69,1,Yes,Cable,69,0,0,0,1,1,0,1,1,Month-to-Month,1,Bank Withdrawal,90.6,1943.2,4.73,0,889.8699999999999,2828.34,2,Churned,Yes,82,4359,Competitor,Competitor offered higher download speeds,0.96
4918-QLLIW,Male,23,Yes,No,No,No,0,United States,California,Santa Monica,90405,34.005439,-118.477507,26099,Q3,0,0,3,,1,47.68,0,Yes,DSL,82,0,0,0,0,1,0,1,1,Month-to-Month,0,Credit Card,53.4,188.7,0.0,0,143.04,331.74,2,Churned,Yes,65,2755,Other,Don't know,0.91
6261-RCVNS,Female,22,Yes,No,No,No,0,United States,California,Rodeo,94572,38.027218,-122.23463,8506,Q3,0,0,42,Offer B,1,5.75,0,Yes,DSL,53,1,1,1,1,0,1,1,1,One Year,0,Credit Card,73.9,3160.55,0.0,0,241.5,3402.05,2,Churned,Yes,71,2774,Price,Price too high,0.96
7881-EVUAD,Female,49,No,No,No,No,0,United States,California,Oroville,95966,39.473896,-121.415927,28382,Q3,0,0,2,Offer E,0,0.0,0,Yes,DSL,21,1,1,0,0,0,1,1,1,Month-to-Month,1,Bank Withdrawal,42.6,72.4,0.0,0,0.0,72.4,2,Churned,Yes,79,4648,Competitor,Competitor offered more data,0.92
2237-ZFSMY,Female,29,Yes,No,No,No,0,United States,California,Riverdale,93656,36.452211,-119.94575,5729,Q3,0,0,39,Offer C,1,4.48,0,Yes,Fiber Optic,71,1,0,1,1,1,0,1,1,One Year,1,Bank Withdrawal,95.55,3692.85,0.0,0,174.72000000000003,3867.57,1,Churned,Yes,73,2767,Attitude,Attitude of service provider,0.86
4317-VTEOA,Male,61,No,No,No,No,0,United States,California,Rowland Heights,91748,33.976753,-117.897367,46342,Q3,0,0,1,Offer E,1,43.03,0,Yes,DSL,3,0,1,0,0,0,0,0,1,Month-to-Month,1,Bank Withdrawal,50.75,50.75,0.0,0,43.03,93.78,2,Churned,Yes,93,5355,Competitor,Competitor had better devices,0.95
3799-ISUZQ,Male,49,No,No,Yes,No,0,United States,California,California Hot Springs,93207,35.865795,-118.69759,226,Q3,1,9,7,,1,35.42,0,Yes,Fiber Optic,3,0,0,0,0,0,0,0,1,Month-to-Month,1,Bank Withdrawal,69.95,529.5,0.0,0,247.94,777.44,2,Churned,Yes,90,3296,Dissatisfaction,Poor expertise of online support,0.92
5208-HFSBT,Female,47,No,No,No,No,0,United States,California,Challenge,95925,39.461768,-121.195825,262,Q3,0,0,2,Offer E,1,42.55,0,Yes,DSL,30,0,1,0,1,0,0,0,1,Month-to-Month,1,Credit Card,55.05,102.75,0.0,0,85.1,187.85,1,Churned,Yes,81,5855,Competitor,Competitor had better devices,0.96
2225-ZRGSG,Female,38,No,No,Yes,No,0,United States,California,Piru,93040,34.432843,-118.730106,1459,Q3,1,1,70,Offer A,1,5.48,1,Yes,Fiber Optic,14,1,1,1,1,0,0,0,1,Two Year,0,Bank Withdrawal,93.9,6579.05,0.0,0,383.6,6962.650000000001,1,Churned,Yes,95,6173,Price,Long distance charges,0.93
4439-JMPMT,Female,38,No,No,Yes,No,0,United States,California,Comptche,95427,39.239818,-123.565432,371,Q3,1,1,5,Offer E,1,1.12,0,Yes,Fiber Optic,22,0,0,0,1,1,0,0,1,Month-to-Month,1,Bank Withdrawal,85.75,470.95,44.16,0,5.6000000000000005,432.39,1,Churned,Yes,71,3608,Attitude,Attitude of support person,0.79
5616-PRTNT,Male,30,No,No,No,Yes,3,United States,California,Desert Center,92239,33.889605,-115.257009,964,Q3,0,0,20,,1,22.78,0,No,,0,0,0,0,0,0,0,0,0,Month-to-Month,1,Bank Withdrawal,19.4,374.5,0.0,0,455.6,830.1,2,Churned,Yes,86,3785,Attitude,Attitude of support person,0.96
2959-MJHIC,Male,60,No,No,Yes,No,0,United States,California,Hinkley,92347,34.983808,-117.239306,1933,Q3,1,3,4,,1,32.43,0,Yes,Fiber Optic,13,0,0,0,0,1,0,0,1,Month-to-Month,1,Bank Withdrawal,80.35,307.4,0.0,0,129.72,437.12,1,Churned,Yes,65,4167,Dissatisfaction,Product dissatisfaction,0.95
8818-XYFCQ,Male,39,No,No,Yes,No,0,United States,California,Walnut Creek,94598,37.916648,-122.008483,26022,Q3,1,1,32,Offer C,1,33.57,1,Yes,Fiber Optic,26,1,0,0,0,1,1,1,0,Month-to-Month,1,Credit Card,99.55,3204.65,35.82,110,1074.24,4353.07,1,Churned,Yes,71,5026,Competitor,Competitor made better offer,0.84
5469-CTCWN,Male,52,No,No,Yes,No,0,United States,California,Arbuckle,95912,38.982373,-122.047751,4796,Q3,1,1,61,,1,46.95,1,Yes,Cable,21,1,1,0,0,1,1,1,1,One Year,1,Bank Withdrawal,106.0,6547.7,0.0,0,2863.9500000000003,9411.65,1,Churned,Yes,92,4334,Competitor,Competitor offered higher download speeds,0.99
6319-IEJWJ,Male,63,No,No,Yes,No,0,United States,California,Camarillo,93012,34.205504,-118.993111,24945,Q3,1,1,20,,1,49.69,0,Yes,Fiber Optic,10,0,0,0,0,1,1,1,1,Month-to-Month,1,Bank Withdrawal,90.2,1776.55,0.0,0,993.8,2770.35,1,Churned,Yes,85,2058,Other,Moved,0.95
1334-FJSVR,Male,64,No,No,No,No,0,United States,California,Sequoia National Park,93262,36.527243,-118.594938,56,Q3,0,0,1,Offer E,0,0.0,0,Yes,DSL,7,0,0,0,0,0,0,0,1,Month-to-Month,1,Bank Withdrawal,24.25,24.25,0.0,0,0.0,24.25,1,Churned,Yes,85,2846,Dissatisfaction,Lack of self-service on Website,0.93
3677-TNKIO,Female,27,Yes,No,No,No,0,United States,California,Templeton,93465,35.536115,-120.739231,7918,Q3,0,0,14,,1,36.25,0,Yes,Fiber Optic,52,0,0,0,0,0,0,0,1,Month-to-Month,1,Credit Card,71.0,914.0,0.0,0,507.5,1421.5,1,Churned,Yes,95,3228,Other,Don't know,0.95
3842-IYKUE,Female,28,Yes,No,No,No,0,United States,California,San Leandro,94579,37.687264,-122.15728,19815,Q3,0,0,35,Offer C,1,45.14,1,Yes,Fiber Optic,41,0,1,0,1,0,0,1,0,Month-to-Month,0,Credit Card,85.3,2917.5,23.89,130,1579.9,4603.51,2,Churned,Yes,88,2455,Competitor,Competitor offered more data,0.78
1449-XQEMT,Male,33,No,No,No,No,0,United States,California,Susanville,96130,40.559177,-120.612113,19440,Q3,0,0,3,Offer E,1,15.12,0,No,,0,0,0,0,0,0,0,0,0,Month-to-Month,1,Mailed Check,19.8,58.15,0.0,0,45.36,103.51,1,Churned,Yes,79,4323,Price,Long distance charges,0.92
4398-HSCJH,Female,57,No,No,No,No,0,United States,California,Los Angeles,90013,34.044639,-118.240413,9732,Q3,0,0,3,Offer E,1,3.64,1,Yes,DSL,25,0,0,0,1,1,0,0,1,Month-to-Month,1,Bank Withdrawal,63.6,155.65,0.0,0,10.92,166.57,1,Churned,Yes,70,3155,Competitor,Competitor offered higher download speeds,0.86
4789-KWMXN,Male,42,No,No,Yes,No,0,United States,California,Tuolumne,95379,37.939768,-120.188002,3979,Q3,1,1,47,Offer B,1,19.02,1,Yes,Fiber Optic,17,1,0,1,1,1,1,1,1,One Year,1,Credit Card,110.85,5275.8,4.93,0,893.9399999999999,6164.8099999999995,1,Churned,Yes,90,3344,Price,Price too high,0.94
7112-OPOTK,Male,37,No,No,No,No,0,United States,California,Fort Bidwell,96112,41.932207,-120.135941,231,Q3,0,0,33,,1,28.84,0,Yes,Fiber Optic,23,0,0,0,0,0,0,0,1,Month-to-Month,0,Bank Withdrawal,68.25,2171.15,0.0,0,951.72,3122.87,2,Churned,Yes,91,5647,Attitude,Attitude of support person,0.98
1000-AJSLD,Male,25,Yes,No,No,No,0,United States,California,San Diego,92121,32.898613,-117.202937,4258,Q3,0,0,1,,1,4.11,0,No,,0,0,0,0,0,0,0,0,0,Month-to-Month,1,Mailed Check,20.1,20.1,0.0,0,4.11,24.21,1,Churned,Yes,90,4389,Competitor,Competitor made better offer,0.93
3148-BLQJT,Male,33,No,No,No,No,0,United States,California,Fallbrook,92028,33.362575,-117.299644,42239,Q3,0,0,1,Offer E,1,16.81,0,No,,0,0,0,0,0,0,0,0,0,Month-to-Month,0,Credit Card,20.1,20.1,0.0,0,16.81,36.91,1,Churned,Yes,80,5747,Competitor,Competitor made better offer,0.82
2408-TZMJL,Male,43,No,No,Yes,No,0,United States,California,Gualala,95445,38.848082,-123.50608,1916,Q3,1,1,59,Offer B,1,22.71,1,Yes,Fiber Optic,26,1,1,1,0,1,1,1,1,One Year,1,Bank Withdrawal,110.15,6448.05,0.0,0,1339.89,7787.94,1,Churned,Yes,90,4601,Dissatisfaction,Network reliability,0.98
5130-IEKQT,Male,73,No,Yes,No,No,0,United States,California,San Francisco,94109,37.794487,-122.42227,56330,Q3,0,0,25,Offer C,1,46.34,1,Yes,Fiber Optic,22,0,1,1,0,1,1,0,1,Month-to-Month,0,Credit Card,105.95,2655.25,0.0,0,1158.5,3813.75,2,Churned,Yes,91,4283,Price,Price too high,0.91
9828-AOQLM,Female,37,No,No,Yes,No,0,United States,California,San Diego,92117,32.825086,-117.199424,51213,Q3,1,3,1,,1,12.8,0,Yes,DSL,5,0,0,0,0,0,0,0,1,Month-to-Month,1,Bank Withdrawal,45.7,45.7,0.0,0,12.8,58.5,1,Churned,Yes,91,3187,Competitor,Competitor made better offer,0.98
2153-MREFK,Female,55,No,No,Yes,No,0,United States,California,Fawnskin,92333,34.274846,-116.937581,414,Q3,1,1,37,,1,30.16,1,Yes,Fiber Optic,4,1,0,1,1,0,1,1,1,One Year,1,Bank Withdrawal,99.2,3754.6,0.0,0,1115.92,4870.52,1,Churned,Yes,79,3599,Attitude,Attitude of support person,0.93
3506-LCJDC,Male,52,No,No,Yes,Yes,3,United States,California,Modesto,95358,37.612612,-121.108568,30668,Q3,1,1,1,,1,8.03,0,No,,0,0,0,0,0,0,0,0,0,Month-to-Month,0,Bank Withdrawal,19.95,19.95,0.0,0,8.03,27.979999999999997,1,Churned,Yes,76,4860,Price,Long distance charges,0.82
7779-LGOVN,Male,74,No,Yes,Yes,No,0,United States,California,Paskenta,96074,39.884395,-122.587513,263,Q3,1,2,10,,1,46.5,1,Yes,Cable,4,0,0,0,0,0,1,0,1,Month-to-Month,1,Bank Withdrawal,86.65,856.65,0.0,0,465.0,1321.65,1,Churned,Yes,84,4990,Dissatisfaction,Limited range of services,0.86
4355-HBJHH,Male,49,No,No,Yes,No,0,United States,California,Waterford,95386,37.669516,-120.626964,8308,Q3,0,0,67,,1,42.77,1,Yes,DSL,3,1,0,1,0,1,1,1,1,Two Year,1,Bank Withdrawal,79.7,5293.4,0.0,0,2865.59,8158.99,1,Churned,Yes,77,6289,Price,Price too high,0.86
4760-XOHVN,Female,54,No,No,Yes,Yes,2,United States,California,Myers Flat,95554,40.267158,-123.805913,644,Q3,1,1,1,,1,28.73,0,No,,0,0,0,0,0,0,0,0,0,Month-to-Month,0,Mailed Check,19.45,19.45,0.0,0,28.73,48.18,2,Churned,Yes,84,2865,Competitor,Competitor made better offer,0.99
3870-MQAMG,Female,21,Yes,No,Yes,No,0,United States,California,Camp Nelson,93208,36.057458,-118.591951,191,Q3,1,1,54,Offer B,1,2.18,1,Yes,Fiber Optic,71,0,1,1,1,1,1,1,1,One Year,0,Bank Withdrawal,110.35,5893.15,0.0,0,117.72,6010.87,1,Churned,Yes,90,6189,Competitor,Competitor had better devices,0.87
6425-YQLLO,Female,68,No,Yes,Yes,No,0,United States,California,Pinole,94564,37.996462,-122.293716,16717,Q3,1,1,66,,1,27.75,1,Yes,Fiber Optic,11,0,0,1,1,1,1,0,1,One Year,1,Credit Card,105.95,6975.25,0.0,0,1831.5,8806.75,2,Churned,Yes,86,6117,Other,Don't know,0.95
4282-YMKNA,Female,55,No,No,No,No,0,United States,California,Biola,93606,36.798882,-120.019511,807,Q3,0,0,9,Offer E,1,16.48,1,Yes,Fiber Optic,12,0,0,0,0,0,0,0,1,Month-to-Month,1,Bank Withdrawal,74.75,706.6,0.0,0,148.32,854.9200000000001,2,Churned,Yes,82,5003,Competitor,Competitor made better offer,0.9
3351-NQLDI,Female,41,No,No,Yes,No,0,United States,California,Travis Afb,94535,38.265899,-121.939461,9978,Q3,1,1,67,Offer A,1,30.94,1,Yes,Fiber Optic,11,1,0,0,1,0,1,1,1,One Year,1,Credit Card,94.35,6341.45,0.0,0,2072.98,8414.43,1,Churned,Yes,91,4348,Price,Long distance charges,0.83
4952-YSOGZ,Female,48,No,No,Yes,No,0,United States,California,San Diego,92129,32.961064,-117.134917,47224,Q3,1,1,4,,1,4.14,1,Yes,Fiber Optic,30,0,0,0,0,0,1,1,1,Month-to-Month,1,Bank Withdrawal,85.95,381.3,0.0,0,16.56,397.86,3,Churned,Yes,95,5640,Competitor,Competitor made better offer,0.97
6927-WTFIV,Male,78,No,Yes,No,No,0,United States,California,Redwood City,94061,37.461251,-122.235414,35737,Q3,0,0,20,Offer D,1,5.71,0,Yes,Fiber Optic,22,0,0,0,0,0,0,0,1,Month-to-Month,0,Credit Card,71.3,1389.2,0.0,0,114.2,1503.4,2,Churned,Yes,91,3684,Attitude,Attitude of service provider,0.92
0515-YPMCW,Male,42,No,No,No,No,0,United States,California,San Jose,95116,37.350284,-121.852855,51706,Q3,0,0,1,,1,42.87,0,Yes,Fiber Optic,8,0,0,0,0,0,0,0,0,Month-to-Month,1,Credit Card,70.45,70.45,0.0,10,42.87,123.32,1,Churned,Yes,90,3525,Competitor,Competitor had better devices,0.97
0876-WDUUZ,Female,62,No,No,No,No,0,United States,California,Pine Grove,95665,38.400264,-120.641274,4354,Q3,0,0,5,Offer E,1,43.51,0,Yes,Fiber Optic,17,0,0,0,1,0,1,1,1,Month-to-Month,1,Credit Card,85.4,425.9,0.0,0,217.55,643.4499999999999,2,Churned,Yes,90,3716,Price,Long distance charges,0.97
2869-ADAWR,Female,41,No,No,No,No,0,United States,California,Sutter Creek,95685,38.432145,-120.77069,4610,Q3,0,0,45,Offer B,1,14.12,1,Yes,Fiber Optic,24,0,1,0,0,1,0,0,1,Month-to-Month,1,Credit Card,89.3,4016.85,44.63,0,635.4,4607.62,2,Churned,Yes,90,4880,Dissatisfaction,Poor expertise of online support,0.98
5389-FFVKB,Male,71,No,Yes,Yes,No,0,United States,California,Thousand Oaks,91360,34.214054,-118.88109,42526,Q3,1,1,32,,1,2.08,0,Yes,Fiber Optic,25,0,0,0,0,0,1,1,1,Month-to-Month,1,Credit Card,80.3,2483.05,0.0,0,66.56,2549.61,1,Churned,Yes,94,5365,Dissatisfaction,Service dissatisfaction,0.99
1577-HKTFG,Female,42,No,No,Yes,No,0,United States,California,Elk Grove,95624,38.434138,-121.30587,38534,Q3,1,1,30,,1,15.36,0,No,,0,0,0,0,0,0,0,0,0,Month-to-Month,0,Bank Withdrawal,19.65,655.85,0.0,0,460.7999999999999,1116.65,1,Churned,Yes,79,2486,Attitude,Attitude of support person,0.99
4315-MURBD,Female,64,No,No,No,No,0,United States,California,San Bruno,94066,37.624436,-122.430661,39566,Q3,0,0,12,,1,34.92,0,Yes,Cable,23,1,0,0,1,1,1,1,1,Month-to-Month,1,Bank Withdrawal,98.9,1120.95,0.0,0,419.04,1539.99,1,Churned,Yes,71,5559,Price,Price too high,0.93
7294-TMAOP,Female,30,No,No,No,No,0,United States,California,Castro Valley,94546,37.708327,-122.083473,41698,Q3,0,0,1,Offer E,1,15.44,0,Yes,Fiber Optic,51,0,0,0,0,1,1,1,0,Month-to-Month,0,Bank Withdrawal,90.55,90.55,0.0,60,15.44,165.99,2,Churned,Yes,72,2627,Competitor,Competitor made better offer,1.0
0201-OAMXR,Female,30,No,No,No,No,0,United States,California,Mckinleyville,95519,40.965011,-124.015255,15921,Q3,0,0,70,Offer A,1,10.21,1,Yes,Fiber Optic,52,1,1,1,1,1,1,1,1,One Year,0,Credit Card,115.55,8127.6,0.0,0,714.7,8842.300000000001,1,Churned,Yes,87,4838,Dissatisfaction,Network reliability,0.96
2834-JRTUA,Male,30,No,No,No,No,0,United States,California,Martinez,94553,38.014457,-122.115432,46677,Q3,0,0,71,Offer A,1,49.42,1,Yes,Fiber Optic,53,1,0,1,1,1,1,1,1,Two Year,1,Bank Withdrawal,108.05,7532.15,0.0,0,3508.82,11040.97,1,Churned,Yes,81,5200,Competitor,Competitor had better devices,0.96
5875-YPQFJ,Male,51,No,No,No,No,0,United States,California,Fremont,94555,37.555473,-122.080312,33883,Q3,0,0,1,Offer E,1,45.66,0,Yes,Fiber Optic,28,0,0,0,0,0,0,0,1,Month-to-Month,1,Bank Withdrawal,69.9,69.9,0.0,0,45.66,115.56,3,Churned,Yes,84,5367,Competitor,Competitor offered higher download speeds,0.94
0031-PVLZI,Female,34,No,No,Yes,No,0,United States,California,Korbel,95550,40.7666,-123.80458,155,Q3,0,0,4,Offer E,1,12.43,0,No,,0,0,0,0,0,0,0,0,0,Month-to-Month,0,Credit Card,20.35,76.35,0.0,0,49.72,126.07,1,Churned,Yes,81,4133,Price,Long distance charges,0.97
1218-VKFPE,Female,48,No,No,Yes,No,0,United States,California,Anaheim,92805,33.830209,-117.906099,68802,Q3,1,1,12,Offer D,1,19.48,0,No,,0,0,0,0,0,0,0,0,0,Month-to-Month,0,Credit Card,19.0,233.55,0.0,0,233.76,467.31,1,Churned,Yes,72,3535,Competitor,Competitor made better offer,0.93
2037-XJFUP,Male,24,Yes,No,Yes,No,0,United States,California,Temecula,92592,33.507255,-117.029473,46171,Q3,1,1,33,Offer C,1,41.8,0,Yes,Fiber Optic,41,0,0,1,0,1,1,1,0,One Year,1,Bank Withdrawal,95.8,3036.75,0.0,60,1379.4,4476.15,2,Churned,Yes,76,4161,Competitor,Competitor made better offer,0.95
1373-ORVIZ,Female,62,No,No,Yes,No,0,United States,California,Modesto,95351,37.621458,-121.012295,47536,Q3,1,1,11,Offer D,1,15.69,1,Yes,DSL,12,0,0,0,1,0,1,1,1,Month-to-Month,1,Bank Withdrawal,66.35,740.8,0.0,0,172.59,913.39,1,Churned,Yes,91,2860,Competitor,Competitor had better devices,0.96
1618-CFHME,Female,30,No,No,No,No,0,United States,California,Riverbank,95367,37.734971,-120.954271,16525,Q3,0,0,2,,1,26.87,1,Yes,Fiber Optic,52,0,0,0,0,0,0,0,1,Month-to-Month,1,Bank Withdrawal,75.9,143.35,0.0,0,53.74,197.09,1,Churned,Yes,86,2101,Other,Don't know,0.97
4765-OXPPD,Female,20,Yes,No,Yes,No,0,United States,California,Ventura,93003,34.279221,-119.221437,46894,Q3,1,1,9,Offer E,1,6.35,0,Yes,Cable,69,1,1,1,1,0,0,0,1,Month-to-Month,0,Mailed Check,65.0,663.05,0.0,0,57.15,720.1999999999999,1,Churned,Yes,76,3983,Competitor,Competitor offered more data,0.95
6240-EURKS,Female,27,Yes,No,No,No,0,United States,California,Plymouth,95669,38.489273,-120.891614,2220,Q3,0,0,18,,0,0.0,0,Yes,DSL,85,0,0,0,0,0,1,1,0,Month-to-Month,1,Bank Withdrawal,35.0,553.0,0.0,70,0.0,623.0,2,Churned,Yes,76,2649,Competitor,Competitor offered more data,0.96
1582-RAFML,Male,26,Yes,No,No,No,0,United States,California,Sacramento,95821,38.625096,-121.383658,35426,Q3,0,0,1,Offer E,1,23.63,1,Yes,Cable,85,0,1,0,1,0,0,0,1,Month-to-Month,0,Mailed Check,60.1,60.1,0.0,0,23.63,83.73,1,Churned,Yes,88,5654,Competitor,Competitor had better devices,0.84
9360-AHGNL,Female,74,No,Yes,Yes,No,0,United States,California,Concord,94519,37.990118,-122.012188,18650,Q3,1,7,43,Offer B,1,8.75,1,Yes,Fiber Optic,13,1,0,1,1,1,1,0,1,One Year,1,Credit Card,109.55,4830.25,0.0,0,376.25,5206.5,2,Churned,Yes,69,5863,Dissatisfaction,Limited range of services,0.98
4817-VYYWS,Female,21,Yes,No,No,No,0,United States,California,Silverado,92676,33.782346,-117.635263,1859,Q3,0,0,30,Offer C,1,11.73,1,Yes,Fiber Optic,82,0,1,0,0,1,1,1,1,Month-to-Month,1,Bank Withdrawal,100.2,2983.8,0.0,0,351.90000000000003,3335.7000000000003,1,Churned,Yes,90,3598,Dissatisfaction,Service dissatisfaction,0.93
6110-OHIHY,Male,33,No,No,No,No,0,United States,California,Burney,96013,40.946785,-121.719489,4552,Q3,0,0,3,Offer E,1,49.76,0,Yes,Fiber Optic,3,0,0,0,0,1,0,0,0,Month-to-Month,0,Bank Withdrawal,79.25,267.6,0.0,10,149.28,426.88,2,Churned,Yes,89,4183,Competitor,Competitor offered higher download speeds,0.74
5028-HTLJB,Male,69,No,Yes,No,No,0,United States,California,New Cuyama,93254,34.956577,-119.750142,798,Q3,0,0,1,Offer E,1,19.87,0,No,,0,0,0,0,0,0,0,0,0,Month-to-Month,0,Credit Card,20.05,20.05,0.0,0,19.87,39.92,1,Churned,Yes,91,3491,Price,Long distance charges,0.91
1670-SVOWZ,Female,57,No,No,Yes,No,0,United States,California,Mira Loma,91752,33.999992,-117.535395,18980,Q3,1,1,14,Offer D,1,7.62,0,Yes,Fiber Optic,3,0,1,0,1,0,1,1,0,Month-to-Month,1,Credit Card,89.65,1208.35,0.0,120,106.68,1435.03,1,Churned,Yes,91,2504,Competitor,Competitor had better devices,0.91
2302-ANTDP,Female,76,No,Yes,Yes,No,0,United States,California,Hat Creek,96040,40.789799,-121.474529,397,Q3,1,9,48,,1,43.04,1,Yes,Fiber Optic,5,1,1,1,1,1,1,0,1,Month-to-Month,0,Bank Withdrawal,117.45,5438.9,0.0,0,2065.92,7504.82,1,Churned,Yes,67,5915,Competitor,Competitor offered more data,0.84
1031-IIDEO,Female,51,No,No,No,No,0,United States,California,Sierra City,96125,39.600599,-120.636358,348,Q3,0,0,1,Offer E,1,27.05,0,Yes,Fiber Optic,23,0,0,0,0,0,0,0,1,Month-to-Month,1,Bank Withdrawal,70.85,70.85,0.0,0,27.05,97.9,3,Churned,Yes,72,2874,Dissatisfaction,Network reliability,0.94
0897-FEGMU,Female,43,No,No,Yes,No,0,United States,California,Los Angeles,90048,34.072945,-118.37267,21739,Q3,1,1,11,Offer D,1,31.08,1,Yes,Fiber Optic,26,0,0,1,0,1,1,1,1,Month-to-Month,1,Bank Withdrawal,99.5,1056.95,0.0,0,341.88,1398.83,3,Churned,Yes,84,5286,Dissatisfaction,Network reliability,0.78
5832-XKAES,Male,56,No,No,No,No,0,United States,California,Sierraville,96126,39.559709,-120.345639,227,Q3,0,0,2,Offer E,1,37.72,0,Yes,Fiber Optic,27,0,0,0,0,0,0,0,1,Month-to-Month,1,Credit Card,69.8,134.7,0.0,0,75.44,210.14,1,Churned,Yes,74,2320,Other,Don't know,0.91
5519-NPHVG,Female,53,No,No,No,No,0,United States,California,Klamath River,96050,41.816595,-122.948287,482,Q3,0,0,12,,1,12.75,1,Yes,Fiber Optic,24,0,0,0,0,1,1,1,0,Month-to-Month,1,Bank Withdrawal,94.2,1046.1,7.39,120,153.0,1311.7099999999998,3,Churned,Yes,73,3975,Price,Price too high,0.91
9058-CBREO,Female,69,No,Yes,No,No,0,United States,California,Winton,95388,37.421299,-120.599587,11463,Q3,0,0,1,,1,22.56,1,Yes,Cable,2,0,0,0,0,0,0,0,1,Month-to-Month,0,Credit Card,50.55,50.55,0.0,0,22.56,73.11,1,Churned,Yes,95,3357,Dissatisfaction,Product dissatisfaction,0.98
9210-IAHGH,Female,57,No,No,No,No,0,United States,California,Wendel,96136,40.345949,-120.081187,162,Q3,0,0,7,Offer E,1,23.35,0,Yes,DSL,6,0,0,0,1,1,1,1,1,Month-to-Month,1,Credit Card,70.75,450.8,0.0,0,163.45000000000002,614.25,1,Churned,Yes,84,2248,Attitude,Attitude of support person,0.84
6000-APYLU,Male,39,No,No,No,No,0,United States,California,Valencia,91355,34.43987,-118.644609,24977,Q3,0,0,9,,1,20.34,0,Yes,Fiber Optic,7,0,0,0,0,0,1,1,1,Month-to-Month,1,Bank Withdrawal,80.8,713.1,0.0,0,183.06,896.1600000000001,3,Churned,Yes,90,3890,Competitor,Competitor offered more data,0.88
8740-XLHDR,Male,30,No,No,No,No,0,United States,California,Greenwood,95635,38.921333,-120.897718,1140,Q3,0,0,5,,0,0.0,0,Yes,Cable,59,1,1,1,1,0,0,0,1,Month-to-Month,1,Mailed Check,43.25,219.0,0.0,0,0.0,219.0,2,Churned,Yes,67,5824,Dissatisfaction,Network reliability,0.87
9170-GYZJC,Female,42,No,No,Yes,Yes,3,United States,California,Vallecito,95251,38.055562,-120.456298,460,Q3,1,1,41,,1,45.26,1,Yes,Cable,56,1,1,1,1,0,1,1,1,Month-to-Month,0,Credit Card,79.9,3326.2,0.0,0,1855.66,5181.86,1,Churned,Yes,84,4734,Price,Price too high,0.96
5287-QWLKY,Male,79,No,Yes,Yes,No,0,United States,California,Big Pine,93513,37.245505,-118.062943,1826,Q3,1,1,71,,1,44.66,1,Yes,Fiber Optic,8,1,1,0,0,1,1,1,1,Month-to-Month,1,Credit Card,105.1,7548.1,0.0,0,3170.8599999999997,10718.96,1,Churned,Yes,66,5725,Attitude,Attitude of support person,0.83
9776-CLUJA,Female,69,No,Yes,Yes,No,0,United States,California,Sacramento,95829,38.486502,-121.334051,11396,Q3,1,1,51,,1,17.87,1,Yes,Fiber Optic,9,1,0,0,0,0,0,0,1,Month-to-Month,1,Bank Withdrawal,77.5,3807.35,0.0,0,911.37,4718.72,1,Churned,Yes,96,5748,Competitor,Competitor offered more data,0.9
5624-BQSSA,Female,19,Yes,No,No,No,0,United States,California,Santa Cruz,95065,37.031404,-121.981865,8365,Q3,0,0,1,,1,40.48,0,No,,0,0,0,0,0,0,0,0,0,Month-to-Month,0,Credit Card,20.95,20.95,0.0,0,40.48,61.42999999999999,1,Churned,Yes,70,4285,Price,Long distance charges,0.98
4255-DDUOU,Female,47,No,No,Yes,Yes,3,United States,California,Casmalia,93429,34.866032,-120.536546,210,Q3,0,0,1,,1,34.57,0,No,,0,0,0,0,0,0,0,0,0,Month-to-Month,1,Mailed Check,20.5,20.5,0.0,0,34.57,55.07,1,Churned,Yes,76,2398,Price,Long distance charges,0.86
1981-INRFU,Female,44,No,No,No,No,0,United States,California,San Diego,92109,32.787836,-117.232376,46086,Q3,0,0,2,,1,8.32,0,Yes,Fiber Optic,16,0,0,0,0,1,0,0,1,Month-to-Month,1,Bank Withdrawal,79.75,164.5,0.0,0,16.64,181.14,3,Churned,Yes,91,5172,Competitor,Competitor made better offer,0.99
9103-TCIHJ,Female,60,No,No,No,No,0,United States,California,Los Angeles,90059,33.927254,-118.249826,38128,Q3,0,0,15,Offer D,1,40.66,1,Yes,DSL,8,1,0,0,0,0,0,0,1,Month-to-Month,1,Mailed Check,55.7,899.8,0.0,0,609.9,1509.6999999999998,2,Churned,Yes,73,4519,Price,Price too high,0.77
9444-JTXHZ,Male,53,No,No,Yes,No,0,United States,California,Tulare,93274,36.185471,-119.375243,56101,Q3,1,1,1,,1,35.15,0,Yes,Fiber Optic,14,0,0,1,0,0,0,0,0,Month-to-Month,0,Bank Withdrawal,76.2,76.2,0.0,50,35.15,161.35,3,Churned,Yes,83,5973,Other,Don't know,0.98
0156-FVPTA,Male,48,No,No,Yes,No,0,United States,California,Solvang,93463,34.624399,-120.137875,7958,Q3,1,1,22,Offer D,1,27.24,0,Yes,DSL,21,1,0,0,1,0,0,0,1,Month-to-Month,1,Bank Withdrawal,54.2,1152.7,0.0,0,599.28,1751.98,2,Churned,Yes,87,5102,Attitude,Attitude of service provider,0.95
7881-INRLC,Male,34,No,No,No,No,0,United States,California,San Mateo,94403,37.538309,-122.305109,37926,Q3,0,0,45,Offer B,1,14.12,1,Yes,Fiber Optic,3,0,1,0,0,1,1,1,1,Month-to-Month,1,Credit Card,100.85,4740.0,0.0,0,635.4,5375.4,1,Churned,Yes,70,4898,Competitor,Competitor offered more data,0.95
4786-UKSNZ,Male,45,No,No,No,No,0,United States,California,Clayton,94517,37.881842,-121.848111,14239,Q3,0,0,1,Offer E,1,11.25,0,No,,0,0,0,0,0,0,0,0,0,Month-to-Month,0,Credit Card,20.2,20.2,0.0,0,11.25,31.45,2,Churned,Yes,91,5418,Competitor,Competitor made better offer,0.99
4877-EVATK,Male,30,No,No,No,No,0,United States,California,Elk,95432,39.108252,-123.645121,383,Q3,0,0,1,,1,46.77,0,No,,0,0,0,0,0,0,0,0,0,Month-to-Month,0,Mailed Check,20.0,20.0,0.0,0,46.77,66.77000000000001,2,Churned,Yes,83,3657,Attitude,Attitude of service provider,0.97
6178-KFNHS,Female,34,No,No,No,No,0,United States,California,Hughson,95326,37.5923,-120.853288,6822,Q3,0,0,12,Offer D,1,35.8,1,Yes,Fiber Optic,25,1,0,0,0,0,0,0,1,Month-to-Month,1,Bank Withdrawal,78.3,909.25,0.0,0,429.6,1338.85,1,Churned,Yes,91,3545,Competitor,Competitor offered higher download speeds,0.97
3797-VTIDR,Male,55,No,No,Yes,No,0,United States,California,San Jose,95121,37.304681,-121.809955,37127,Q3,1,3,1,Offer E,0,0.0,0,Yes,DSL,21,0,0,0,0,0,0,0,1,Month-to-Month,1,Bank Withdrawal,23.45,23.45,0.0,0,0.0,23.45,2,Churned,Yes,90,4517,Price,Price too high,0.87
9681-OXGVC,Female,54,No,No,No,No,0,United States,California,Laytonville,95454,39.806141,-123.531098,2706,Q3,0,0,5,,1,28.2,1,Yes,Fiber Optic,29,0,0,1,0,1,1,1,1,Month-to-Month,1,Bank Withdrawal,100.5,514.0,0.0,0,141.0,655.0,3,Churned,Yes,85,5180,Competitor,Competitor made better offer,0.96
6521-YYTYI,Male,59,No,No,No,No,0,United States,California,Navarro,95463,39.182916,-123.552571,148,Q3,0,0,1,Offer E,1,7.99,1,Yes,Fiber Optic,30,0,0,0,0,1,1,1,1,Month-to-Month,1,Bank Withdrawal,93.3,93.3,0.0,0,7.99,101.29,3,Churned,Yes,65,2578,Other,Moved,0.89
0786-VSSUD,Male,68,No,Yes,No,No,0,United States,California,San Diego,92123,32.808814,-117.134694,25232,Q3,0,0,16,,0,0.0,0,Yes,DSL,24,0,1,0,0,1,0,0,1,Month-to-Month,1,Mailed Check,39.0,679.85,0.0,0,0.0,679.85,1,Churned,Yes,92,5692,Competitor,Competitor had better devices,0.93
2114-MGINA,Female,57,No,No,No,No,0,United States,California,Rio Vista,94571,38.148862,-121.737696,5246,Q3,0,0,14,Offer D,1,10.3,0,Yes,Fiber Optic,29,0,0,0,0,1,1,1,1,Month-to-Month,1,Credit Card,89.8,1129.1,0.0,0,144.20000000000002,1273.3,1,Churned,Yes,81,4107,Attitude,Attitude of support person,0.94
2876-VBBBL,Female,64,No,No,No,No,0,United States,California,Shaver Lake,93664,37.223,-119.001021,642,Q3,0,0,1,Offer E,1,10.71,0,No,,0,0,0,0,0,0,0,0,0,Month-to-Month,1,Credit Card,20.25,20.25,0.0,0,10.71,30.96,2,Churned,Yes,85,2783,Attitude,Attitude of support person,0.84
5914-DVBWJ,Female,80,No,Yes,No,No,0,United States,California,Riverside,92508,33.885499,-117.324959,17147,Q3,0,0,18,,1,2.36,1,Yes,Fiber Optic,21,0,1,0,1,0,0,0,1,Month-to-Month,1,Bank Withdrawal,85.45,1505.85,0.0,0,42.48,1548.33,1,Churned,Yes,91,5145,Competitor,Competitor offered more data,0.98
6861-OKBCE,Female,62,No,No,No,Yes,3,United States,California,Seal Beach,90740,33.75462,-118.071128,24180,Q3,0,0,11,Offer D,1,33.06,0,No,,0,0,0,0,0,0,0,0,0,Month-to-Month,0,Credit Card,20.1,221.35,0.0,0,363.66,585.01,2,Churned,Yes,95,4500,Attitude,Attitude of support person,0.97
4201-JMNGR,Female,66,No,Yes,No,No,0,United States,California,Lucerne Valley,92356,34.508417,-116.856103,5256,Q3,0,0,1,Offer E,1,26.22,0,Yes,Cable,22,1,0,1,0,0,0,0,1,Month-to-Month,1,Bank Withdrawal,55.8,55.8,0.0,0,26.22,82.02,1,Churned,Yes,87,5527,Dissatisfaction,Service dissatisfaction,0.79
9300-RENDD,Male,56,No,No,No,No,0,United States,California,Cedar Glen,92321,34.255203,-117.175654,455,Q3,0,0,1,Offer E,1,3.13,0,Yes,Fiber Optic,5,0,0,0,0,1,0,0,1,Month-to-Month,1,Bank Withdrawal,79.95,79.95,0.0,0,3.13,83.08,3,Churned,Yes,91,4815,Attitude,Attitude of support person,0.95
7989-CHGTL,Male,52,No,No,No,No,0,United States,California,San Diego,92122,32.85723,-117.209774,34902,Q3,0,0,1,Offer E,1,14.17,0,No,,0,0,0,0,0,0,0,0,0,Month-to-Month,1,Credit Card,19.6,19.6,0.0,0,14.17,33.77,1,Churned,Yes,95,3448,Competitor,Competitor made better offer,0.97
9158-VCTQB,Female,41,No,No,Yes,No,0,United States,California,Los Angeles,90023,34.017697,-118.200577,47487,Q3,1,1,41,,1,5.01,1,Yes,Fiber Optic,10,1,1,1,1,1,1,1,1,Month-to-Month,1,Bank Withdrawal,113.6,4594.95,0.0,0,205.41,4800.36,1,Churned,Yes,96,4963,Price,Extra data charges,0.95
9057-MSWCO,Male,71,No,Yes,Yes,No,0,United States,California,San Diego,92122,32.85723,-117.209774,34902,Q3,0,0,27,,0,0.0,0,Yes,Cable,13,1,0,0,0,0,0,0,0,Month-to-Month,0,Credit Card,30.75,805.1,0.0,140,0.0,945.1,1,Churned,Yes,91,2927,Competitor,Competitor made better offer,0.98
1907-UBQFC,Male,69,No,Yes,No,No,0,United States,California,San Francisco,94108,37.791998,-122.408653,13723,Q3,0,0,10,,1,5.46,0,Yes,Fiber Optic,24,0,1,0,0,0,0,0,0,Month-to-Month,1,Bank Withdrawal,72.85,688.65,0.0,30,54.6,773.25,1,Churned,Yes,91,3189,Competitor,Competitor had better devices,0.89
6910-HADCM,Female,63,No,No,No,No,0,United States,California,Long Beach,90808,33.823943,-118.111335,37417,Q3,0,0,1,,1,7.26,0,Yes,Cable,9,0,0,1,0,0,0,0,1,Month-to-Month,0,Bank Withdrawal,76.35,76.35,0.0,0,7.26,83.61,2,Churned,Yes,67,5613,Attitude,Attitude of support person,0.93
4248-QPAVC,Female,80,No,Yes,Yes,No,0,United States,California,San Diego,92130,32.957195,-117.202542,28201,Q3,1,1,17,Offer D,1,36.82,1,Yes,Fiber Optic,6,1,0,1,0,0,0,0,1,Month-to-Month,1,Bank Withdrawal,85.35,1463.45,0.0,0,625.94,2089.3900000000003,1,Churned,Yes,90,3209,Competitor,Competitor made better offer,0.84
4193-ORFCL,Female,80,No,Yes,No,No,0,United States,California,North Hollywood,91606,34.187599,-118.387125,45358,Q3,0,0,1,Offer E,1,15.24,0,Yes,DSL,14,0,0,0,0,0,0,0,1,Month-to-Month,0,Credit Card,45.1,45.1,0.0,0,15.24,60.34,1,Churned,Yes,70,2740,Competitor,Competitor had better devices,0.99
8637-XJIVR,Female,34,No,No,No,Yes,3,United States,California,Marina Del Rey,90292,33.977468,-118.445475,18058,Q3,0,0,12,,1,25.34,1,Yes,Fiber Optic,56,1,0,0,0,0,0,0,0,Month-to-Month,1,Bank Withdrawal,78.95,927.35,0.0,80,304.08,1311.43,1,Churned,Yes,86,5806,Attitude,Attitude of support person,0.92
7760-OYPDY,Female,32,No,No,No,Yes,2,United States,California,Los Angeles,90056,33.987945,-118.370442,8115,Q3,0,0,2,,1,5.85,0,Yes,Fiber Optic,19,0,0,0,0,1,0,0,0,Month-to-Month,1,Bank Withdrawal,80.65,144.15,0.0,20,11.7,175.85,1,Churned,Yes,90,5586,Competitor,Competitor had better devices,0.94
6047-YHPVI,Male,56,No,No,No,Yes,3,United States,California,Los Angeles,90039,34.110845,-118.259595,29310,Q3,0,0,5,,1,12.6,0,Yes,Fiber Optic,58,0,0,0,0,0,0,0,1,Month-to-Month,1,Bank Withdrawal,69.7,316.9,0.0,0,63.0,379.9,1,Churned,Yes,66,2454,Competitor,Competitor had better devices,0.98
1447-PJGGA,Female,39,No,No,No,No,0,United States,California,San Diego,92117,32.825086,-117.199424,51213,Q3,0,0,57,,1,17.55,0,Yes,Fiber Optic,15,0,0,1,0,1,1,1,1,Two Year,1,Bank Withdrawal,95.25,5464.65,0.0,0,1000.35,6465.0,1,Churned,Yes,93,5789,Competitor,Competitor made better offer,0.88
7839-QRKXN,Female,62,No,No,No,No,0,United States,California,Glendale,91203,34.153338,-118.262974,14493,Q3,0,0,1,Offer E,1,48.25,0,No,,0,0,0,0,0,0,0,0,0,Month-to-Month,1,Credit Card,20.2,20.2,0.0,0,48.25,68.45,1,Churned,Yes,69,4197,Price,Long distance charges,0.96
2189-UXTKY,Female,27,Yes,No,Yes,No,0,United States,California,La Quinta,92253,33.695532,-116.310571,23971,Q3,1,1,22,,1,13.11,1,Yes,DSL,51,1,0,0,1,1,1,1,1,Month-to-Month,1,Bank Withdrawal,79.2,1742.75,0.0,0,288.41999999999996,2031.17,1,Churned,Yes,91,3410,Dissatisfaction,Product dissatisfaction,1.0
8624-GIOUT,Female,40,No,No,No,No,0,United States,California,Seeley,92273,32.790282,-115.689559,1632,Q3,0,0,49,Offer B,1,35.87,1,Yes,DSL,30,1,1,0,0,0,0,0,1,Month-to-Month,1,Credit Card,59.75,2934.3,0.0,0,1757.63,4691.93,1,Churned,Yes,78,6006,Other,Don't know,0.84
9237-HQITU,Female,19,Yes,No,No,Yes,2,United States,California,Los Angeles,90005,34.059281,-118.30742,43019,Q3,0,0,2,,1,9.12,0,Yes,Fiber Optic,51,0,0,0,0,0,0,0,1,Month-to-Month,1,Bank Withdrawal,70.7,151.65,0.0,0,18.24,169.89,2,Churned,Yes,67,2701,Other,Moved,0.93
2011-TRQYE,Male,59,No,No,No,No,0,United States,California,Deer Park,94576,38.554383,-122.474773,223,Q3,0,0,18,Offer D,0,0.0,0,Yes,DSL,26,0,1,1,0,0,0,0,1,Month-to-Month,1,Credit Card,33.5,600.0,0.0,0,0.0,600.0,2,Churned,Yes,82,5474,Dissatisfaction,Product dissatisfaction,0.89
7927-AUXBZ,Female,45,No,No,No,No,0,United States,California,Sun City,92586,33.707483,-117.200006,18161,Q3,0,0,30,Offer C,1,9.34,0,Yes,Fiber Optic,8,0,0,0,1,1,0,0,1,Month-to-Month,0,Bank Withdrawal,85.15,2555.9,0.0,0,280.2,2836.1,2,Churned,Yes,76,4417,Attitude,Attitude of support person,0.73
8182-PNAGI,Male,50,No,No,No,No,0,United States,California,Pico Rivera,90660,33.989524,-118.089299,63288,Q3,0,0,12,,1,46.58,0,Yes,DSL,26,0,0,0,1,0,0,0,0,Month-to-Month,0,Bank Withdrawal,50.25,593.75,0.0,120,558.96,1272.71,1,Churned,Yes,67,3624,Price,Extra data charges,0.78
6397-JNZZG,Female,70,No,Yes,Yes,No,0,United States,California,Adin,96006,41.171578,-120.913161,615,Q3,1,1,43,Offer B,0,0.0,0,Yes,DSL,21,0,1,1,0,1,1,0,1,Month-to-Month,0,Credit Card,55.55,2342.2,0.0,0,0.0,2342.2,1,Churned,Yes,85,2573,Competitor,Competitor had better devices,0.96
5136-KCKGI,Female,22,Yes,No,Yes,No,0,United States,California,Templeton,93465,35.536115,-120.739231,7918,Q3,1,1,33,Offer C,1,41.61,1,Yes,Fiber Optic,73,1,0,1,0,1,1,1,1,One Year,1,Mailed Check,103.7,3467.0,0.0,0,1373.13,4840.13,2,Churned,Yes,76,4461,Competitor,Competitor had better devices,0.96
8749-JMNKX,Male,80,No,Yes,Yes,No,0,United States,California,Montebello,90640,34.015217,-118.109962,62425,Q3,1,1,51,Offer B,1,22.14,1,Yes,Fiber Optic,30,1,0,1,0,1,0,0,1,Month-to-Month,1,Bank Withdrawal,93.8,4750.95,0.0,0,1129.14,5880.09,1,Churned,Yes,83,4788,Dissatisfaction,Limited range of services,0.96
3419-SNJJD,Female,78,No,Yes,Yes,No,0,United States,California,Yorba Linda,92887,33.884073,-117.732197,20893,Q3,1,3,65,Offer B,1,18.39,1,Yes,Fiber Optic,28,1,0,1,0,1,1,0,1,Month-to-Month,0,Bank Withdrawal,105.25,6786.4,0.0,0,1195.35,7981.75,1,Churned,Yes,91,4196,Attitude,Attitude of support person,0.98
4895-TMWIR,Male,79,No,Yes,Yes,No,0,United States,California,San Diego,92122,32.85723,-117.209774,34902,Q3,1,1,11,,1,29.54,0,No,,0,0,0,0,0,0,0,0,0,Month-to-Month,0,Mailed Check,19.95,214.75,0.0,0,324.94,539.69,1,Churned,Yes,80,5888,Competitor,Competitor made better offer,0.93
0378-NHQXU,Female,31,No,No,Yes,No,0,United States,California,South San Francisco,94080,37.654436,-122.426468,60599,Q3,1,7,17,,1,17.91,1,Yes,Fiber Optic,9,0,0,1,0,1,0,0,1,Month-to-Month,0,Bank Withdrawal,88.25,1460.65,0.0,0,304.47,1765.12,2,Churned,Yes,68,4041,Other,Deceased,0.95
3776-EKTKM,Female,79,No,Yes,No,No,0,United States,California,Burbank,91501,34.188339,-118.300942,18112,Q3,0,0,1,,0,0.0,0,Yes,Cable,26,0,0,0,0,1,0,0,1,Month-to-Month,1,Bank Withdrawal,36.45,36.45,0.0,0,0.0,36.45,3,Churned,Yes,96,5303,Dissatisfaction,Service dissatisfaction,0.87
7812-FZHPE,Female,31,No,No,Yes,Yes,2,United States,California,Bradley,93426,35.842889,-121.004862,1363,Q3,1,1,17,Offer D,1,18.26,1,No,,0,0,0,0,0,0,0,0,0,Month-to-Month,0,Credit Card,24.1,409.9,0.0,0,310.42,720.3199999999999,1,Churned,Yes,86,4648,Price,Long distance charges,0.93
9050-QLROH,Male,26,Yes,No,No,No,0,United States,California,San Diego,92126,32.886925,-117.152162,74232,Q3,0,0,18,,1,28.59,1,Yes,Fiber Optic,26,0,0,1,0,0,1,1,1,Month-to-Month,1,Credit Card,90.7,1597.25,0.0,0,514.62,2111.87,1,Churned,Yes,89,2931,Competitor,Competitor made better offer,0.94
5020-ZSTTY,Female,70,No,Yes,No,No,0,United States,California,San Diego,92122,32.85723,-117.209774,34902,Q3,0,0,54,Offer B,1,12.08,1,Yes,DSL,5,1,1,0,1,1,1,1,1,One Year,0,Bank Withdrawal,82.45,4350.1,0.0,0,652.32,5002.42,1,Churned,Yes,83,4149,Competitor,Competitor made better offer,0.97
5649-VUKMC,Female,61,No,No,No,No,0,United States,California,San Diego,92126,32.886925,-117.152162,74232,Q3,0,0,12,,1,34.81,0,Yes,Fiber Optic,16,0,0,1,0,1,1,1,1,One Year,0,Mailed Check,95.5,1115.15,0.0,0,417.72,1532.87,2,Churned,Yes,88,3538,Competitor,Competitor made better offer,0.97
1934-SJVJK,Male,35,No,No,No,No,0,United States,California,Smith River,95567,41.950683,-124.097094,2020,Q3,0,0,1,Offer E,1,40.51,0,No,,0,0,0,0,0,0,0,0,0,Month-to-Month,0,Credit Card,20.15,20.15,0.0,0,40.51,60.66,2,Churned,Yes,70,4103,Price,Long distance charges,0.92
9259-PACGQ,Female,19,Yes,No,Yes,No,0,United States,California,Los Angeles,90026,34.078991,-118.263804,73686,Q3,1,1,34,,1,41.32,1,Yes,Cable,71,1,1,0,1,0,0,0,1,Month-to-Month,0,Bank Withdrawal,62.65,2274.9,0.0,0,1404.88,3679.78,1,Churned,Yes,91,3918,Competitor,Competitor had better devices,0.99
0406-BPDVR,Female,75,No,Yes,Yes,No,0,United States,California,Visalia,93277,36.303793,-119.375646,44741,Q3,0,0,54,Offer B,1,33.49,1,Yes,Fiber Optic,8,0,1,0,0,1,1,1,1,One Year,1,Credit Card,101.5,5373.1,0.0,0,1808.46,7181.56,2,Churned,Yes,68,6405,Price,Lack of affordable download/upload speed,0.93
1750-CSKKM,Male,40,No,No,No,Yes,3,United States,California,Imperial Beach,91932,32.579134,-117.119009,26662,Q3,0,0,9,Offer E,1,41.02,0,Yes,DSL,27,0,0,0,0,1,0,0,1,Month-to-Month,0,Bank Withdrawal,55.35,449.75,0.0,0,369.18,818.9300000000001,1,Churned,Yes,70,2688,Competitor,Competitor had better devices,0.9
4566-QVRRW,Female,41,No,No,Yes,No,0,United States,California,Witter Springs,95493,39.222323,-122.985488,240,Q3,1,1,11,Offer D,1,24.83,0,Yes,DSL,30,0,0,0,0,0,0,0,1,Month-to-Month,1,Bank Withdrawal,44.05,483.7,0.0,0,273.13,756.8299999999999,1,Churned,Yes,84,3200,Competitor,Competitor had better devices,0.99
5493-SDRDQ,Male,19,Yes,No,No,No,0,United States,California,Angels Camp,95222,38.071327,-120.632221,4264,Q3,0,0,2,Offer E,1,5.33,0,Yes,Cable,52,1,0,1,0,0,0,0,1,Month-to-Month,1,Mailed Check,55.1,113.35,0.0,0,10.66,124.01,1,Churned,Yes,70,4235,Competitor,Competitor made better offer,0.92
7016-BPGEU,Female,53,No,No,No,No,0,United States,California,Dunsmuir,96025,41.212695,-122.392067,2602,Q3,0,0,29,,0,0.0,0,Yes,Cable,22,0,0,0,0,0,0,0,1,Month-to-Month,1,Credit Card,25.1,712.85,0.0,0,0.0,712.85,1,Churned,Yes,81,2796,Competitor,Competitor offered higher download speeds,0.92
8079-XRJRS,Male,39,No,No,Yes,No,0,United States,California,Pleasant Grove,95668,38.833554,-121.498102,901,Q3,1,5,65,Offer B,1,49.33,1,Yes,Fiber Optic,16,1,1,1,0,0,0,0,1,One Year,0,Bank Withdrawal,89.75,5769.6,18.72,0,3206.45,8957.33,1,Churned,Yes,72,6110,Dissatisfaction,Network reliability,0.91
9878-TNQGW,Male,51,No,No,No,No,0,United States,California,Davenport,95017,37.114335,-122.237162,857,Q3,0,0,2,Offer E,1,17.33,0,Yes,Fiber Optic,14,0,0,0,0,0,1,1,1,Month-to-Month,1,Bank Withdrawal,80.95,171.15,0.0,0,34.66,205.81,3,Churned,Yes,65,3533,Competitor,Competitor made better offer,0.87
0940-OUQEC,Male,54,No,No,No,No,0,United States,California,Winters,95694,38.578604,-122.024579,8406,Q3,0,0,10,Offer D,1,17.07,1,Yes,Fiber Optic,3,0,1,0,0,0,0,0,0,Month-to-Month,1,Bank Withdrawal,80.7,788.8,38.42,50,170.7,971.08,1,Churned,Yes,77,3492,Competitor,Competitor offered more data,0.82
9907-SWKKF,Female,69,No,Yes,No,No,0,United States,California,Twain,95984,40.022184,-121.062384,73,Q3,0,0,1,Offer E,0,0.0,0,Yes,DSL,21,0,0,0,0,0,0,0,1,Month-to-Month,0,Credit Card,25.05,25.05,0.0,0,0.0,25.05,1,Churned,Yes,65,4842,Competitor,Competitor had better devices,0.83
8623-TMRBY,Male,80,No,Yes,Yes,No,0,United States,California,Chula Vista,91915,32.605012,-116.97595,9278,Q3,1,2,51,Offer B,1,43.58,1,Yes,Cable,22,0,1,1,0,0,0,0,1,Month-to-Month,1,Bank Withdrawal,84.2,4146.05,0.0,0,2222.58,6368.63,2,Churned,Yes,74,6245,Competitor,Competitor offered more data,0.99
0022-TCJCI,Male,79,No,Yes,No,No,0,United States,California,Daly City,94015,37.680844,-122.48131,63337,Q3,0,0,45,,1,10.67,0,Yes,DSL,17,1,0,1,0,0,1,0,1,One Year,0,Credit Card,62.7,2791.5,0.0,0,480.15,3271.65,1,Churned,Yes,92,2654,Dissatisfaction,Limited range of services,0.89
9518-RWHZL,Female,39,No,No,No,No,0,United States,California,Penryn,95663,38.859093,-121.182872,2048,Q3,0,0,64,,1,28.13,1,Yes,Fiber Optic,18,0,0,1,0,1,1,1,1,One Year,1,Credit Card,100.05,6254.2,0.0,0,1800.32,8054.52,1,Churned,Yes,69,5452,Competitor,Competitor had better devices,0.9
0193-ESZXP,Female,73,No,Yes,Yes,No,0,United States,California,Oceano,93445,35.059695,-120.604741,7435,Q3,1,1,58,,1,16.94,0,Yes,Fiber Optic,19,1,1,0,1,1,1,1,1,One Year,1,Credit Card,105.5,6205.5,0.0,0,982.52,7188.02,1,Churned,Yes,91,5067,Attitude,Attitude of support person,0.96
8802-UNOJF,Male,65,No,Yes,No,No,0,United States,California,Philo,95466,39.094102,-123.500853,1113,Q3,0,0,12,Offer D,1,28.63,0,Yes,Cable,7,0,1,1,1,0,0,0,0,Month-to-Month,1,Credit Card,83.8,1029.75,44.58,80,343.56,1408.73,1,Churned,Yes,78,5565,Competitor,Competitor had better devices,0.98
1228-FZFRV,Male,37,No,No,Yes,No,0,United States,California,Los Angeles,90007,34.027337,-118.28515,45025,Q3,0,0,50,,1,20.88,1,Yes,Fiber Optic,13,1,0,1,0,1,1,1,1,Month-to-Month,0,Credit Card,105.95,5341.8,0.0,0,1044.0,6385.8,1,Churned,Yes,79,5536,Price,Extra data charges,0.94
5458-CQJTA,Male,56,No,No,Yes,No,0,United States,California,Smith River,95567,41.950683,-124.097094,2020,Q3,1,1,65,Offer B,1,40.47,0,Yes,DSL,30,1,0,0,1,1,1,1,1,Two Year,1,Bank Withdrawal,74.8,4820.15,0.0,0,2630.5499999999997,7450.699999999999,1,Churned,Yes,89,5207,Dissatisfaction,Product dissatisfaction,0.94
7762-URZQH,Male,30,No,No,Yes,No,0,United States,California,Venice,90291,33.991782,-118.479229,31021,Q3,0,0,66,,1,23.51,1,Yes,Fiber Optic,52,1,0,1,0,1,1,1,1,Two Year,1,Credit Card,106.05,6981.35,0.0,0,1551.66,8533.01,2,Churned,Yes,83,5602,Dissatisfaction,Product dissatisfaction,0.98
4211-MMAZN,Male,41,No,No,No,No,0,United States,California,Vacaville,95688,38.419088,-122.024568,32564,Q3,0,0,1,Offer E,1,23.16,0,No,,0,0,0,0,0,0,0,0,0,Month-to-Month,0,Mailed Check,20.25,20.25,0.0,0,23.16,43.41,1,Churned,Yes,89,2959,Attitude,Attitude of support person,0.98
4822-NGOCH,Female,60,No,No,No,No,0,United States,California,Sacramento,95831,38.494832,-121.529447,42832,Q3,0,0,13,,1,21.88,1,Yes,Fiber Optic,4,0,1,1,0,0,0,0,1,Month-to-Month,1,Bank Withdrawal,84.45,1058.6,0.0,0,284.44,1343.04,2,Churned,Yes,74,5801,Price,Long distance charges,0.97
7743-EXURX,Male,47,No,No,Yes,Yes,1,United States,California,Glendale,91208,34.195386,-118.238508,16910,Q3,1,1,8,Offer E,1,3.85,0,Yes,DSL,20,0,0,1,0,0,0,0,1,Month-to-Month,1,Bank Withdrawal,51.05,415.05,0.0,0,30.8,445.85,1,Churned,Yes,77,3758,Dissatisfaction,Product dissatisfaction,0.95
3763-GCZHZ,Male,23,Yes,No,Yes,No,0,United States,California,Hathaway Pines,95233,38.184914,-120.364085,335,Q3,1,1,66,Offer A,1,20.07,1,Yes,Fiber Optic,85,0,1,0,1,1,1,1,1,One Year,1,Bank Withdrawal,104.05,6890.0,0.0,0,1324.62,8214.62,2,Churned,Yes,95,5504,Competitor,Competitor offered more data,0.95
4749-VFKVB,Female,47,No,No,No,No,0,United States,California,Inverness,94937,38.099323,-122.945723,1004,Q3,0,0,1,,1,46.49,1,Yes,DSL,14,0,0,0,0,0,0,0,1,Month-to-Month,1,Credit Card,50.1,50.1,0.0,0,46.49,96.59,2,Churned,Yes,90,4778,Other,Don't know,0.9
8178-EYZUO,Male,48,No,No,No,No,0,United States,California,San Francisco,94105,37.789168,-122.395009,2066,Q3,0,0,46,,1,15.78,1,Yes,Fiber Optic,3,1,1,0,0,0,1,1,1,Month-to-Month,1,Bank Withdrawal,93.7,4154.8,0.0,0,725.88,4880.68,1,Churned,Yes,70,3378,Price,Extra data charges,0.94
5356-RHIPP,Male,38,No,No,No,No,0,United States,California,Dinuba,93618,36.523619,-119.386868,24206,Q3,0,0,1,Offer E,1,45.49,0,No,,0,0,0,0,0,0,0,0,0,Month-to-Month,1,Credit Card,20.2,20.2,0.0,0,45.49,65.69,1,Churned,Yes,81,5355,Competitor,Competitor made better offer,0.97
2834-SPCJV,Male,40,No,No,Yes,No,0,United States,California,Rough And Ready,95975,39.225634,-121.156163,1601,Q3,1,1,52,,1,38.37,0,Yes,Fiber Optic,14,1,0,0,0,1,0,0,1,Month-to-Month,0,Bank Withdrawal,84.1,4348.65,0.0,0,1995.24,6343.889999999999,1,Churned,Yes,75,6216,Competitor,Competitor had better devices,0.75
7083-YNSKY,Female,22,Yes,No,No,No,0,United States,California,Lodi,95242,38.128087,-121.4078,22073,Q3,0,0,15,Offer D,1,45.84,1,No,,0,0,0,0,0,0,0,0,0,Month-to-Month,1,Credit Card,25.4,399.6,0.0,0,687.6,1087.2,1,Churned,Yes,86,2853,Attitude,Attitude of support person,0.98
0486-HECZI,Male,37,No,No,Yes,Yes,1,United States,California,Torrance,90504,33.867257,-118.330794,31678,Q3,0,0,55,,1,49.06,1,Yes,Fiber Optic,27,1,1,0,0,1,0,0,1,Month-to-Month,1,Bank Withdrawal,96.75,5238.9,0.0,0,2698.3,7937.2,1,Churned,Yes,75,5154,Price,Long distance charges,0.81
5502-RLUYV,Female,42,No,No,Yes,No,0,United States,California,Milpitas,95035,37.441931,-121.878502,62848,Q3,1,1,69,,1,37.2,1,Yes,Fiber Optic,27,0,1,1,0,1,1,1,1,Month-to-Month,1,Bank Withdrawal,103.95,7446.9,0.0,0,2566.8,10013.7,2,Churned,Yes,86,4283,Competitor,Competitor made better offer,0.87
0404-SWRVG,Male,21,Yes,No,No,Yes,2,United States,California,La Habra,90631,33.940619,-117.9513,67354,Q3,0,0,3,Offer E,1,14.6,1,Yes,Fiber Optic,71,0,0,0,0,0,0,1,1,Month-to-Month,1,Bank Withdrawal,74.4,229.55,8.74,0,43.8,264.61,1,Churned,Yes,76,4415,Dissatisfaction,Product dissatisfaction,0.96
0691-JVSYA,Female,24,Yes,No,Yes,No,0,United States,California,Pasadena,91103,34.167465,-118.165327,27891,Q3,1,5,53,,1,40.62,0,Yes,Fiber Optic,73,0,0,1,0,1,1,1,1,One Year,1,Bank Withdrawal,94.85,5000.2,18.55,0,2152.8599999999997,7134.509999999999,1,Churned,Yes,80,4328,Competitor,Competitor had better devices,1.0
2929-QNSRW,Female,21,Yes,No,Yes,No,0,United States,California,San Diego,92130,32.957195,-117.202542,28201,Q3,1,1,56,,1,19.16,1,Yes,Fiber Optic,48,0,1,0,0,1,1,1,0,One Year,1,Bank Withdrawal,98.25,5508.35,0.0,150,1072.96,6731.31,1,Churned,Yes,90,4886,Competitor,Competitor made better offer,0.91
7330-WZLNC,Female,25,Yes,No,No,No,0,United States,California,Red Bluff,96080,40.186772,-122.388361,26438,Q3,0,0,5,Offer E,1,1.49,1,Yes,Fiber Optic,51,0,1,0,0,1,0,1,1,Month-to-Month,1,Bank Withdrawal,90.8,455.5,0.0,0,7.45,462.95,3,Churned,Yes,73,5090,Competitor,Competitor offered more data,0.87
8080-DDEMJ,Male,71,No,Yes,No,No,0,United States,California,Glendale,91204,34.136306,-118.26036,17015,Q3,0,0,1,Offer E,1,15.28,0,Yes,Cable,14,0,0,0,0,0,0,0,1,Month-to-Month,0,Bank Withdrawal,45.1,45.1,0.0,0,15.28,60.38,2,Churned,Yes,79,4499,Attitude,Attitude of support person,0.99
4323-SADQS,Male,61,No,No,Yes,Yes,6,United States,California,Concord,94521,37.971421,-121.971504,39888,Q3,1,2,7,,0,0.0,0,Yes,Cable,30,1,0,0,1,0,0,0,1,Month-to-Month,1,Bank Withdrawal,34.5,279.25,0.0,0,0.0,279.25,1,Churned,Yes,93,3520,Dissatisfaction,Service dissatisfaction,0.97
4412-YLTKF,Female,72,No,Yes,No,Yes,1,United States,California,Pico Rivera,90660,33.989524,-118.089299,63288,Q3,0,0,27,Offer C,1,3.33,1,Yes,Fiber Optic,18,0,0,1,0,0,0,0,0,Month-to-Month,1,Bank Withdrawal,78.05,2135.5,0.0,10,89.91,2235.41,1,Churned,Yes,95,4638,Competitor,Competitor had better devices,0.93
4250-FDVOU,Female,44,No,No,No,No,0,United States,California,Woodland,95695,38.71967,-121.862416,38547,Q3,0,0,6,Offer E,1,17.18,0,Yes,DSL,22,1,1,0,0,0,0,0,1,Month-to-Month,0,Bank Withdrawal,56.25,389.1,0.0,0,103.08,492.18,1,Churned,Yes,95,4110,Attitude,Attitude of support person,0.99
9282-IZGQK,Female,51,No,No,No,No,0,United States,California,Irvine,92612,33.643095,-117.810896,41062,Q3,0,0,1,Offer E,1,30.52,1,Yes,Fiber Optic,30,0,0,0,0,0,1,1,1,Month-to-Month,1,Bank Withdrawal,85.0,85.0,0.0,0,30.52,115.52,3,Churned,Yes,80,5679,Other,Don't know,0.93
5842-POCOP,Female,37,No,No,Yes,No,0,United States,California,Randsburg,93554,35.405722,-117.773354,117,Q3,1,1,5,,1,41.57,0,Yes,Cable,27,1,0,1,0,0,1,1,1,Month-to-Month,1,Mailed Check,88.9,454.15,0.0,0,207.85,662.0,1,Churned,Yes,79,4356,Competitor,Competitor offered higher download speeds,0.92
2002-MZHWP,Female,24,Yes,No,No,No,0,United States,California,Delhi,95315,37.422961,-120.765493,10159,Q3,0,0,1,Offer E,1,26.12,0,No,,0,0,0,0,0,0,0,0,0,Month-to-Month,0,Credit Card,20.5,20.5,0.0,0,26.12,46.620000000000005,2,Churned,Yes,76,3820,Price,Long distance charges,0.96
6680-NENYN,Female,24,Yes,No,No,No,0,United States,California,San Diego,92122,32.85723,-117.209774,34902,Q3,0,0,43,,1,12.88,1,Yes,Fiber Optic,59,0,1,1,0,1,1,1,1,Two Year,1,Bank Withdrawal,104.6,4759.85,0.0,0,553.84,5313.6900000000005,1,Churned,Yes,91,5250,Competitor,Competitor made better offer,0.99
7530-HDYDS,Female,26,Yes,No,No,No,0,United States,California,Lakewood,90712,33.840524,-118.148403,30173,Q3,0,0,38,,1,17.66,0,Yes,Fiber Optic,41,0,1,1,1,0,0,1,1,Month-to-Month,1,Credit Card,84.25,3264.5,0.0,0,671.08,3935.58,2,Churned,Yes,70,2885,Attitude,Attitude of support person,0.73
4554-YGZIH,Male,75,No,Yes,Yes,No,0,United States,California,Summerland,93067,34.420998,-119.60137,576,Q3,1,3,49,Offer B,1,22.92,1,Yes,Fiber Optic,14,0,1,0,0,0,1,0,1,Month-to-Month,0,Credit Card,90.05,4547.25,0.0,0,1123.0800000000002,5670.33,2,Churned,Yes,96,5059,Competitor,Competitor made better offer,0.78
9863-JZAIC,Male,60,No,No,No,No,0,United States,California,Long Beach,90807,33.830099,-118.182239,31556,Q3,0,0,35,,1,48.93,0,Yes,Cable,14,0,0,0,0,1,0,0,1,Month-to-Month,0,Credit Card,55.0,2010.55,0.0,0,1712.55,3723.1,1,Churned,Yes,91,2220,Other,Don't know,0.78
5277-ZLOOR,Female,78,No,Yes,No,No,0,United States,California,Applegate,95703,38.983388,-120.988814,1526,Q3,0,0,2,Offer E,1,5.49,1,Yes,Fiber Optic,25,0,0,0,0,1,0,0,1,Month-to-Month,1,Bank Withdrawal,85.55,187.45,0.0,0,10.98,198.43,3,Churned,Yes,86,5512,Dissatisfaction,Network reliability,0.95
6818-WOBHJ,Female,70,No,Yes,Yes,No,0,United States,California,Fulton,95439,38.493888,-122.777141,476,Q3,1,1,68,Offer A,1,24.13,1,Yes,Fiber Optic,24,0,1,0,0,0,1,0,1,Month-to-Month,1,Bank Withdrawal,89.6,6127.6,0.0,0,1640.84,7768.44,1,Churned,Yes,69,5651,Competitor,Competitor had better devices,0.99
7180-PISOG,Male,41,No,No,Yes,No,0,United States,California,Piru,93040,34.432843,-118.730106,1459,Q3,0,0,1,,1,36.44,1,Yes,Fiber Optic,16,0,0,0,0,0,0,0,1,Month-to-Month,1,Bank Withdrawal,74.5,74.5,0.0,0,36.44,110.94,3,Churned,Yes,75,5554,Attitude,Attitude of service provider,0.99
6481-OGDOO,Male,31,No,No,Yes,No,0,United States,California,San Diego,92129,32.961064,-117.134917,47224,Q3,1,1,67,Offer A,1,30.75,0,Yes,Fiber Optic,5,1,1,0,0,0,1,1,1,One Year,1,Credit Card,90.6,6056.15,0.0,0,2060.25,8116.4,1,Churned,Yes,73,4394,Competitor,Competitor made better offer,0.98
2634-HCZGT,Male,71,No,Yes,Yes,No,0,United States,California,San Jose,95126,37.327069,-121.916819,27023,Q3,1,1,53,,1,21.67,1,Yes,Cable,6,1,0,0,1,0,0,0,0,One Year,1,Bank Withdrawal,60.05,3229.65,0.0,100,1148.51,4478.16,1,Churned,Yes,77,5271,Other,Moved,0.95
5186-SAMNZ,Male,75,No,Yes,No,No,0,United States,California,Marina,93933,36.689582,-121.758398,21759,Q3,0,0,1,,1,41.2,0,Yes,Fiber Optic,15,0,0,0,0,0,0,0,0,Month-to-Month,1,Bank Withdrawal,69.5,69.5,0.0,80,41.2,190.7,2,Churned,Yes,77,3273,Price,Price too high,0.94
2359-QWQUL,Female,35,No,No,Yes,No,0,United States,California,Los Angeles,90058,34.001617,-118.222274,3642,Q3,1,1,39,,1,9.51,0,Yes,Fiber Optic,7,1,0,1,1,1,1,1,1,One Year,1,Credit Card,104.7,4134.85,0.0,0,370.89,4505.740000000001,2,Churned,Yes,68,2371,Competitor,Competitor made better offer,0.99
7853-GVUDZ,Female,55,No,No,Yes,Yes,1,United States,California,Los Angeles,90004,34.076259,-118.310715,67852,Q3,1,1,1,Offer E,1,3.09,0,No,,0,0,0,0,0,0,0,0,0,Month-to-Month,1,Credit Card,20.15,20.15,0.0,0,3.09,23.24,2,Churned,Yes,70,4277,Price,Long distance charges,0.96
3138-BKYAV,Male,61,No,No,No,No,0,United States,California,Kerman,93630,36.727418,-120.123526,14062,Q3,0,0,6,,1,11.97,0,Yes,Fiber Optic,27,0,1,0,0,1,0,0,1,Month-to-Month,1,Bank Withdrawal,85.35,489.45,0.0,0,71.82000000000001,561.27,3,Churned,Yes,75,4694,Attitude,Attitude of service provider,0.96
5299-SJCZT,Male,57,No,No,No,No,0,United States,California,Ladera Ranch,92694,33.569186,-117.640055,350,Q3,0,0,3,Offer E,1,21.86,1,Yes,Fiber Optic,6,0,0,1,0,1,1,1,1,Month-to-Month,1,Bank Withdrawal,101.55,298.35,0.0,0,65.58,363.93,3,Churned,Yes,73,4480,Dissatisfaction,Network reliability,0.81
9239-ZBZZV,Female,23,Yes,No,No,No,0,United States,California,Los Angeles,90011,34.00709,-118.258681,101215,Q3,0,0,6,Offer E,0,0.0,0,Yes,DSL,71,0,0,1,0,1,1,1,1,Month-to-Month,1,Bank Withdrawal,47.95,305.1,0.0,0,0.0,305.1,1,Churned,Yes,80,2240,Competitor,Competitor had better devices,0.98
2344-JMOGN,Male,54,No,No,Yes,No,0,United States,California,Buttonwillow,93206,35.451402,-119.488413,2078,Q3,1,1,9,,1,17.47,0,Yes,Fiber Optic,6,0,1,1,1,1,0,0,1,Month-to-Month,1,Credit Card,94.85,890.6,0.0,0,157.23,1047.83,2,Churned,Yes,72,3016,Other,Don't know,0.84
0578-SKVMF,Female,23,Yes,No,Yes,No,0,United States,California,Seeley,92273,32.790282,-115.689559,1632,Q3,1,4,22,,1,4.01,0,Yes,Cable,53,0,1,0,0,0,1,1,1,Month-to-Month,0,Bank Withdrawal,83.3,1845.9,0.0,0,88.22,1934.12,1,Churned,Yes,88,3804,Competitor,Competitor had better devices,1.0
9725-SCPZG,Male,47,No,No,No,No,0,United States,California,South Lake Tahoe,96150,38.911577,-120.106169,33038,Q3,0,0,1,Offer E,1,1.13,0,Yes,Fiber Optic,6,0,0,0,0,1,1,1,1,Month-to-Month,1,Bank Withdrawal,90.85,90.85,0.0,0,1.13,91.98,3,Churned,Yes,80,5086,Price,Price too high,0.95
5394-SVGJV,Male,27,Yes,No,No,No,0,United States,California,Sacramento,95838,38.646096,-121.442433,34894,Q3,0,0,37,,1,30.72,1,Yes,Fiber Optic,42,0,0,0,1,1,1,1,1,Month-to-Month,0,Bank Withdrawal,98.8,3475.55,0.0,0,1136.64,4612.1900000000005,1,Churned,Yes,82,3066,Competitor,Competitor made better offer,0.9
1541-ETJZO,Male,58,No,No,No,No,0,United States,California,Wheatland,95692,39.043387,-121.409837,3600,Q3,0,0,1,Offer E,1,47.83,1,Yes,DSL,12,0,0,1,1,0,0,0,0,Month-to-Month,0,Mailed Check,62.05,62.05,0.0,10,47.83,119.88,2,Churned,Yes,86,2937,Other,Moved,0.98
4702-IOQDC,Female,58,No,No,No,No,0,United States,California,Gustine,95322,37.147198,-121.120161,7872,Q3,0,0,1,Offer E,1,46.17,0,Yes,Fiber Optic,30,0,0,0,0,0,0,0,1,Month-to-Month,1,Bank Withdrawal,70.1,70.1,0.0,0,46.17,116.27,3,Churned,Yes,91,2007,Competitor,Competitor offered higher download speeds,1.0
6776-TLWOI,Male,29,Yes,No,No,No,0,United States,California,Livingston,95334,37.361987,-120.748394,12672,Q3,0,0,3,Offer E,1,32.01,0,No,,0,0,0,0,0,0,0,0,0,Month-to-Month,0,Mailed Check,19.85,64.55,0.0,0,96.03,160.57999999999998,1,Churned,Yes,93,2158,Price,Price too high,0.95
7549-MYGPK,Female,48,No,No,Yes,No,0,United States,California,Mountain View,94040,37.380662,-122.086022,32143,Q3,1,3,63,Offer B,1,8.98,1,Yes,Fiber Optic,16,1,1,1,0,1,0,0,0,Month-to-Month,1,Bank Withdrawal,100.55,6215.35,0.0,0,565.74,6781.09,2,Churned,Yes,79,5413,Price,Price too high,0.9
4946-EDSEW,Female,35,No,No,Yes,Yes,3,United States,California,Compton,90221,33.885811,-118.206459,51387,Q3,1,1,11,Offer D,1,29.01,0,No,,0,0,0,0,0,0,0,0,0,Month-to-Month,1,Credit Card,19.25,180.3,0.0,0,319.11,499.41,1,Churned,Yes,69,5638,Attitude,Attitude of support person,0.94
6559-ILWKJ,Male,44,No,No,Yes,No,0,United States,California,Fresno,93722,36.78979,-119.929894,60889,Q3,1,1,71,,0,0.0,0,Yes,Cable,25,0,1,0,0,1,1,1,0,Two Year,0,Bank Withdrawal,49.35,3515.25,0.0,100,0.0,3615.25,1,Churned,Yes,95,4879,Dissatisfaction,Product dissatisfaction,0.91
2984-MIIZL,Male,51,No,No,No,No,0,United States,California,Guadalupe,93434,34.936,-120.594655,5726,Q3,0,0,4,,1,7.26,0,Yes,Fiber Optic,29,0,0,1,0,0,0,0,1,Month-to-Month,1,Bank Withdrawal,74.8,321.9,0.0,0,29.04,350.94,1,Churned,Yes,71,5882,Dissatisfaction,Network reliability,0.86
9053-JZFKV,Male,25,Yes,No,No,No,0,United States,California,Redway,95560,40.142256,-123.852927,1851,Q3,0,0,67,Offer A,1,33.88,1,Yes,Fiber Optic,71,1,1,1,1,1,1,1,1,Two Year,0,Credit Card,116.2,7752.3,0.0,0,2269.96,10022.26,2,Churned,Yes,82,4495,Other,Don't know,0.98
2239-JALAW,Male,20,Yes,No,No,No,0,United States,California,Escondido,92027,33.141265,-116.967221,48690,Q3,0,0,58,Offer B,1,44.5,1,Yes,Fiber Optic,47,0,1,1,0,1,1,1,1,One Year,1,Bank Withdrawal,103.25,6017.65,0.0,0,2581.0,8598.65,1,Churned,Yes,74,6105,Competitor,Competitor made better offer,0.78
6771-XWBDM,Female,47,No,No,Yes,No,0,United States,California,White Water,92282,33.972293,-116.654195,805,Q3,1,1,57,,1,40.13,1,Yes,Fiber Optic,25,0,1,1,0,1,1,1,1,Month-to-Month,1,Credit Card,104.5,5921.35,0.0,0,2287.4100000000003,8208.76,1,Churned,Yes,80,4471,Dissatisfaction,Product dissatisfaction,0.97
2839-RFSQE,Female,60,No,No,No,No,0,United States,California,Rancho Mirage,92270,33.763678,-116.429928,12465,Q3,0,0,2,Offer E,1,24.71,0,No,,0,0,0,0,0,0,0,0,0,Month-to-Month,0,Mailed Check,20.65,38.7,0.0,0,49.42,88.12,2,Churned,Yes,83,3845,Attitude,Attitude of support person,0.95
6496-SLWHQ,Male,68,No,Yes,No,No,0,United States,California,Moraga,94556,37.827946,-122.107185,16510,Q3,0,0,3,Offer E,1,35.43,1,Yes,Fiber Optic,18,0,1,1,0,1,1,0,1,Month-to-Month,1,Bank Withdrawal,105.0,294.45,0.0,0,106.29,400.74,3,Churned,Yes,87,5960,Attitude,Attitude of support person,0.92
0836-SEYLU,Male,64,No,No,Yes,No,0,United States,California,San Diego,92128,33.000269,-117.072093,42733,Q3,1,2,9,Offer E,0,0.0,0,Yes,DSL,26,0,0,0,1,1,0,0,1,Month-to-Month,0,Mailed Check,40.65,328.95,0.0,0,0.0,328.95,1,Churned,Yes,91,4800,Competitor,Competitor had better devices,0.99
2568-BRGYX,Male,43,No,No,No,No,0,United States,California,Dixon,95620,38.392821,-121.799917,18529,Q3,0,0,4,,1,13.02,0,Yes,Fiber Optic,15,0,0,0,0,0,0,0,1,Month-to-Month,1,Bank Withdrawal,70.2,237.95,0.0,0,52.08,290.03,1,Churned,Yes,92,5094,Competitor,Competitor had better devices,0.96
6394-MFYNG,Female,20,Yes,No,No,No,0,United States,California,Solana Beach,92075,33.001813,-117.263628,12173,Q3,0,0,48,,1,5.19,1,Yes,Fiber Optic,47,0,1,1,0,1,1,1,1,Month-to-Month,1,Bank Withdrawal,107.4,5121.3,0.0,0,249.12,5370.42,2,Churned,Yes,89,4956,Attitude,Attitude of support person,0.95
2207-OBZNX,Male,56,No,No,No,No,0,United States,California,Aguanga,92536,33.482243,-116.827173,2433,Q3,0,0,7,,1,34.49,0,Yes,Cable,22,1,0,0,0,0,0,0,1,Month-to-Month,1,Mailed Check,51.0,354.05,0.0,0,241.43,595.48,1,Churned,Yes,90,3736,Attitude,Attitude of service provider,0.96
4829-AUOAX,Female,57,No,No,No,No,0,United States,California,Los Angeles,90014,34.043144,-118.251977,3524,Q3,0,0,46,,1,6.18,1,Yes,Cable,8,0,0,0,0,1,1,1,0,Month-to-Month,0,Bank Withdrawal,96.05,4399.5,0.0,80,284.28,4763.78,2,Churned,Yes,77,2712,Price,Extra data charges,0.98
7551-DACSP,Male,49,No,No,Yes,Yes,1,United States,California,Hat Creek,96040,40.789799,-121.474529,397,Q3,1,1,6,Offer E,1,1.86,0,Yes,DSL,19,0,1,1,0,0,0,0,1,Month-to-Month,1,Mailed Check,55.3,324.25,0.0,0,11.16,335.41,2,Churned,Yes,91,3878,Competitor,Competitor made better offer,0.92
6311-UEUME,Female,37,No,No,No,No,0,United States,California,Los Angeles,90025,34.046174,-118.446333,41175,Q3,0,0,29,,1,44.33,0,Yes,Fiber Optic,7,0,0,0,0,1,0,0,1,Month-to-Month,1,Bank Withdrawal,78.9,2384.15,0.0,0,1285.57,3669.72,2,Churned,Yes,90,3249,Price,Extra data charges,0.91
6127-ISGTU,Female,34,No,No,Yes,No,0,United States,California,Garden Valley,95633,38.852544,-120.837669,2536,Q3,1,1,16,,1,6.82,1,Yes,Fiber Optic,7,0,0,0,0,1,0,0,1,Month-to-Month,1,Bank Withdrawal,84.95,1378.25,0.0,0,109.12,1487.37,3,Churned,Yes,67,3075,Attitude,Attitude of support person,0.91
9474-PHLYD,Female,25,Yes,No,No,No,0,United States,California,Sherman Oaks,91423,34.146957,-118.432138,29387,Q3,0,0,15,Offer D,1,36.34,0,Yes,DSL,48,0,0,1,0,0,1,1,1,Month-to-Month,1,Bank Withdrawal,59.45,892.65,0.0,0,545.1,1437.75,1,Churned,Yes,68,5129,Dissatisfaction,Network reliability,0.81
8267-ZNYVZ,Female,47,No,No,Yes,No,0,United States,California,Spring Valley,91977,32.726627,-116.994608,56100,Q3,1,1,33,,1,15.66,0,Yes,Fiber Optic,24,1,0,1,1,1,1,1,0,One Year,1,Bank Withdrawal,103.75,3361.05,0.0,100,516.78,3977.83,1,Churned,Yes,81,3824,Attitude,Attitude of service provider,0.99
5229-PRWKT,Male,47,No,No,No,No,0,United States,California,Lompoc,93437,34.757477,-120.550507,6165,Q3,0,0,8,Offer E,1,24.76,1,Yes,Fiber Optic,2,0,0,0,0,0,1,1,1,Month-to-Month,1,Bank Withdrawal,86.55,649.65,0.0,0,198.08,847.73,3,Churned,Yes,80,4193,Attitude,Attitude of service provider,0.97
3669-LVWZB,Male,20,Yes,No,No,No,0,United States,California,Tahoma,96142,39.061227,-120.179546,1291,Q3,0,0,5,,0,0.0,0,Yes,DSL,59,0,1,0,0,1,1,1,1,Month-to-Month,1,Mailed Check,51.0,305.95,0.0,0,0.0,305.95,2,Churned,Yes,86,4630,Price,Long distance charges,0.95
7459-RRWQZ,Female,51,No,No,No,No,0,United States,California,San Diego,92130,32.957195,-117.202542,28201,Q3,0,0,15,Offer D,1,47.57,1,Yes,DSL,26,1,0,0,0,0,1,1,1,Month-to-Month,1,Bank Withdrawal,64.65,994.55,0.0,0,713.55,1708.1,1,Churned,Yes,89,4780,Competitor,Competitor made better offer,0.98
6038-GCYEC,Female,25,Yes,No,No,No,0,United States,California,Palm Desert,92211,33.762759,-116.324817,19702,Q3,0,0,24,Offer C,0,0.0,0,Yes,DSL,52,0,1,1,0,1,1,1,1,Month-to-Month,1,Credit Card,54.15,1240.25,0.0,0,0.0,1240.25,1,Churned,Yes,95,5153,Competitor,Competitor had better devices,0.93
7598-UAASY,Male,19,Yes,No,Yes,No,0,United States,California,Marshall,94940,38.129308,-122.834815,406,Q3,1,1,2,Offer E,1,20.5,0,Yes,Fiber Optic,51,0,0,1,0,0,0,0,1,Month-to-Month,0,Bank Withdrawal,76.4,151.8,0.0,0,41.0,192.8,1,Churned,Yes,71,4340,Competitor,Competitor had better devices,0.98
7593-JNWRU,Male,61,No,No,Yes,Yes,1,United States,California,Fremont,94538,37.505768,-121.962472,56126,Q3,1,5,6,Offer E,1,49.2,0,Yes,DSL,21,0,0,0,0,0,0,0,1,Month-to-Month,1,Bank Withdrawal,44.6,260.8,0.0,0,295.20000000000005,556.0,2,Churned,Yes,90,4525,Price,Extra data charges,0.99
4489-SNOJF,Female,28,Yes,No,Yes,Yes,2,United States,California,Deer Park,94576,38.554383,-122.474773,223,Q3,1,1,35,,1,25.27,1,Yes,DSL,82,1,0,1,1,1,0,0,1,Month-to-Month,0,Bank Withdrawal,72.25,2568.55,0.0,0,884.4499999999999,3453.0,1,Churned,Yes,83,5898,Other,Don't know,0.94
3884-HCSWG,Female,51,No,No,No,No,0,United States,California,Camptonville,95922,39.432127,-121.099287,632,Q3,0,0,17,,1,7.66,0,Yes,Fiber Optic,17,0,0,0,0,0,0,0,0,Month-to-Month,1,Bank Withdrawal,70.0,1144.5,0.0,80,130.22,1354.72,1,Churned,Yes,70,4390,Attitude,Attitude of support person,0.95
8779-QRDMV,Male,78,No,Yes,No,No,0,United States,California,Los Angeles,90022,34.02381,-118.156582,68701,Q3,0,0,1,,0,0.0,0,Yes,DSL,8,0,0,1,0,0,1,0,0,Month-to-Month,1,Bank Withdrawal,39.65,39.65,0.0,20,0.0,59.65,3,Churned,Yes,91,5433,Competitor,Competitor offered more data,1.0
7024-OHCCK,Female,77,No,Yes,No,No,0,United States,California,Sheridan,95681,38.984756,-121.345074,1219,Q3,0,0,2,,1,19.27,1,Yes,Fiber Optic,18,0,0,0,0,1,1,0,1,Month-to-Month,1,Bank Withdrawal,93.85,170.85,0.0,0,38.54,209.39,3,Churned,Yes,72,4193,Other,Poor expertise of online support,0.99
7825-ECJRF,Female,43,No,No,No,Yes,1,United States,California,Santa Clarita,91350,34.502432,-118.41459,40077,Q3,0,0,19,,1,28.35,0,Yes,Fiber Optic,19,1,0,1,1,1,1,1,0,Month-to-Month,1,Bank Withdrawal,106.6,1934.45,21.72,40,538.65,2491.38,1,Churned,Yes,71,3764,Dissatisfaction,Network reliability,0.81
0719-SYFRB,Female,52,No,No,No,No,0,United States,California,Norco,92860,33.925833,-117.559639,22443,Q3,0,0,12,Offer D,1,36.24,1,Yes,DSL,30,1,0,1,1,0,0,0,1,Month-to-Month,1,Mailed Check,61.65,713.75,0.0,0,434.88,1148.63,1,Churned,Yes,67,5670,Competitor,Competitor offered higher download speeds,1.0
7481-ATQQS,Female,76,No,Yes,No,No,0,United States,California,Boulder Creek,95006,37.171727,-122.142961,10520,Q3,0,0,49,Offer B,1,44.88,1,Yes,Fiber Optic,15,0,0,1,0,0,1,0,1,Month-to-Month,1,Credit Card,90.85,4515.85,0.0,0,2199.1200000000003,6714.970000000001,2,Churned,Yes,70,5651,Attitude,Attitude of support person,0.98
5167-ZFFMM,Male,64,No,No,No,No,0,United States,California,San Diego,92122,32.85723,-117.209774,34902,Q3,0,0,1,Offer E,1,8.56,1,Yes,Fiber Optic,24,0,1,0,0,0,1,1,1,Month-to-Month,1,Credit Card,90.85,90.85,0.0,0,8.56,99.41,3,Churned,Yes,81,3424,Competitor,Competitor made better offer,0.87
2012-NWRPA,Female,78,No,Yes,Yes,No,0,United States,California,Modesto,95355,37.672906,-120.946594,47613,Q3,1,1,11,Offer D,1,1.28,1,Yes,Fiber Optic,14,0,0,1,0,1,1,0,1,Month-to-Month,1,Bank Withdrawal,99.55,1131.2,0.0,0,14.08,1145.28,3,Churned,Yes,71,3172,Competitor,Competitor made better offer,0.93
1342-JPNKI,Male,33,No,No,No,No,0,United States,California,Lake Forest,92630,33.644849,-117.684254,59176,Q3,0,0,10,Offer D,1,5.92,1,Yes,Fiber Optic,11,0,0,0,0,1,0,0,1,Month-to-Month,1,Bank Withdrawal,86.05,834.1,0.0,0,59.2,893.3000000000001,3,Churned,Yes,85,2966,Other,Don't know,0.97
0634-SZPQA,Female,64,No,No,No,No,0,United States,California,San Anselmo,94960,37.99272,-122.575026,16849,Q3,0,0,23,,1,3.55,1,Yes,Fiber Optic,4,1,0,0,0,1,0,0,1,Month-to-Month,1,Bank Withdrawal,90.05,2169.8,27.38,0,81.64999999999999,2224.07,2,Churned,Yes,67,4650,Competitor,Competitor offered higher download speeds,0.82
3005-NFMTA,Male,73,No,Yes,No,No,0,United States,California,Valencia,91354,34.457005,-118.573726,17846,Q3,0,0,55,Offer B,1,8.93,1,Yes,Fiber Optic,21,1,0,0,0,1,1,1,1,Month-to-Month,1,Bank Withdrawal,98.8,5617.75,0.0,0,491.15,6108.9,2,Churned,Yes,69,5543,Price,Price too high,0.97
7409-KIUTL,Female,80,No,Yes,No,No,0,United States,California,Escondido,92027,33.141265,-116.967221,48690,Q3,0,0,1,,1,28.64,0,Yes,Fiber Optic,5,0,0,0,0,0,0,0,1,Month-to-Month,1,Bank Withdrawal,71.0,71.0,0.0,0,28.64,99.64,3,Churned,Yes,72,5345,Competitor,Competitor made better offer,0.95
2403-BCASL,Male,66,No,Yes,Yes,No,0,United States,California,Santa Ana,92705,33.766004,-117.786763,44117,Q3,1,1,41,Offer B,1,45.04,1,Yes,Cable,29,0,1,1,1,1,1,0,1,One Year,1,Bank Withdrawal,111.95,4534.9,0.0,0,1846.64,6381.539999999999,2,Churned,Yes,93,3711,Other,Don't know,0.94
0023-HGHWL,Male,67,No,Yes,No,No,0,United States,California,Morgan Hill,95037,37.161544,-121.649371,41707,Q3,0,0,1,,0,0.0,0,Yes,Cable,9,0,0,0,0,0,0,0,1,Month-to-Month,1,Bank Withdrawal,25.1,25.1,0.0,0,0.0,25.1,3,Churned,Yes,85,5437,Competitor,Competitor made better offer,0.89
3096-JRDSO,Female,73,No,Yes,Yes,No,0,United States,California,Fallbrook,92028,33.362575,-117.299644,42239,Q3,1,5,27,Offer C,1,10.19,1,Yes,Fiber Optic,27,1,0,0,1,1,1,0,1,Month-to-Month,1,Bank Withdrawal,104.3,2867.75,0.0,0,275.13,3142.88,1,Churned,Yes,75,3444,Competitor,Competitor made better offer,0.88
3192-NQECA,Male,26,Yes,No,Yes,No,0,United States,California,Santa Monica,90403,34.031529,-118.491156,23559,Q3,1,4,68,Offer A,1,14.79,1,Yes,Fiber Optic,47,0,1,1,1,1,1,1,1,Two Year,1,Bank Withdrawal,110.0,7611.85,0.0,0,1005.72,8617.57,2,Churned,Yes,86,5034,Competitor,Competitor had better devices,0.98
2982-IHMFT,Female,75,No,Yes,No,No,0,United States,California,San Diego,92126,32.886925,-117.152162,74232,Q3,0,0,1,,1,39.61,1,Yes,Fiber Optic,16,0,0,0,0,0,0,0,1,Month-to-Month,1,Credit Card,74.45,74.45,0.0,0,39.61,114.06,3,Churned,Yes,67,4291,Competitor,Competitor made better offer,0.99
1625-JAIIY,Female,42,No,No,Yes,No,0,United States,California,Torrance,90505,33.807882,-118.347957,34873,Q3,1,1,68,,1,44.24,1,Yes,Fiber Optic,5,0,0,0,0,1,0,0,1,One Year,1,Bank Withdrawal,83.0,5685.8,0.0,0,3008.32,8694.12,1,Churned,Yes,86,4714,Dissatisfaction,Product dissatisfaction,0.98
4307-KTUMW,Male,27,Yes,No,Yes,No,0,United States,California,Santa Barbara,93108,34.457541,-119.631072,12741,Q3,1,1,53,Offer B,1,31.24,1,Yes,Fiber Optic,73,1,0,1,0,0,1,1,1,Month-to-Month,0,Bank Withdrawal,93.9,5029.2,0.0,0,1655.72,6684.92,1,Churned,Yes,68,5543,Attitude,Attitude of service provider,0.94
3757-NJYBX,Male,77,No,Yes,Yes,No,0,United States,California,Nipomo,93444,35.050345,-120.489599,15405,Q3,1,3,32,,1,7.92,1,Yes,Fiber Optic,3,0,1,1,0,1,1,0,1,Month-to-Month,0,Bank Withdrawal,106.35,3520.75,0.0,0,253.44,3774.19,2,Churned,Yes,65,4113,Other,Moved,0.97
3932-CMDTD,Female,29,Yes,No,No,No,0,United States,California,Foothill Ranch,92610,33.698728,-117.67768,10936,Q3,0,0,4,,1,43.45,0,Yes,Fiber Optic,52,0,1,1,1,1,1,1,1,One Year,1,Bank Withdrawal,105.65,443.9,0.0,0,173.8,617.7,2,Churned,Yes,66,4663,Dissatisfaction,Limited range of services,1.0
5385-SUIRI,Male,69,No,Yes,Yes,No,0,United States,California,Delhi,95315,37.422961,-120.765493,10159,Q3,0,0,52,,1,37.6,1,Yes,Fiber Optic,23,1,0,1,0,1,1,1,1,Month-to-Month,1,Bank Withdrawal,104.2,5568.35,0.0,0,1955.2,7523.55,1,Churned,Yes,68,5648,Competitor,Competitor offered higher download speeds,0.98
6797-LNAQX,Male,34,No,No,Yes,No,0,United States,California,Poway,92064,32.984395,-117.013454,47969,Q3,1,1,70,Offer A,1,29.59,1,Yes,Fiber Optic,3,0,1,0,0,1,1,1,0,Two Year,0,Bank Withdrawal,98.3,6859.5,0.0,20,2071.3,8950.8,2,Churned,Yes,91,4794,Competitor,Competitor had better devices,0.94
9317-WZPGV,Female,74,No,Yes,No,No,0,United States,California,Paskenta,96074,39.884395,-122.587513,263,Q3,0,0,2,Offer E,1,39.63,0,Yes,Fiber Optic,23,0,0,0,0,0,1,0,0,Month-to-Month,1,Bank Withdrawal,79.75,159.4,0.0,10,79.26,248.66000000000005,3,Churned,Yes,77,4038,Price,Extra data charges,0.98
4572-DVCGN,Female,40,No,No,No,No,0,United States,California,San Diego,92122,32.85723,-117.209774,34902,Q3,0,0,10,,1,27.1,0,Yes,Fiber Optic,11,0,0,0,0,0,1,1,1,Month-to-Month,1,Bank Withdrawal,80.25,846.0,0.0,0,271.0,1117.0,3,Churned,Yes,85,3598,Competitor,Competitor made better offer,0.95
2454-RPBRZ,Female,67,No,Yes,Yes,No,0,United States,California,Catheys Valley,95306,37.394411,-120.127262,986,Q3,1,1,12,Offer D,1,30.63,1,Yes,Fiber Optic,27,0,1,1,0,1,0,0,1,Month-to-Month,1,Bank Withdrawal,98.1,1060.2,49.06,0,367.56,1378.7,3,Churned,Yes,90,2709,Dissatisfaction,Service dissatisfaction,0.88
4102-OQUPX,Male,67,No,Yes,Yes,No,0,United States,California,Sheep Ranch,95250,38.244806,-120.417301,88,Q3,1,1,1,,1,17.36,1,Yes,Fiber Optic,29,0,0,0,0,0,0,0,0,Month-to-Month,1,Bank Withdrawal,74.4,74.4,0.0,30,17.36,121.76,3,Churned,Yes,91,5429,Competitor,Competitor made better offer,0.98
3091-FYHKI,Male,64,No,No,No,No,0,United States,California,Harbor City,90710,33.798266,-118.300237,24660,Q3,0,0,1,Offer E,0,0.0,0,Yes,DSL,22,0,0,0,0,0,1,1,1,Month-to-Month,1,Bank Withdrawal,35.45,35.45,0.0,0,0.0,35.45,3,Churned,Yes,80,2301,Dissatisfaction,Network reliability,0.97
3580-REOAC,Male,34,No,No,No,No,0,United States,California,San Diego,92122,32.85723,-117.209774,34902,Q3,0,0,10,,1,49.58,0,Yes,DSL,17,0,0,0,0,0,0,0,1,Month-to-Month,1,Credit Card,44.85,435.4,0.0,0,495.7999999999999,931.2,2,Churned,Yes,83,4061,Competitor,Competitor made better offer,0.9
5804-LEPIM,Female,74,No,Yes,No,No,0,United States,California,San Diego,92122,32.85723,-117.209774,34902,Q3,0,0,2,Offer E,1,13.17,0,Yes,Fiber Optic,10,0,0,0,0,0,0,0,1,Month-to-Month,1,Bank Withdrawal,70.35,139.05,0.0,0,26.34,165.39,3,Churned,Yes,73,2671,Other,Don't know,0.98
0137-UDEUO,Female,24,Yes,No,No,No,0,United States,California,Stockton,95204,37.974498,-121.319568,30476,Q3,0,0,3,Offer E,1,25.75,0,No,,0,0,0,0,0,0,0,0,0,Month-to-Month,0,Credit Card,19.85,63.75,0.0,0,77.25,141.0,1,Churned,Yes,95,3398,Price,Long distance charges,0.91
7619-ODSGN,Male,63,No,No,Yes,Yes,2,United States,California,Foothill Ranch,92610,33.698728,-117.67768,10936,Q3,1,1,24,Offer C,1,17.27,1,Yes,DSL,18,1,0,0,0,0,0,0,1,Month-to-Month,0,Bank Withdrawal,54.75,1338.15,0.0,0,414.48,1752.63,1,Churned,Yes,90,5699,Attitude,Attitude of support person,0.96
8348-HFYIV,Male,21,Yes,No,No,No,0,United States,California,Oakland,94601,37.776523,-122.219268,54876,Q3,0,0,2,Offer E,0,0.0,0,Yes,DSL,51,0,0,1,0,1,1,1,1,Month-to-Month,1,Bank Withdrawal,49.25,90.35,0.0,0,0.0,90.35,3,Churned,Yes,90,5775,Dissatisfaction,Limited range of services,0.92
1066-JKSGK,Male,29,Yes,No,No,No,0,United States,California,Los Angeles,90024,34.066303,-118.435479,44150,Q3,0,0,1,,1,33.58,0,No,,0,0,0,0,0,0,0,0,0,Month-to-Month,0,Credit Card,20.15,20.15,0.0,0,33.58,53.73,1,Churned,Yes,92,4832,Competitor,Competitor made better offer,0.95
0378-XSZPU,Male,31,No,No,Yes,No,0,United States,California,San Jose,95117,37.311088,-121.961786,29914,Q3,1,1,58,Offer B,1,17.22,0,Yes,Cable,21,1,1,1,0,0,0,0,1,One Year,0,Credit Card,60.3,3563.8,0.0,0,998.76,4562.56,2,Churned,Yes,88,4026,Dissatisfaction,Network reliability,0.95
6207-WIOLX,Female,27,Yes,No,Yes,No,0,United States,California,Avalon,90704,33.391181,-118.421305,3699,Q3,1,6,25,Offer C,0,0.0,0,Yes,DSL,48,1,1,1,0,1,1,1,1,Month-to-Month,1,Credit Card,58.6,1502.65,4.48,0,0.0,1498.17,1,Churned,Yes,91,4190,Attitude,Attitude of support person,0.97
6689-KXGBO,Female,36,No,No,No,No,0,United States,California,San Luis Obispo,93401,35.233745,-120.626442,27047,Q3,0,0,1,,1,30.96,0,Yes,DSL,5,0,1,0,0,0,0,0,1,Month-to-Month,0,Bank Withdrawal,50.55,50.55,0.0,0,30.96,81.50999999999999,1,Churned,Yes,87,3420,Dissatisfaction,Product dissatisfaction,0.97
0415-MOSGF,Female,58,No,No,No,No,0,United States,California,Los Gatos,95030,37.222842,-121.988727,13290,Q3,0,0,1,Offer E,1,26.53,0,Yes,DSL,30,0,0,0,0,0,0,0,1,Month-to-Month,0,Credit Card,44.4,44.4,0.0,0,26.53,70.93,2,Churned,Yes,76,3204,Attitude,Attitude of support person,0.97
6235-VDHOM,Female,77,No,Yes,No,No,0,United States,California,Riverside,92509,34.004379,-117.447864,63999,Q3,0,0,5,Offer E,0,0.0,0,Yes,DSL,26,0,1,0,0,0,0,0,1,Month-to-Month,0,Bank Withdrawal,28.45,131.05,0.0,0,0.0,131.05,2,Churned,Yes,89,4099,Dissatisfaction,Limited range of services,0.95
5583-SXDAG,Male,41,No,No,Yes,No,0,United States,California,Alhambra,91803,34.074736,-118.145959,30635,Q3,1,1,1,Offer E,1,19.15,0,Yes,Fiber Optic,18,0,0,0,0,0,0,0,0,Month-to-Month,0,Bank Withdrawal,70.0,70.0,0.0,10,19.15,99.15,3,Churned,Yes,90,4094,Other,Don't know,0.87
7234-FECYN,Female,78,No,Yes,No,No,0,United States,California,San Gabriel,91776,34.089927,-118.095645,38041,Q3,0,0,8,,1,43.98,1,Yes,Fiber Optic,27,0,0,1,0,1,1,0,1,Month-to-Month,0,Bank Withdrawal,101.35,780.5,0.0,0,351.84,1132.34,3,Churned,Yes,68,5546,Attitude,Attitude of support person,0.99
7317-GGVPB,Male,57,No,No,Yes,No,0,United States,California,Lotus,95651,38.815515,-120.916997,485,Q3,1,1,71,Offer A,1,5.76,1,Yes,Fiber Optic,11,0,1,1,1,1,1,1,0,Two Year,1,Credit Card,108.6,7690.9,0.0,20,408.96,8119.86,1,Churned,Yes,90,4982,Dissatisfaction,Product dissatisfaction,0.99
6682-QJDGB,Male,20,Yes,No,No,Yes,1,United States,California,San Diego,92109,32.787836,-117.232376,46086,Q3,0,0,40,,1,8.08,0,Yes,DSL,76,1,1,0,0,0,0,0,1,Month-to-Month,1,Mailed Check,55.25,2139.2,0.0,0,323.2,2462.3999999999996,1,Churned,Yes,65,2810,Competitor,Competitor made better offer,0.96
0843-WTBXE,Male,38,No,No,No,No,0,United States,California,San Diego,92126,32.886925,-117.152162,74232,Q3,0,0,53,,1,16.43,1,Yes,Fiber Optic,29,0,0,0,0,1,0,0,1,Month-to-Month,0,Bank Withdrawal,85.45,4517.25,0.0,0,870.79,5388.04,1,Churned,Yes,90,4753,Other,Don't know,0.83
0329-GTIAJ,Female,40,No,No,No,No,0,United States,California,Garden Grove,92844,33.766476,-117.969795,23481,Q3,0,0,3,,1,30.18,0,Yes,Fiber Optic,7,0,1,0,1,1,1,1,1,Month-to-Month,1,Bank Withdrawal,97.9,315.3,0.0,0,90.54,405.84,3,Churned,Yes,86,4330,Price,Price too high,0.96
8631-NBHFZ,Male,71,No,Yes,Yes,No,0,United States,California,Running Springs,92382,34.186211,-117.07683,5395,Q3,1,1,66,,1,30.03,1,Yes,DSL,15,1,1,1,1,1,0,0,0,Two Year,0,Credit Card,79.4,5154.6,0.0,150,1981.98,7286.58,1,Churned,Yes,73,5910,Competitor,Competitor offered higher download speeds,0.96
4592-IWTJI,Female,46,No,No,Yes,Yes,2,United States,California,Homewood,96141,39.117018,-120.212535,858,Q3,1,1,3,Offer E,0,0.0,0,Yes,Cable,15,1,0,0,0,0,0,0,1,Month-to-Month,0,Credit Card,29.7,91.7,0.0,0,0.0,91.7,1,Churned,Yes,84,2613,Attitude,Attitude of support person,0.85
8450-JOVAH,Male,62,No,No,Yes,Yes,3,United States,California,Agoura Hills,91301,34.129058,-118.759788,25303,Q3,1,1,2,,1,5.67,1,Yes,DSL,53,1,0,0,0,0,0,0,1,Month-to-Month,0,Credit Card,56.7,113.55,0.0,0,11.34,124.89,1,Churned,Yes,77,5560,Competitor,Competitor offered higher download speeds,0.84
8761-NSOBC,Male,41,No,No,No,No,0,United States,California,Gridley,95948,39.346898,-121.759537,9763,Q3,0,0,44,,1,42.92,0,Yes,Fiber Optic,23,0,1,0,1,1,1,1,1,Month-to-Month,0,Bank Withdrawal,100.55,4398.15,0.0,0,1888.48,6286.629999999999,2,Churned,Yes,81,3486,Dissatisfaction,Network reliability,0.94
0363-QJVFX,Male,22,Yes,No,No,No,0,United States,California,Lake Hughes,93532,34.659579,-118.584212,2771,Q3,0,0,32,Offer C,1,27.69,1,Yes,Fiber Optic,73,1,1,0,1,1,1,1,1,Month-to-Month,1,Credit Card,108.15,3432.9,0.0,0,886.08,4318.9800000000005,1,Churned,Yes,69,2541,Attitude,Attitude of service provider,0.91
2115-BFTIW,Male,52,No,No,No,No,0,United States,California,Clearlake Oaks,95423,39.07116,-122.598542,3684,Q3,0,0,25,,1,24.91,0,Yes,Fiber Optic,18,0,0,0,0,0,0,0,0,Month-to-Month,0,Credit Card,70.95,1767.35,0.0,20,622.75,2410.1,1,Churned,Yes,75,4881,Dissatisfaction,Product dissatisfaction,0.96
8058-JMEQO,Female,76,No,Yes,No,No,0,United States,California,San Diego,92121,32.898613,-117.202937,4258,Q3,0,0,9,Offer E,1,12.91,1,Yes,Fiber Optic,21,0,0,0,0,0,1,0,1,Month-to-Month,1,Bank Withdrawal,84.45,762.5,0.0,0,116.19,878.69,3,Churned,Yes,95,3543,Competitor,Competitor made better offer,0.92
8627-EHGIP,Male,38,No,No,No,No,0,United States,California,Sacramento,95838,38.646096,-121.442433,34894,Q3,0,0,44,Offer B,0,0.0,0,Yes,Cable,4,0,1,1,0,1,1,1,1,One Year,1,Credit Card,53.95,2375.4,0.0,0,0.0,2375.4,2,Churned,Yes,91,3051,Competitor,Competitor offered more data,0.99
5685-IIXLY,Female,54,No,No,Yes,No,0,United States,California,Novato,94945,38.135897,-122.563683,16429,Q3,1,1,5,,1,7.0,0,Yes,Fiber Optic,23,0,1,0,0,0,1,1,1,Month-to-Month,1,Bank Withdrawal,83.6,404.2,24.44,0,35.0,414.76,3,Churned,Yes,93,4565,Competitor,Competitor offered higher download speeds,0.78
0617-AQNWT,Female,61,No,No,Yes,No,0,United States,California,North Hills,91343,34.238802,-118.482296,57017,Q3,1,5,64,,0,0.0,0,Yes,DSL,27,1,0,1,1,0,1,1,1,Two Year,0,Bank Withdrawal,47.85,3147.5,0.0,0,0.0,3147.5,1,Churned,Yes,66,6347,Competitor,Competitor made better offer,0.97
0196-VULGZ,Female,78,No,Yes,Yes,No,0,United States,California,Irvine,92620,33.716136,-117.752574,26419,Q3,1,1,6,,1,28.71,1,Yes,Fiber Optic,17,0,0,0,0,0,1,0,1,Month-to-Month,1,Bank Withdrawal,84.35,474.9,0.0,0,172.26,647.16,3,Churned,Yes,77,5721,Other,Deceased,0.94
3871-IKPYH,Male,70,No,Yes,No,No,0,United States,California,Camarillo,93010,34.227846,-119.079903,42853,Q3,0,0,1,,1,16.19,0,Yes,Fiber Optic,12,0,0,0,0,0,0,0,1,Month-to-Month,0,Bank Withdrawal,69.1,69.1,0.0,0,16.19,85.28999999999999,3,Churned,Yes,83,2767,Other,Moved,0.97
4871-JTKJF,Female,70,No,Yes,No,No,0,United States,California,Selma,93662,36.545322,-119.642281,26213,Q3,0,0,1,,1,31.13,0,Yes,Fiber Optic,5,0,0,0,0,0,0,0,1,Month-to-Month,1,Bank Withdrawal,69.65,69.65,0.0,0,31.13,100.78,3,Churned,Yes,82,4741,Attitude,Attitude of service provider,0.95
3325-FUYCG,Male,58,No,No,Yes,No,0,United States,California,Five Points,93624,36.397745,-120.119911,1852,Q3,1,1,28,Offer C,1,9.62,1,Yes,Fiber Optic,24,1,1,0,0,1,1,1,1,One Year,0,Bank Withdrawal,106.1,2847.4,0.0,0,269.35999999999996,3116.76,1,Churned,Yes,85,3770,Dissatisfaction,Service dissatisfaction,0.87
0866-QLSIR,Female,53,No,No,No,No,0,United States,California,Garden Grove,92843,33.764018,-117.931507,43491,Q3,0,0,34,Offer C,1,34.41,1,Yes,DSL,4,1,1,0,1,0,0,0,1,One Year,1,Mailed Check,64.4,2088.75,0.0,0,1169.9399999999998,3258.6899999999996,2,Churned,Yes,75,5189,Attitude,Attitude of support person,0.91
0639-TSIQW,Female,28,Yes,No,No,No,0,United States,California,White Water,92282,33.972293,-116.654195,805,Q3,0,0,67,Offer A,1,37.5,1,Yes,Fiber Optic,30,1,1,1,0,1,0,0,1,Month-to-Month,1,Credit Card,102.95,6886.25,0.0,0,2512.5,9398.75,1,Churned,Yes,70,5620,Competitor,Competitor offered more data,0.87
3806-DXQOM,Female,47,No,No,No,No,0,United States,California,Baker,92309,35.28952,-116.092214,904,Q3,0,0,4,Offer E,0,0.0,0,Yes,DSL,4,1,1,0,0,0,0,0,1,Month-to-Month,1,Bank Withdrawal,33.65,137.85,0.0,0,0.0,137.85,2,Churned,Yes,95,2563,Attitude,Attitude of service provider,0.95
5276-KQWHG,Female,74,No,Yes,No,No,0,United States,California,Woody,93287,35.710244,-118.881679,88,Q3,0,0,2,Offer E,1,15.32,0,Yes,Fiber Optic,21,0,0,0,0,0,0,0,1,Month-to-Month,1,Bank Withdrawal,69.6,131.65,0.0,0,30.64,162.29000000000002,3,Churned,Yes,74,4596,Price,Extra data charges,0.87
0691-IFBQW,Female,65,No,Yes,No,No,0,United States,California,Biola,93606,36.798882,-120.019511,807,Q3,0,0,46,,1,2.37,1,Yes,Fiber Optic,20,1,1,1,0,1,1,1,1,One Year,1,Bank Withdrawal,110.0,4874.8,0.0,0,109.02,4983.820000000001,1,Churned,Yes,81,2403,Competitor,Competitor made better offer,0.97
8752-STIVR,Female,61,No,No,No,No,0,United States,California,Elmira,95625,38.349195,-121.902943,171,Q3,0,0,4,,1,27.57,0,Yes,Fiber Optic,27,0,0,0,0,1,0,0,1,Month-to-Month,1,Bank Withdrawal,79.0,303.15,0.0,0,110.28,413.4299999999999,3,Churned,Yes,69,2085,Dissatisfaction,Limited range of services,0.95
3045-XETSH,Female,34,No,No,No,No,0,United States,California,Lake Hughes,93532,34.659579,-118.584212,2771,Q3,0,0,10,,1,43.26,1,Yes,Fiber Optic,21,0,1,1,0,0,1,1,1,Month-to-Month,1,Bank Withdrawal,94.85,953.45,0.0,0,432.6,1386.05,3,Churned,Yes,90,3074,Competitor,Competitor offered more data,1.0
3389-YGYAI,Female,79,No,Yes,No,No,0,United States,California,Princeton,95970,39.424957,-122.039307,495,Q3,0,0,8,,1,45.16,1,Yes,Fiber Optic,15,0,1,1,0,1,1,0,1,Month-to-Month,1,Bank Withdrawal,105.5,829.55,0.0,0,361.28,1190.83,3,Churned,Yes,72,5546,Price,Price too high,0.99
6543-CPZMK,Male,32,No,No,Yes,No,0,United States,California,Ventura,93001,34.360261,-119.306383,32899,Q3,1,1,9,Offer E,0,0.0,0,Yes,DSL,9,0,1,0,0,0,0,0,0,Month-to-Month,1,Bank Withdrawal,29.95,248.95,0.0,10,0.0,258.95,2,Churned,Yes,83,2573,Competitor,Competitor offered more data,0.98
9611-CTWIH,Female,56,No,No,No,No,0,United States,California,Garden Grove,92841,33.786738,-117.982564,31428,Q3,0,0,3,,1,16.15,0,Yes,Fiber Optic,13,0,0,0,0,1,1,1,1,Month-to-Month,1,Bank Withdrawal,89.45,240.45,0.0,0,48.45,288.9,3,Churned,Yes,84,3591,Competitor,Competitor made better offer,0.94
7314-OXENN,Male,42,No,No,No,No,0,United States,California,Temecula,92592,33.507255,-117.029473,46171,Q3,0,0,2,,1,41.18,1,Yes,Fiber Optic,14,0,1,0,0,0,0,0,1,Month-to-Month,1,Bank Withdrawal,82.0,184.65,0.0,0,82.36,267.01,3,Churned,Yes,90,3051,Competitor,Competitor made better offer,0.98
7615-ESMYF,Female,23,Yes,No,Yes,No,0,United States,California,San Diego,92117,32.825086,-117.199424,51213,Q3,1,1,2,,0,0.0,0,Yes,Cable,51,0,0,0,0,1,1,1,1,Month-to-Month,0,Bank Withdrawal,44.6,97.1,0.0,0,0.0,97.1,3,Churned,Yes,70,5482,Competitor,Competitor made better offer,0.98
2165-VOEGB,Female,23,Yes,No,No,No,0,United States,California,Burbank,91501,34.188339,-118.300942,18112,Q3,0,0,46,,1,43.04,0,Yes,Fiber Optic,71,1,1,0,1,1,1,1,1,One Year,1,Bank Withdrawal,105.2,4822.85,0.0,0,1979.84,6802.6900000000005,2,Churned,Yes,91,3322,Other,Don't know,0.93
7228-OMTPN,Male,32,No,No,No,No,0,United States,California,Santa Barbara,93110,34.437945,-119.77191,15757,Q3,0,0,4,,1,49.14,0,Yes,Fiber Optic,15,0,0,0,0,1,1,1,1,Month-to-Month,1,Bank Withdrawal,88.45,370.65,0.0,0,196.56,567.21,3,Churned,Yes,91,2456,Other,Don't know,0.99
8183-ONMXC,Female,41,No,No,No,No,0,United States,California,San Diego,92117,32.825086,-117.199424,51213,Q3,0,0,2,,1,5.11,0,Yes,Fiber Optic,6,0,0,0,0,0,1,1,1,Month-to-Month,0,Bank Withdrawal,80.75,159.45,0.0,0,10.22,169.67,3,Churned,Yes,87,2176,Competitor,Competitor made better offer,0.98
4112-LUEIZ,Male,55,No,No,No,No,0,United States,California,La Palma,90623,33.850504,-118.039892,15505,Q3,0,0,10,Offer D,1,12.78,0,Yes,Fiber Optic,2,0,0,0,0,1,1,1,1,Month-to-Month,1,Bank Withdrawal,89.5,863.1,0.0,0,127.8,990.9,3,Churned,Yes,84,4206,Attitude,Attitude of support person,1.0
3512-IZIKN,Female,57,No,No,Yes,No,0,United States,California,San Bernardino,92404,34.183286,-117.221722,53636,Q3,1,1,70,Offer A,1,42.67,1,Yes,DSL,24,1,0,1,1,0,0,0,1,Two Year,0,Credit Card,65.3,4759.75,0.0,0,2986.9,7746.65,1,Churned,Yes,85,5591,Dissatisfaction,Product dissatisfaction,0.97
2150-UWTFY,Female,21,Yes,No,Yes,Yes,3,United States,California,San Mateo,94402,37.556634,-122.317723,23393,Q3,1,1,22,Offer D,1,42.98,0,Yes,DSL,30,1,1,1,0,0,0,0,0,Month-to-Month,0,Credit Card,61.15,1422.05,0.0,80,945.56,2447.6099999999997,1,Churned,Yes,87,4626,Dissatisfaction,Service dissatisfaction,0.74
6275-YDUVO,Female,62,No,No,No,No,0,United States,California,Orosi,93647,36.600185,-119.175655,9780,Q3,0,0,2,Offer E,1,24.05,0,Yes,Fiber Optic,27,0,0,1,0,0,1,1,1,Month-to-Month,1,Mailed Check,86.2,178.7,0.0,0,48.1,226.8,3,Churned,Yes,95,2969,Attitude,Attitude of service provider,1.0
1383-EZRWL,Female,62,No,No,No,No,0,United States,California,Long Beach,90810,33.819814,-118.222416,35656,Q3,0,0,7,Offer E,1,48.22,0,No,,0,0,0,0,0,0,0,0,0,Month-to-Month,0,Mailed Check,20.05,164.85,0.0,0,337.53999999999996,502.39,2,Churned,Yes,89,5595,Other,Moved,0.87
7625-XCQRH,Female,48,No,No,No,No,0,United States,California,Strathmore,93267,36.141319,-119.129075,5689,Q3,0,0,11,,1,15.6,1,Yes,Fiber Optic,4,0,0,0,0,0,0,0,1,Month-to-Month,1,Bank Withdrawal,76.5,837.95,0.0,0,171.6,1009.55,3,Churned,Yes,76,2291,Dissatisfaction,Network reliability,0.73
7694-VLBWQ,Male,61,No,No,Yes,No,0,United States,California,Coronado,92118,32.68674,-117.186612,24093,Q3,1,4,67,Offer A,1,8.18,1,Yes,Fiber Optic,3,0,1,1,0,1,1,1,1,One Year,0,Bank Withdrawal,104.1,7040.85,0.0,0,548.06,7588.91,2,Churned,Yes,74,4857,Dissatisfaction,Product dissatisfaction,0.73
4523-WXCEF,Female,21,Yes,No,Yes,No,0,United States,California,San Jose,95129,37.305622,-122.000887,37570,Q3,1,4,59,Offer B,1,9.23,1,Yes,Fiber Optic,48,0,1,0,0,1,1,1,1,Month-to-Month,0,Bank Withdrawal,101.1,6039.9,0.0,0,544.57,6584.469999999999,2,Churned,Yes,87,4160,Dissatisfaction,Service dissatisfaction,0.97
6338-AVWCY,Male,19,Yes,No,No,No,0,United States,California,Escondido,92027,33.141265,-116.967221,48690,Q3,0,0,3,,0,0.0,0,Yes,DSL,26,0,0,1,0,1,0,0,1,Month-to-Month,1,Mailed Check,40.15,130.75,0.0,0,0.0,130.75,3,Churned,Yes,75,4710,Competitor,Competitor made better offer,0.9
2898-LSJGD,Female,30,No,No,Yes,No,0,United States,California,Santa Ana,92707,33.714829,-117.872941,62634,Q3,1,1,21,,0,0.0,0,Yes,Cable,69,1,0,1,0,1,1,1,0,One Year,1,Bank Withdrawal,55.95,1157.05,0.0,10,0.0,1167.05,1,Churned,Yes,74,5531,Attitude,Attitude of service provider,0.99
4228-ZGYUW,Male,42,No,No,No,No,0,United States,California,San Francisco,94108,37.791998,-122.408653,13723,Q3,0,0,4,Offer E,1,12.24,1,Yes,Fiber Optic,11,0,1,0,0,0,1,1,0,Month-to-Month,1,Bank Withdrawal,90.05,368.1,0.0,30,48.96,447.06,3,Churned,Yes,91,3212,Competitor,Competitor offered more data,0.71
0867-MKZVY,Female,26,Yes,No,Yes,Yes,1,United States,California,Altadena,91001,34.196837,-118.142236,36243,Q3,1,5,20,,1,36.6,1,Yes,Fiber Optic,51,1,0,0,0,0,0,1,1,Month-to-Month,0,Bank Withdrawal,82.4,1592.35,33.43,0,732.0,2290.92,1,Churned,Yes,86,5719,Price,Price too high,0.99
1555-DJEQW,Female,21,Yes,No,Yes,No,0,United States,California,Cupertino,95014,37.306612,-122.080621,54431,Q3,1,1,70,Offer A,1,16.78,1,Yes,Fiber Optic,48,1,1,1,1,1,1,1,1,Two Year,1,Bank Withdrawal,114.2,7723.9,48.54,0,1174.6,8849.96,1,Churned,Yes,73,5947,Price,Price too high,0.97
9254-RBFON,Female,38,No,No,Yes,No,0,United States,California,Klamath River,96050,41.816595,-122.948287,482,Q3,1,1,17,Offer D,1,5.4,0,Yes,Fiber Optic,8,0,0,1,1,1,1,1,1,One Year,0,Bank Withdrawal,98.6,1704.95,0.0,0,91.8,1796.75,2,Churned,Yes,91,5160,Competitor,Competitor had better devices,0.8
5876-HZVZM,Female,55,No,No,Yes,Yes,3,United States,California,West Covina,91792,34.024405,-117.898722,31622,Q3,1,1,6,Offer E,1,14.51,0,Yes,Cable,20,1,1,0,0,0,0,0,0,Month-to-Month,0,Credit Card,55.9,365.35,0.0,30,87.06,482.41,1,Churned,Yes,87,4914,Attitude,Attitude of service provider,0.98
3092-IGHWF,Male,34,No,No,Yes,No,0,United States,California,San Diego,92130,32.957195,-117.202542,28201,Q3,1,1,67,Offer A,1,28.4,1,Yes,Cable,10,0,1,1,0,0,0,0,1,One Year,0,Bank Withdrawal,87.4,5918.8,0.0,0,1902.8,7821.6,2,Churned,Yes,65,4421,Competitor,Competitor made better offer,0.99
2205-YMZZJ,Male,75,No,Yes,No,No,0,United States,California,Clovis,93612,36.814539,-119.711868,33856,Q3,0,0,7,,1,39.51,1,Yes,Fiber Optic,13,0,0,0,0,1,0,0,0,Month-to-Month,1,Bank Withdrawal,84.8,546.95,0.0,0,276.57,823.52,3,Churned,Yes,70,2015,Competitor,Competitor made better offer,0.88
4910-AQFFX,Male,30,No,No,Yes,No,0,United States,California,Soulsbyville,95372,37.990574,-120.261821,1519,Q3,1,1,9,,1,31.67,1,Yes,Cable,59,0,0,1,0,0,0,0,0,Month-to-Month,1,Bank Withdrawal,79.35,661.25,0.0,10,285.03000000000003,956.28,3,Churned,Yes,93,4533,Dissatisfaction,Network reliability,0.87
1010-DIAUQ,Male,54,No,No,No,No,0,United States,California,San Diego,92122,32.85723,-117.209774,34902,Q3,0,0,5,Offer E,1,20.86,0,Yes,Fiber Optic,8,0,0,1,0,1,1,1,1,Month-to-Month,0,Bank Withdrawal,96.5,492.55,0.0,0,104.3,596.85,3,Churned,Yes,91,5383,Competitor,Competitor made better offer,0.99
3523-QRQLL,Female,22,Yes,No,Yes,No,0,United States,California,Bieber,96009,41.083464,-121.107929,595,Q3,1,1,22,,1,35.04,0,Yes,DSL,76,0,1,0,0,1,1,1,1,One Year,1,Bank Withdrawal,69.5,1498.2,49.57,0,770.88,2219.51,2,Churned,Yes,94,5922,Competitor,Competitor offered more data,0.78
9248-OJYKK,Male,74,No,Yes,No,No,0,United States,California,San Diego,92121,32.898613,-117.202937,4258,Q3,0,0,1,,1,3.84,1,Yes,Fiber Optic,13,0,0,0,0,0,0,0,0,Month-to-Month,1,Bank Withdrawal,76.45,76.45,0.0,10,3.84,90.29,3,Churned,Yes,95,3763,Competitor,Competitor made better offer,0.98
4959-JOSRX,Female,41,No,No,Yes,No,0,United States,California,La Puente,91744,34.031441,-117.936436,84965,Q3,1,3,2,Offer E,1,30.19,0,Yes,Cable,16,0,0,0,0,0,0,0,1,Month-to-Month,1,Credit Card,44.6,80.55,0.0,0,60.38,140.93,2,Churned,Yes,91,4884,Price,Lack of affordable download/upload speed,0.93
6986-IJDHX,Male,29,Yes,No,Yes,No,0,United States,California,Huntington Beach,92648,33.679659,-118.016195,42663,Q3,1,5,39,Offer C,1,40.25,0,Yes,Fiber Optic,19,0,1,0,0,1,0,0,1,Month-to-Month,1,Credit Card,86.3,3266.0,0.0,0,1569.75,4835.75,1,Churned,Yes,91,3364,Competitor,Competitor had better devices,1.0
8473-VUVJN,Male,80,No,Yes,No,No,0,United States,California,Temecula,92590,33.475493,-117.219551,3070,Q3,0,0,1,,1,39.88,1,Yes,Fiber Optic,19,0,0,0,0,0,0,0,1,Month-to-Month,1,Bank Withdrawal,73.65,73.65,0.0,0,39.88,113.53,3,Churned,Yes,86,5443,Attitude,Attitude of service provider,0.98
7359-SSBJK,Female,80,No,Yes,No,No,0,United States,California,Whittier,90605,33.960891,-118.032222,38181,Q3,0,0,64,Offer B,1,29.12,0,Yes,DSL,24,1,1,0,1,1,0,0,1,Two Year,1,Credit Card,70.2,4481.0,0.0,0,1863.68,6344.68,1,Churned,Yes,89,6080,Price,Lack of affordable download/upload speed,0.96
2276-YDAVZ,Female,63,No,No,No,No,0,United States,California,San Diego,92129,32.961064,-117.134917,47224,Q3,0,0,3,Offer E,1,26.52,1,Yes,Fiber Optic,10,0,0,0,0,0,0,0,1,Month-to-Month,1,Credit Card,75.1,270.7,0.0,0,79.56,350.26,3,Churned,Yes,92,4965,Competitor,Competitor made better offer,0.98
9117-SHLZX,Male,36,No,No,No,No,0,United States,California,Fremont,94538,37.505768,-121.962472,56126,Q3,0,0,1,,1,10.41,0,Yes,DSL,17,0,0,0,0,0,0,0,1,Month-to-Month,1,Mailed Check,45.7,45.7,0.0,0,10.41,56.11,3,Churned,Yes,72,3571,Dissatisfaction,Poor expertise of phone support,0.77
7841-TZDMQ,Male,19,Yes,No,No,No,0,United States,California,Sun Valley,91352,34.231053,-118.338307,46639,Q3,0,0,2,,1,49.81,0,Yes,DSL,41,0,0,0,0,0,0,1,1,Month-to-Month,1,Credit Card,46.0,84.5,0.0,0,99.62,184.12,3,Churned,Yes,76,2667,Other,Don't know,0.95
3982-XWFZQ,Female,30,No,No,Yes,No,0,United States,California,Denair,95316,37.524721,-120.757977,5513,Q3,1,2,42,Offer B,1,10.79,1,Yes,Cable,41,0,0,0,0,0,0,0,1,Month-to-Month,1,Bank Withdrawal,50.25,2203.65,28.49,0,453.1799999999999,2628.34,2,Churned,Yes,90,4873,Competitor,Competitor offered more data,0.96
9488-HGMJH,Female,78,No,Yes,No,No,0,United States,California,Indian Wells,92210,33.537646,-116.291089,3873,Q3,0,0,1,Offer E,1,24.75,0,Yes,Fiber Optic,22,0,0,0,0,0,0,0,0,Month-to-Month,1,Bank Withdrawal,71.15,71.15,0.0,20,24.75,115.9,3,Churned,Yes,85,5287,Competitor,Competitor made better offer,0.94
9249-FXSCK,Female,20,Yes,No,No,No,0,United States,California,Acampo,95220,38.200231,-121.235034,6317,Q3,0,0,52,Offer B,1,33.69,1,Yes,Fiber Optic,52,1,1,0,1,1,1,1,1,One Year,1,Credit Card,111.25,5916.45,1.27,0,1751.88,7667.06,1,Churned,Yes,90,4861,Competitor,Competitor offered more data,0.93
8580-QVLOC,Female,78,No,Yes,Yes,No,0,United States,California,Merced,95348,37.40122,-120.514191,23100,Q3,0,0,72,,1,25.77,1,Yes,DSL,6,1,1,1,1,1,1,0,1,Two Year,0,Credit Card,92.45,6440.25,0.0,0,1855.44,8295.69,1,Churned,Yes,78,5697,Competitor,Competitor made better offer,0.96
9306-CPCBC,Female,44,No,No,No,No,0,United States,California,Moreno Valley,92555,33.907361,-117.109972,12743,Q3,0,0,3,,1,35.54,1,Yes,Fiber Optic,27,0,0,0,0,0,0,0,1,Month-to-Month,1,Bank Withdrawal,74.25,210.3,0.0,0,106.62,316.92,3,Churned,Yes,94,3207,Competitor,Competitor made better offer,0.93
1465-VINDH,Female,31,No,No,Yes,No,0,United States,California,Los Angeles,90028,34.099869,-118.326843,30568,Q3,1,1,10,,1,32.07,1,Yes,Fiber Optic,22,0,1,1,0,1,1,1,1,Month-to-Month,1,Credit Card,102.1,1068.85,0.0,0,320.7,1389.55,3,Churned,Yes,78,3596,Competitor,Competitor offered higher download speeds,0.84
3164-AALRN,Male,39,No,No,No,No,0,United States,California,Greenwood,95635,38.921333,-120.897718,1140,Q3,0,0,5,,1,45.25,0,Yes,DSL,22,0,0,1,0,1,1,1,0,One Year,1,Credit Card,70.0,347.4,0.0,10,226.25,583.65,2,Churned,Yes,77,2673,Competitor,Competitor had better devices,0.78
1565-RHDJD,Female,21,Yes,No,No,No,0,United States,California,Palo Cedro,96073,40.582399,-122.195512,4931,Q3,0,0,4,,1,41.72,1,Yes,Fiber Optic,69,0,1,1,0,0,0,1,1,Month-to-Month,0,Bank Withdrawal,84.05,333.55,0.0,0,166.88,500.43,3,Churned,Yes,95,5552,Competitor,Competitor offered higher download speeds,0.94
2034-CGRHZ,Male,73,No,Yes,No,No,0,United States,California,San Francisco,94104,37.791222,-122.402241,384,Q3,0,0,24,,1,3.23,1,Yes,Fiber Optic,26,0,1,1,0,1,1,0,1,Month-to-Month,1,Credit Card,102.95,2496.7,0.0,0,77.52,2574.22,3,Churned,Yes,66,5245,Attitude,Attitude of support person,0.97
9136-ALYBR,Male,44,No,No,No,No,0,United States,California,Fontana,92337,34.049671,-117.468896,29847,Q3,0,0,1,,0,0.0,0,Yes,Cable,2,0,0,0,0,0,0,0,1,Month-to-Month,1,Mailed Check,24.45,24.45,0.0,0,0.0,24.45,3,Churned,Yes,65,2121,Price,Extra data charges,0.95
6608-QQLVK,Male,35,No,No,No,No,0,United States,California,Bangor,95914,39.396585,-121.38029,626,Q3,0,0,1,,1,39.58,0,Yes,DSL,28,0,0,1,0,0,0,0,1,Month-to-Month,1,Bank Withdrawal,50.5,50.5,0.0,0,39.58,90.08,3,Churned,Yes,83,2077,Competitor,Competitor made better offer,0.93
8559-CIZFV,Male,34,No,No,Yes,No,0,United States,California,Annapolis,95412,38.731055,-123.316553,747,Q3,1,1,21,Offer D,1,17.57,1,Yes,Cable,14,1,1,0,1,1,0,0,0,One Year,0,Mailed Check,77.5,1625.0,18.39,80,368.97,2055.58,2,Churned,Yes,74,5353,Other,Don't know,1.0
3643-AHCFP,Male,74,No,Yes,Yes,No,0,United States,California,Selma,93662,36.545322,-119.642281,26213,Q3,1,1,7,,1,21.91,1,Yes,Cable,11,0,0,0,0,1,1,0,1,Month-to-Month,1,Bank Withdrawal,95.6,644.35,0.0,0,153.37,797.72,3,Churned,Yes,83,3265,Competitor,Competitor made better offer,1.0
0231-LXVAP,Male,23,Yes,No,No,No,0,United States,California,Temecula,92592,33.507255,-117.029473,46171,Q3,0,0,1,,1,44.56,0,Yes,Fiber Optic,27,0,0,0,1,0,0,0,1,Month-to-Month,1,Bank Withdrawal,75.9,75.9,0.0,0,44.56,120.46,3,Churned,Yes,66,3389,Competitor,Competitor made better offer,0.95
5515-IDEJJ,Male,46,No,No,Yes,Yes,1,United States,California,San Diego,92126,32.886925,-117.152162,74232,Q3,1,4,1,Offer E,1,45.77,0,No,,0,0,0,0,0,0,0,0,0,Month-to-Month,0,Mailed Check,19.9,19.9,0.0,0,45.77,65.67,1,Churned,Yes,67,5441,Competitor,Competitor made better offer,0.98
6302-JGYRJ,Male,37,No,No,No,No,0,United States,California,Chico,95928,39.681488,-121.83721,32848,Q3,0,0,31,,1,6.71,1,Yes,DSL,3,0,1,0,1,1,1,1,1,One Year,1,Mailed Check,79.45,2587.7,0.0,0,208.01,2795.71,1,Churned,Yes,67,2872,Dissatisfaction,Product dissatisfaction,0.95
9415-DPEWS,Female,47,No,No,No,No,0,United States,California,Carmichael,95608,38.626128,-121.328011,58830,Q3,0,0,18,,1,12.67,1,Yes,Fiber Optic,23,0,0,0,1,1,0,0,1,Month-to-Month,1,Bank Withdrawal,88.35,1639.3,0.0,0,228.06,1867.36,3,Churned,Yes,96,5727,Competitor,Competitor offered more data,0.99
6941-PMGEP,Female,26,Yes,No,No,No,0,United States,California,Novato,94945,38.135897,-122.563683,16429,Q3,0,0,5,Offer E,1,43.99,0,Yes,Fiber Optic,42,0,0,0,0,0,1,1,0,Month-to-Month,1,Bank Withdrawal,80.0,412.5,40.0,10,219.95,602.45,3,Churned,Yes,90,3937,Competitor,Competitor made better offer,0.93
0968-GSIKN,Female,23,Yes,No,No,No,0,United States,California,Thousand Palms,92276,33.849263,-116.382778,6242,Q3,0,0,1,Offer E,1,30.6,0,Yes,Fiber Optic,27,0,0,0,0,0,0,1,1,Month-to-Month,1,Mailed Check,70.8,70.8,0.0,0,30.6,101.4,3,Churned,Yes,73,3901,Competitor,Competitor made better offer,0.84
0122-OAHPZ,Female,29,Yes,No,No,No,0,United States,California,San Diego,92122,32.85723,-117.209774,34902,Q3,0,0,7,,1,28.62,1,Yes,Fiber Optic,26,0,0,0,0,0,0,1,1,Month-to-Month,1,Bank Withdrawal,73.85,511.25,13.03,0,200.34,698.5600000000001,3,Churned,Yes,67,2473,Competitor,Competitor made better offer,0.9
4074-SJFFA,Female,44,No,No,No,No,0,United States,California,San Francisco,94122,37.760412,-122.484966,55504,Q3,0,0,1,,1,13.01,0,Yes,DSL,12,0,0,0,0,0,1,1,1,Month-to-Month,1,Mailed Check,54.75,54.75,0.0,0,13.01,67.76,3,Churned,Yes,83,2614,Dissatisfaction,Network reliability,0.75
9305-CDSKC,Female,31,No,No,No,Yes,2,United States,California,Los Angeles,90006,34.048013,-118.293953,62784,Q3,0,0,8,,1,12.15,1,Yes,Cable,26,0,0,1,0,1,1,1,1,Month-to-Month,1,Bank Withdrawal,99.65,820.5,0.0,0,97.2,917.7,3,Churned,Yes,86,5372,Other,Moved,0.93
3988-RQIXO,Female,68,No,Yes,No,No,0,United States,California,Corona Del Mar,92625,33.600987,-117.862734,13422,Q3,0,0,1,,1,43.61,0,Yes,Fiber Optic,2,0,0,0,0,1,1,1,1,Month-to-Month,1,Bank Withdrawal,91.3,91.3,0.0,0,43.61,134.91,3,Churned,Yes,71,2371,Attitude,Attitude of service provider,0.98
4390-KYULV,Male,41,No,No,Yes,No,0,United States,California,Piru,93040,34.432843,-118.730106,1459,Q3,1,1,3,Offer E,1,37.61,0,No,,0,0,0,0,0,0,0,0,0,Month-to-Month,1,Credit Card,20.55,51.15,0.0,0,112.83,163.98,1,Churned,Yes,90,4115,Attitude,Attitude of support person,0.92
6108-OQZDQ,Female,21,Yes,No,Yes,No,0,United States,California,Keene,93531,35.214982,-118.59049,1436,Q3,1,4,4,Offer E,1,9.98,1,Yes,Fiber Optic,51,0,1,0,0,1,1,1,1,Month-to-Month,1,Bank Withdrawal,97.95,384.5,0.0,0,39.92,424.42,3,Churned,Yes,72,2570,Attitude,Attitude of service provider,0.97
9231-ZJYAM,Female,65,No,Yes,No,No,0,United States,California,Squaw Valley,93675,36.719141,-119.202677,3146,Q3,0,0,4,,1,36.93,0,Yes,Fiber Optic,18,0,0,0,0,1,0,0,1,Month-to-Month,1,Bank Withdrawal,78.85,292.8,0.0,0,147.72,440.52,3,Churned,Yes,72,5301,Other,Moved,0.9
6305-YLBMM,Male,50,No,No,No,No,0,United States,California,Hood,95639,38.375325,-121.507935,213,Q3,0,0,69,,1,2.52,0,Yes,Fiber Optic,24,0,1,1,1,1,1,1,1,One Year,1,Bank Withdrawal,104.05,7262.0,0.0,0,173.88,7435.88,3,Churned,Yes,91,4254,Attitude,Attitude of service provider,0.98
3177-LASXD,Female,43,No,No,No,No,0,United States,California,Westmorland,92281,33.03679,-115.60503,2388,Q3,0,0,1,,1,40.4,0,Yes,Cable,13,0,0,0,0,0,0,0,0,Month-to-Month,0,Bank Withdrawal,71.35,71.35,0.0,0,40.4,111.75,3,Churned,Yes,77,2619,Dissatisfaction,Poor expertise of phone support,1.0
0887-HJGAR,Male,57,No,No,No,No,0,United States,California,Coalinga,93210,36.186867,-120.387793,18036,Q3,0,0,1,Offer E,1,5.55,0,Yes,DSL,13,0,0,0,0,0,0,0,1,Month-to-Month,1,Mailed Check,45.7,45.7,0.0,0,5.55,51.25,3,Churned,Yes,95,2295,Competitor,Competitor offered higher download speeds,0.82
1596-BBVTG,Male,53,No,No,No,No,0,United States,California,San Dimas,91773,34.102119,-117.815532,33878,Q3,0,0,35,Offer C,1,25.04,1,Yes,Fiber Optic,21,0,0,0,0,0,0,0,1,Month-to-Month,0,Credit Card,75.35,2636.05,0.0,0,876.4,3512.4500000000003,3,Churned,Yes,79,2785,Other,Poor expertise of online support,0.94
1660-HSOOQ,Male,60,No,No,No,No,0,United States,California,Santa Barbara,93105,34.037342,-119.80079,25771,Q3,0,0,1,,1,4.18,0,Yes,DSL,8,0,0,1,0,0,0,0,0,Month-to-Month,1,Credit Card,49.65,49.65,0.0,40,4.18,93.83,3,Churned,Yes,90,5338,Dissatisfaction,Lack of self-service on Website,0.95
8098-LLAZX,Female,74,No,Yes,No,No,0,United States,California,San Diego,92122,32.85723,-117.209774,34902,Q3,0,0,4,Offer E,1,31.61,1,Yes,Fiber Optic,2,0,0,0,0,1,1,0,1,Month-to-Month,1,Bank Withdrawal,95.45,396.1,0.0,0,126.44,522.54,3,Churned,Yes,85,3677,Competitor,Competitor made better offer,0.96
5378-IKEEG,Female,47,No,No,No,No,0,United States,California,Eagleville,96110,41.280341,-120.150381,132,Q3,0,0,1,Offer E,0,0.0,0,Yes,Cable,2,0,0,0,0,1,0,0,1,Month-to-Month,1,Bank Withdrawal,35.75,35.75,0.0,0,0.0,35.75,3,Churned,Yes,70,3351,Price,Price too high,0.99
9102-IAYHT,Female,29,Yes,No,Yes,No,0,United States,California,Salinas,93908,36.624338,-121.615669,13027,Q3,1,1,17,,1,47.76,1,Yes,Fiber Optic,26,0,0,0,0,0,1,1,1,Month-to-Month,1,Bank Withdrawal,85.45,1451.6,0.0,0,811.92,2263.52,3,Churned,Yes,94,3670,Attitude,Attitude of support person,0.92
3372-KWFBM,Male,76,No,Yes,No,No,0,United States,California,Bayside,95524,40.825486,-124.049485,1689,Q3,0,0,16,,1,19.18,1,Yes,Fiber Optic,22,0,0,0,0,1,0,0,1,Month-to-Month,1,Bank Withdrawal,86.6,1281.0,0.0,0,306.88,1587.88,3,Churned,Yes,81,2508,Dissatisfaction,Network reliability,0.96
2516-VQRRV,Female,77,No,Yes,No,No,0,United States,California,Culver City,90230,33.993991,-118.39704,31963,Q3,0,0,2,,1,23.46,1,Yes,Fiber Optic,25,0,0,0,0,0,0,0,1,Month-to-Month,1,Credit Card,75.45,158.4,0.0,0,46.92,205.32,3,Churned,Yes,65,3350,Price,Long distance charges,0.93
4713-LZDRV,Female,80,No,Yes,No,No,0,United States,California,Malibu,90263,34.037037,-118.705803,11,Q3,0,0,2,Offer E,1,31.91,0,Yes,Cable,30,0,0,0,0,0,1,0,1,Month-to-Month,1,Bank Withdrawal,79.6,195.05,0.0,0,63.82,258.87,3,Churned,Yes,94,4322,Price,Long distance charges,0.96
3815-SLMEF,Female,26,Yes,No,No,No,0,United States,California,Avenal,93204,35.916943,-120.129921,14697,Q3,0,0,3,Offer E,0,0.0,0,Yes,Cable,52,1,0,0,1,0,0,0,1,Month-to-Month,0,Mailed Check,34.25,139.35,0.0,0,0.0,139.35,1,Churned,Yes,88,2802,Competitor,Competitor offered higher download speeds,0.98
4903-UYAVB,Male,53,No,No,Yes,No,0,United States,California,Lathrop,95330,37.80821,-121.308401,10834,Q3,0,0,5,Offer E,1,31.76,0,No,,0,0,0,0,0,0,0,0,0,Month-to-Month,0,Mailed Check,19.35,126.05,0.0,0,158.8,284.85,1,Churned,Yes,90,3864,Competitor,Competitor made better offer,0.97
0568-ONFPC,Male,34,No,No,Yes,Yes,1,United States,California,San Francisco,94112,37.720498,-122.443119,73117,Q3,1,1,5,Offer E,1,40.05,1,No,,0,0,0,0,0,0,0,0,0,Month-to-Month,1,Bank Withdrawal,25.9,135.0,0.0,0,200.25,335.25,1,Churned,Yes,83,2102,Other,Moved,0.9
0963-ZBDRN,Male,45,No,No,No,No,0,United States,California,Claremont,91711,34.127621,-117.717863,34716,Q3,0,0,32,,1,25.21,0,Yes,Fiber Optic,26,0,0,0,1,1,1,1,1,Month-to-Month,1,Bank Withdrawal,96.2,3183.4,0.0,0,806.72,3990.12,3,Churned,Yes,93,3606,Attitude,Attitude of support person,0.8
3090-HAWSU,Male,44,No,No,No,No,0,United States,California,Pasadena,91107,34.159007,-118.087353,32369,Q3,0,0,61,,1,7.82,1,Yes,Fiber Optic,11,1,0,1,1,1,1,1,1,Two Year,1,Credit Card,111.6,6876.05,0.0,0,477.02,7353.070000000001,1,Churned,Yes,87,4495,Competitor,Competitor offered more data,0.83
6990-YNRIO,Male,53,No,No,Yes,No,0,United States,California,Agoura Hills,91301,34.129058,-118.759788,25303,Q3,0,0,65,,1,41.88,1,Yes,Fiber Optic,7,1,0,1,1,1,1,1,1,Two Year,0,Bank Withdrawal,108.65,6937.95,0.0,0,2722.2000000000003,9660.15,1,Churned,Yes,79,6120,Attitude,Attitude of support person,1.0
7614-QVWQL,Male,57,No,No,Yes,No,0,United States,California,Costa Mesa,92627,33.645672,-117.922613,62069,Q3,1,2,49,,0,0.0,0,Yes,DSL,5,0,1,0,0,1,1,1,0,One Year,1,Bank Withdrawal,51.8,2541.25,0.0,50,0.0,2591.25,2,Churned,Yes,67,5375,Other,Moved,0.98
2189-WWOEW,Female,37,No,No,No,No,0,United States,California,Keene,93531,35.214982,-118.59049,1436,Q3,0,0,15,,1,24.63,0,Yes,Fiber Optic,13,0,1,0,0,0,1,1,1,Month-to-Month,1,Bank Withdrawal,85.9,1269.55,0.0,0,369.45,1639.0,3,Churned,Yes,96,3579,Other,Don't know,0.84
3400-ESFUW,Male,28,Yes,No,Yes,No,0,United States,California,Cupertino,95014,37.306612,-122.080621,54431,Q3,1,1,55,Offer B,1,8.8,0,Yes,DSL,48,1,1,0,1,0,0,0,0,Two Year,0,Bank Withdrawal,57.55,3046.4,0.0,60,484.00000000000006,3590.4,1,Churned,Yes,69,5463,Competitor,Competitor offered more data,0.93
3663-MITLP,Female,43,No,No,No,No,0,United States,California,Marina,93933,36.689582,-121.758398,21759,Q3,0,0,15,,1,16.82,0,Yes,Fiber Optic,26,0,1,1,0,1,1,1,1,Month-to-Month,1,Bank Withdrawal,101.25,1457.25,0.0,0,252.3,1709.55,3,Churned,Yes,85,3968,Dissatisfaction,Lack of self-service on Website,0.91
8485-GJCDN,Female,71,No,Yes,No,No,0,United States,California,San Diego,92109,32.787836,-117.232376,46086,Q3,0,0,5,,1,30.05,0,Yes,Fiber Optic,11,0,0,0,0,0,0,0,1,Month-to-Month,1,Credit Card,69.05,318.5,0.0,0,150.25,468.75,3,Churned,Yes,74,3368,Competitor,Competitor made better offer,0.95
1965-DDBWU,Male,37,No,No,No,No,0,United States,California,Escondido,92027,33.141265,-116.967221,48690,Q3,0,0,16,,1,11.96,1,Yes,Fiber Optic,18,0,0,0,1,0,1,1,1,Month-to-Month,1,Credit Card,89.05,1448.6,0.0,0,191.36,1639.96,3,Churned,Yes,87,5953,Competitor,Competitor made better offer,0.99
0375-HVGXO,Female,31,No,No,No,No,0,United States,California,Los Angeles,90045,33.954017,-118.402447,39334,Q3,0,0,1,Offer E,0,0.0,0,Yes,DSL,8,0,0,0,0,1,0,0,1,Month-to-Month,1,Bank Withdrawal,34.7,34.7,0.0,0,0.0,34.7,3,Churned,Yes,81,4476,Other,Don't know,0.77
2645-QTLMB,Male,22,Yes,No,No,No,0,United States,California,Bloomington,92316,34.059722,-117.39104,25995,Q3,0,0,7,Offer E,1,12.05,0,Yes,Fiber Optic,69,0,1,0,0,1,1,1,1,Month-to-Month,1,Bank Withdrawal,94.25,669.0,0.0,0,84.35000000000001,753.35,3,Churned,Yes,91,5267,Dissatisfaction,Network reliability,0.79
5552-ZNFSJ,Male,49,No,No,No,No,0,United States,California,Santa Rosa,95407,38.394091,-122.739814,30876,Q3,0,0,1,,1,34.37,0,Yes,DSL,28,0,0,0,0,0,0,0,1,Month-to-Month,0,Bank Withdrawal,45.3,45.3,0.0,0,34.37,79.66999999999999,3,Churned,Yes,66,4568,Other,Poor expertise of online support,0.98
3387-VATUS,Male,44,No,No,No,No,0,United States,California,Aromas,95004,36.878364,-121.629781,3373,Q3,0,0,5,Offer E,1,40.15,1,Yes,Fiber Optic,19,0,0,0,0,1,1,1,1,Month-to-Month,1,Bank Withdrawal,94.85,462.8,0.0,0,200.75,663.55,3,Churned,Yes,69,5701,Attitude,Attitude of service provider,0.91
1612-EOHDH,Female,29,Yes,No,No,No,0,United States,California,Pacoima,91331,34.255442,-118.421314,97318,Q3,0,0,1,Offer E,1,30.92,0,Yes,DSL,69,0,0,0,0,0,0,1,1,Month-to-Month,0,Bank Withdrawal,45.15,45.15,0.0,0,30.92,76.07,3,Churned,Yes,89,5828,Attitude,Attitude of support person,0.99
3926-CUQZX,Male,27,Yes,No,No,No,0,United States,California,Campo,91906,32.673483,-116.472863,3133,Q3,0,0,1,Offer E,1,11.06,0,Yes,DSL,58,0,0,0,0,0,0,1,1,Month-to-Month,1,Bank Withdrawal,45.1,45.1,0.0,0,11.06,56.16,3,Churned,Yes,77,4884,Other,Don't know,0.97
4541-RMRLG,Male,53,No,No,No,No,0,United States,California,Hayward,94541,37.674002,-122.076796,60274,Q3,0,0,7,,1,9.14,0,No,,0,0,0,0,0,0,0,0,0,Month-to-Month,0,Bank Withdrawal,19.25,112.3,0.0,0,63.98,176.28,3,Churned,Yes,82,4489,Attitude,Attitude of support person,0.95
9448-REEVD,Male,21,Yes,No,Yes,No,0,United States,California,Concord,94520,38.013825,-122.039144,36186,Q3,1,1,1,,1,32.08,0,Yes,DSL,73,0,0,0,0,0,0,1,1,Month-to-Month,0,Credit Card,44.7,44.7,0.0,0,32.08,76.78,3,Churned,Yes,74,3700,Other,Don't know,0.74
8650-RHRKE,Male,27,Yes,No,No,No,0,United States,California,Oakdale,95361,37.785033,-120.776141,25384,Q3,0,0,4,Offer E,0,0.0,0,Yes,DSL,48,0,0,1,0,0,0,1,1,Month-to-Month,1,Bank Withdrawal,29.65,118.5,0.0,0,0.0,118.5,3,Churned,Yes,71,4207,Dissatisfaction,Limited range of services,0.98
5649-ANRML,Male,76,No,Yes,No,No,0,United States,California,Clipper Mills,95930,39.562239,-121.14836,282,Q3,0,0,2,Offer E,1,12.96,0,Yes,Fiber Optic,20,0,1,1,1,0,1,0,1,Month-to-Month,1,Credit Card,95.1,180.25,0.0,0,25.92,206.17,3,Churned,Yes,90,4486,Other,Poor expertise of online support,0.89
4512-ZUIYL,Female,31,No,No,No,No,0,United States,California,Sunnyvale,94089,37.421633,-122.009613,16985,Q3,0,0,2,Offer E,1,37.76,0,Yes,Fiber Optic,10,0,0,0,0,0,0,0,1,Month-to-Month,0,Bank Withdrawal,70.0,153.05,0.0,0,75.52,228.57,3,Churned,Yes,81,2928,Other,Moved,0.81
8042-JVNFH,Male,23,Yes,No,No,No,0,United States,California,Olancha,93549,36.296851,-117.865469,318,Q3,0,0,1,,1,35.28,0,Yes,Fiber Optic,51,0,0,0,0,0,0,1,1,Month-to-Month,1,Credit Card,71.35,71.35,0.0,0,35.28,106.63,3,Churned,Yes,92,5730,Attitude,Attitude of support person,1.0
1150-WFARN,Female,59,No,No,Yes,No,0,United States,California,Brawley,92227,33.03933,-115.191857,23394,Q3,1,1,67,,1,32.15,1,Yes,Fiber Optic,28,1,0,1,1,1,1,1,1,Two Year,1,Credit Card,108.75,7156.2,0.0,0,2154.0499999999997,9310.25,1,Churned,Yes,90,5516,Competitor,Competitor had better devices,0.99
3627-FCRDW,Female,49,No,No,No,No,0,United States,California,Hughson,95326,37.5923,-120.853288,6822,Q3,0,0,9,,1,24.52,0,Yes,Fiber Optic,9,0,0,0,0,0,0,0,1,Month-to-Month,0,Bank Withdrawal,71.0,672.55,8.35,0,220.68,884.8799999999999,3,Churned,Yes,81,2236,Competitor,Competitor offered more data,0.96
0195-IESCP,Male,26,Yes,No,Yes,No,0,United States,California,Armona,93202,36.315979,-119.710852,2872,Q3,1,1,10,Offer D,1,2.02,1,Yes,Fiber Optic,82,0,0,0,0,0,1,1,0,Month-to-Month,1,Bank Withdrawal,85.25,855.3,0.0,100,20.2,975.5,3,Churned,Yes,75,3573,Competitor,Competitor offered more data,0.9
1251-KRREG,Male,22,Yes,No,No,No,0,United States,California,North Hollywood,91601,34.1692,-118.372498,36625,Q3,0,0,2,,1,44.31,1,Yes,DSL,73,0,1,0,0,0,0,1,1,Month-to-Month,1,Credit Card,54.4,114.1,0.0,0,88.62,202.72,3,Churned,Yes,81,2556,Price,Price too high,0.97
5013-SBUIH,Female,63,No,No,No,No,0,United States,California,Stockton,95202,37.959706,-121.287669,7071,Q3,0,0,50,,1,27.7,1,Yes,Fiber Optic,28,1,1,0,1,1,1,1,1,Two Year,1,Bank Withdrawal,109.65,5551.15,0.0,0,1385.0,6936.15,1,Churned,Yes,84,5855,Competitor,Competitor had better devices,0.84
6416-TVAIH,Male,39,No,No,Yes,No,0,United States,California,San Francisco,94127,37.736535,-122.45732,20643,Q3,1,1,1,Offer E,1,30.62,0,Yes,Fiber Optic,11,0,0,0,0,0,0,0,1,Month-to-Month,1,Bank Withdrawal,68.5,68.5,0.0,0,30.62,99.12,3,Churned,Yes,89,5753,Competitor,Competitor offered more data,0.94
0925-VYDLG,Female,40,No,No,No,No,0,United States,California,Ludlow,92338,34.702766,-116.093376,23,Q3,0,0,3,,1,17.87,1,Yes,Fiber Optic,25,0,0,0,0,0,0,0,1,Month-to-Month,0,Bank Withdrawal,75.25,242.0,0.0,0,53.61,295.61,3,Churned,Yes,83,5898,Attitude,Attitude of service provider,0.82
0402-CQAJN,Female,22,Yes,No,No,No,0,United States,California,El Monte,91732,34.074492,-118.01462,62660,Q3,0,0,37,,1,24.04,1,Yes,Fiber Optic,59,0,1,1,0,1,1,1,1,Month-to-Month,1,Bank Withdrawal,101.9,3545.35,0.0,0,889.48,4434.83,3,Churned,Yes,83,4437,Dissatisfaction,Lack of self-service on Website,0.95
9601-BRXPO,Female,48,No,No,Yes,No,0,United States,California,San Diego,92122,32.85723,-117.209774,34902,Q3,1,1,25,Offer C,1,8.91,1,Yes,Fiber Optic,10,0,0,1,1,1,1,1,1,Month-to-Month,1,Bank Withdrawal,104.95,2566.5,0.0,0,222.75,2789.25,3,Churned,Yes,66,3642,Competitor,Competitor made better offer,0.96
4892-VLANZ,Male,40,No,No,No,No,0,United States,California,Colusa,95932,39.273096,-122.050763,7503,Q3,0,0,1,,1,9.66,0,No,,0,0,0,0,0,0,0,0,0,Month-to-Month,0,Mailed Check,19.8,19.8,0.0,0,9.66,29.46,3,Churned,Yes,96,5600,Price,Long distance charges,0.99
1589-AGTLK,Male,26,Yes,No,No,No,0,United States,California,San Diego,92129,32.961064,-117.134917,47224,Q3,0,0,3,,1,36.48,0,Yes,DSL,59,0,0,0,0,0,0,0,1,Month-to-Month,1,Bank Withdrawal,45.35,141.5,0.0,0,109.44,250.94,3,Churned,Yes,90,2450,Other,Don't know,0.96
3186-BAXNB,Female,20,Yes,No,No,No,0,United States,California,Cottonwood,96022,40.336392,-122.448533,12348,Q3,0,0,1,Offer E,1,17.23,0,Yes,Fiber Optic,52,0,1,0,1,1,0,1,1,Month-to-Month,0,Bank Withdrawal,91.7,91.7,0.0,0,17.23,108.93,3,Churned,Yes,71,4319,Attitude,Attitude of service provider,0.96
0504-HHAPI,Female,72,No,Yes,No,No,0,United States,California,Guinda,95637,38.830739,-122.196202,228,Q3,0,0,27,,1,16.94,1,Yes,Fiber Optic,11,0,0,1,0,0,1,0,1,Month-to-Month,0,Credit Card,88.3,2467.75,0.0,0,457.38000000000005,2925.13,3,Churned,Yes,96,2420,Other,Don't know,0.93
7938-OUHIO,Male,28,Yes,No,No,No,0,United States,California,Mill Valley,94941,37.901371,-122.572024,28727,Q3,0,0,3,Offer E,1,32.76,0,Yes,Fiber Optic,73,0,0,1,1,1,1,1,1,Month-to-Month,1,Bank Withdrawal,98.7,293.65,0.0,0,98.28,391.9299999999999,3,Churned,Yes,72,3916,Attitude,Attitude of service provider,0.95
6432-TWQLB,Male,51,No,No,Yes,No,0,United States,California,Rosemead,91770,34.065108,-118.082791,61623,Q3,1,1,5,Offer E,1,42.29,1,Yes,Fiber Optic,16,0,1,0,1,0,0,0,1,Month-to-Month,1,Bank Withdrawal,85.4,401.1,45.37,0,211.45,567.1800000000001,3,Churned,Yes,80,3676,Dissatisfaction,Network reliability,0.94
4021-RQSNY,Male,75,No,Yes,Yes,No,0,United States,California,Moreno Valley,92555,33.907361,-117.109972,12743,Q3,1,1,29,,1,25.78,1,Yes,Fiber Optic,28,0,0,1,0,1,1,1,0,Month-to-Month,1,Bank Withdrawal,98.5,3004.15,37.55,40,747.62,3754.22,3,Churned,Yes,72,5137,Attitude,Attitude of service provider,0.99
7969-AULMZ,Female,63,No,No,No,No,0,United States,California,San Francisco,94104,37.791222,-122.402241,384,Q3,0,0,21,,1,9.06,1,Yes,Fiber Optic,10,0,0,0,0,1,1,1,1,Month-to-Month,1,Bank Withdrawal,97.35,2119.5,0.0,0,190.26,2309.76,3,Churned,Yes,89,4321,Other,Moved,0.93
1113-IUJYX,Female,59,No,No,Yes,No,0,United States,California,Winnetka,91306,34.209532,-118.577563,43857,Q3,1,3,14,,1,5.63,0,Yes,Fiber Optic,23,1,1,0,1,1,1,1,1,One Year,0,Credit Card,105.95,1348.9,0.0,0,78.82,1427.72,1,Churned,Yes,84,5887,Competitor,Competitor offered higher download speeds,0.99
2933-FILNV,Female,53,No,No,Yes,Yes,3,United States,California,Carlsbad,92009,33.098018,-117.258203,43161,Q3,0,0,2,,0,0.0,0,Yes,DSL,52,0,0,0,0,0,0,0,1,Month-to-Month,1,Credit Card,24.4,36.55,0.0,0,0.0,36.55,3,Churned,Yes,91,2635,Dissatisfaction,Lack of self-service on Website,0.98
5383-MMTWC,Female,75,No,Yes,Yes,No,0,United States,California,Oakley,94561,37.999406,-121.686241,27607,Q3,1,1,8,,1,46.05,1,Yes,Fiber Optic,22,0,0,0,0,0,1,0,1,Month-to-Month,1,Bank Withdrawal,84.0,613.4,0.0,0,368.4,981.8,3,Churned,Yes,91,4819,Dissatisfaction,Limited range of services,0.96
0687-ZVTHB,Male,24,Yes,No,Yes,No,0,United States,California,Richmond,94805,37.941456,-122.320968,13984,Q3,1,1,65,Offer B,1,26.75,1,Yes,Cable,51,1,1,1,0,0,1,1,1,One Year,0,Credit Card,72.45,4653.85,14.23,0,1738.75,6378.370000000001,1,Churned,Yes,68,4415,Competitor,Competitor offered more data,0.99
1273-MTETI,Female,69,No,Yes,No,No,0,United States,California,Rancho Cucamonga,91737,34.245289,-117.642503,23079,Q3,0,0,4,,1,12.86,1,Yes,Fiber Optic,4,0,0,1,0,0,1,0,1,Month-to-Month,1,Bank Withdrawal,88.85,372.45,0.0,0,51.44,423.89,3,Churned,Yes,74,2754,Other,Don't know,0.92
4636-QRJKY,Female,64,No,No,Yes,No,0,United States,California,Idyllwild,92549,33.755039,-116.741796,3588,Q3,1,1,6,,1,36.12,1,Yes,Fiber Optic,23,0,0,0,1,0,0,0,1,Month-to-Month,1,Bank Withdrawal,80.5,502.85,0.0,0,216.71999999999997,719.5699999999999,3,Churned,Yes,91,5032,Price,Price too high,0.93
3319-DWOEP,Male,69,No,Yes,Yes,No,0,United States,California,San Diego,92121,32.898613,-117.202937,4258,Q3,0,0,6,Offer E,1,47.9,0,Yes,Fiber Optic,6,0,0,1,0,1,1,0,1,Month-to-Month,1,Bank Withdrawal,95.75,573.75,0.0,0,287.4,861.15,3,Churned,Yes,90,5750,Competitor,Competitor made better offer,0.99
6015-VVHHE,Female,68,No,Yes,No,No,0,United States,California,Los Angeles,90039,34.110845,-118.259595,29310,Q3,0,0,5,,1,41.83,1,Yes,Fiber Optic,25,0,0,0,0,1,0,0,1,Month-to-Month,1,Credit Card,83.15,446.05,0.0,0,209.15,655.2,3,Churned,Yes,96,2516,Dissatisfaction,Service dissatisfaction,0.95
6877-TJMBR,Male,21,Yes,No,Yes,No,0,United States,California,Orinda,94563,37.873916,-122.20522,17964,Q3,1,1,1,Offer E,1,37.83,0,Yes,Fiber Optic,51,0,0,0,1,1,0,0,1,Month-to-Month,1,Bank Withdrawal,84.8,84.8,0.0,0,37.83,122.63,3,Churned,Yes,80,2627,Dissatisfaction,Network reliability,0.98
6692-UDPJC,Female,61,No,No,Yes,Yes,1,United States,California,South El Monte,91733,34.04622,-118.053753,45645,Q3,1,1,14,,1,9.13,1,Yes,Fiber Optic,12,0,0,0,1,1,0,0,1,Month-to-Month,1,Bank Withdrawal,91.65,1301.0,0.0,0,127.82,1428.82,3,Churned,Yes,65,4304,Dissatisfaction,Network reliability,0.96
8699-ASUFO,Male,72,No,Yes,Yes,No,0,United States,California,Nuevo,92567,33.82769,-117.102244,7344,Q3,1,1,7,,1,8.92,1,Yes,Fiber Optic,17,0,0,0,0,0,0,0,1,Month-to-Month,1,Credit Card,74.4,527.9,32.46,0,62.44,557.88,3,Churned,Yes,96,4969,Attitude,Attitude of service provider,0.99
9512-UIBFX,Male,52,No,No,Yes,No,0,United States,California,West Covina,91791,34.061634,-117.893169,30458,Q3,1,6,18,,1,1.51,0,Yes,Fiber Optic,28,0,0,1,0,1,1,1,1,Month-to-Month,0,Credit Card,95.15,1779.95,10.17,0,27.18,1796.96,3,Churned,Yes,68,4643,Other,Don't know,0.95
5998-VVEJY,Male,34,No,No,No,No,0,United States,California,Glendora,91741,34.14649,-117.849815,24973,Q3,0,0,26,,1,24.16,1,Yes,Fiber Optic,22,0,0,0,1,0,0,0,1,Month-to-Month,1,Bank Withdrawal,80.5,2088.8,0.0,0,628.16,2716.96,3,Churned,Yes,72,2729,Other,Moved,1.0
5293-WXJAK,Female,73,No,Yes,Yes,No,0,United States,California,San Jose,95135,37.28682,-121.723877,15798,Q3,1,5,11,,1,17.25,1,Yes,Fiber Optic,27,0,0,1,1,1,1,0,1,Month-to-Month,1,Bank Withdrawal,104.05,1133.65,0.0,0,189.75,1323.4,3,Churned,Yes,82,4553,Competitor,Competitor offered more data,0.94
6683-VLCTZ,Male,73,No,Yes,No,No,0,United States,California,San Diego,92129,32.961064,-117.134917,47224,Q3,0,0,20,,1,44.44,1,Yes,Fiber Optic,13,0,0,1,0,1,1,0,0,Month-to-Month,1,Bank Withdrawal,98.55,1842.8,0.0,120,888.8,2851.6,3,Churned,Yes,92,5444,Competitor,Competitor made better offer,0.99
1450-SKCVI,Female,22,Yes,No,No,No,0,United States,California,Del Mar,92014,32.948262,-117.256086,13945,Q3,0,0,56,,1,35.59,0,Yes,Fiber Optic,69,0,1,0,0,0,0,1,1,Month-to-Month,1,Bank Withdrawal,73.85,4092.85,0.0,0,1993.04,6085.89,3,Churned,Yes,72,5276,Attitude,Attitude of support person,0.98
3066-RRJIO,Female,29,Yes,No,No,No,0,United States,California,San Francisco,94132,37.722302,-122.491129,26297,Q3,0,0,1,Offer E,1,13.04,0,Yes,Fiber Optic,46,0,0,0,0,0,0,0,1,Month-to-Month,1,Credit Card,69.95,69.95,0.0,0,13.04,82.99000000000001,3,Churned,Yes,65,5341,Competitor,Competitor made better offer,0.96
6289-CPNLD,Male,33,No,No,Yes,No,0,United States,California,Temecula,92591,33.540604,-117.10909,25655,Q3,1,3,33,Offer C,1,33.32,0,Yes,DSL,4,0,0,1,1,1,1,1,1,One Year,1,Mailed Check,73.9,2405.05,0.0,0,1099.56,3504.61,1,Churned,Yes,73,5374,Competitor,Competitor had better devices,0.94
2369-UAPKZ,Male,43,No,No,No,No,0,United States,California,Meadow Vista,95722,39.003358,-121.022539,3747,Q3,0,0,5,Offer E,1,38.89,1,Yes,Fiber Optic,8,0,1,1,0,1,1,1,1,Month-to-Month,0,Mailed Check,104.1,541.9,0.0,0,194.45,736.3499999999999,3,Churned,Yes,76,3131,Other,Moved,1.0
1254-IZEYF,Female,74,No,Yes,No,No,0,United States,California,Cutler,93615,36.497895,-119.285484,5519,Q3,0,0,31,,1,39.36,1,Yes,Fiber Optic,4,0,1,0,0,1,1,0,1,Month-to-Month,1,Bank Withdrawal,99.95,3186.65,0.0,0,1220.16,4406.81,3,Churned,Yes,96,5362,Competitor,Competitor made better offer,0.91
4009-ALQFH,Female,35,No,No,No,No,0,United States,California,Groveland,95321,37.902968,-119.667544,3680,Q3,0,0,25,,1,48.42,0,Yes,Fiber Optic,8,0,1,1,0,1,1,1,1,Month-to-Month,1,Bank Withdrawal,99.5,2369.05,19.5,0,1210.5,3560.05,3,Churned,Yes,90,5932,Competitor,Competitor offered more data,0.98
9685-WKZGT,Male,67,No,Yes,No,No,0,United States,California,Carmichael,95608,38.626128,-121.328011,58830,Q3,0,0,14,Offer D,1,16.32,1,Yes,Fiber Optic,11,0,0,0,0,0,0,0,1,Month-to-Month,1,Bank Withdrawal,74.95,1036.75,39.29,0,228.48,1225.94,3,Churned,Yes,70,2075,Price,Extra data charges,0.96
8280-MQRQN,Female,39,No,No,No,No,0,United States,California,Arnold,95223,38.32153,-120.236358,5159,Q3,0,0,1,Offer E,1,23.7,0,Yes,Cable,17,0,0,1,0,0,0,0,1,Month-to-Month,1,Mailed Check,50.45,50.45,0.0,0,23.7,74.15,3,Churned,Yes,69,2806,Dissatisfaction,Network reliability,0.85
9033-EOXWV,Female,57,No,No,No,No,0,United States,California,Oakland,94603,37.739113,-122.175602,31392,Q3,0,0,12,,1,42.58,1,Yes,DSL,22,0,0,0,1,1,1,1,1,One Year,0,Credit Card,74.05,872.65,48.61,0,510.96,1335.0,3,Churned,Yes,94,4149,Other,Don't know,0.83
4081-DYXAV,Female,27,Yes,No,No,No,0,United States,California,San Jose,95125,37.294926,-121.894763,46185,Q3,0,0,19,,0,0.0,0,Yes,DSL,48,0,0,0,0,1,1,1,1,One Year,1,Credit Card,44.85,893.55,0.0,0,0.0,893.55,3,Churned,Yes,72,5182,Competitor,Competitor offered higher download speeds,0.95
8481-YYXWG,Female,30,No,No,No,No,0,United States,California,Hume,93628,36.807595,-118.901544,93,Q3,0,0,5,Offer E,1,10.11,0,Yes,Fiber Optic,69,0,1,0,1,0,1,1,1,Month-to-Month,1,Bank Withdrawal,89.35,461.7,0.0,0,50.55,512.25,3,Churned,Yes,70,4584,Dissatisfaction,Network reliability,1.0
6834-NXDCA,Female,30,No,No,No,No,0,United States,California,South Dos Palos,93665,36.959731,-120.653519,343,Q3,0,0,13,,0,0.0,0,Yes,DSL,53,0,0,0,0,0,0,0,1,Month-to-Month,1,Bank Withdrawal,23.9,300.8,0.0,0,0.0,300.8,3,Churned,Yes,82,2967,Dissatisfaction,Limited range of services,0.92
0927-LCSMG,Male,23,Yes,No,No,No,0,United States,California,San Jose,95129,37.305622,-122.000887,37570,Q3,0,0,7,Offer E,1,21.58,0,Yes,Fiber Optic,71,0,0,1,0,0,0,1,0,Month-to-Month,0,Mailed Check,74.65,544.55,0.0,10,151.06,705.6099999999999,3,Churned,Yes,75,3331,Competitor,Competitor offered more data,0.93
6204-IEUXJ,Female,30,No,No,No,No,0,United States,California,Yorba Linda,92886,33.897253,-117.792202,39458,Q3,0,0,3,Offer E,1,40.67,0,Yes,Fiber Optic,58,0,0,1,1,0,0,0,1,Month-to-Month,0,Credit Card,80.1,217.55,0.0,0,122.01,339.56,3,Churned,Yes,65,4330,Attitude,Attitude of service provider,0.96
5561-NWEVX,Female,78,No,Yes,Yes,No,0,United States,California,Hermosa Beach,90254,33.86532,-118.396336,18693,Q3,1,1,2,Offer E,1,17.73,1,Yes,Fiber Optic,18,0,0,1,0,0,0,0,1,Month-to-Month,0,Bank Withdrawal,79.2,172.85,0.0,0,35.46,208.31,3,Churned,Yes,67,4225,Price,Price too high,0.74
3143-ILDAL,Male,21,Yes,No,No,No,0,United States,California,El Monte,91732,34.074492,-118.01462,62660,Q3,0,0,56,,1,25.41,1,Yes,Fiber Optic,51,0,1,0,1,0,1,1,1,Month-to-Month,1,Bank Withdrawal,94.45,5124.6,0.0,0,1422.96,6547.56,3,Churned,Yes,96,4830,Attitude,Attitude of support person,0.96
1689-MRZQR,Male,36,No,No,Yes,No,0,United States,California,Turlock,95382,37.529656,-120.854357,24708,Q3,1,1,34,,1,13.45,0,Yes,Fiber Optic,12,0,0,0,0,1,0,0,1,Month-to-Month,0,Bank Withdrawal,78.3,2564.3,0.0,0,457.2999999999999,3021.6000000000004,3,Churned,Yes,77,2777,Other,Don't know,0.85
7587-RZNME,Male,23,Yes,No,No,No,0,United States,California,Valencia,91355,34.43987,-118.644609,24977,Q3,0,0,3,Offer E,1,48.84,0,Yes,DSL,41,0,0,0,0,0,0,1,1,Month-to-Month,1,Bank Withdrawal,43.3,123.65,0.0,0,146.52,270.17,3,Churned,Yes,91,4849,Price,Lack of affordable download/upload speed,0.95
0939-YAPAF,Female,44,No,No,No,No,0,United States,California,Santa Ana,92701,33.748478,-117.858918,58157,Q3,0,0,35,Offer C,1,10.49,1,Yes,Fiber Optic,17,0,0,1,0,1,1,1,1,Month-to-Month,1,Bank Withdrawal,100.25,3527.6,0.0,0,367.15,3894.75,3,Churned,Yes,72,2744,Competitor,Competitor offered higher download speeds,0.96
3049-NDXFL,Female,30,No,No,No,No,0,United States,California,San Diego,92130,32.957195,-117.202542,28201,Q3,0,0,1,Offer E,1,34.47,1,Yes,Fiber Optic,59,0,0,0,0,0,1,1,1,Month-to-Month,0,Credit Card,85.8,85.8,0.0,0,34.47,120.27,3,Churned,Yes,89,2850,Competitor,Competitor made better offer,0.96
6804-GDMOI,Female,39,No,No,No,No,0,United States,California,Brea,92823,33.924143,-117.79387,1408,Q3,0,0,61,,1,41.23,1,Yes,Fiber Optic,28,0,0,1,1,1,1,1,1,Two Year,1,Bank Withdrawal,106.6,6428.4,0.0,0,2515.0299999999997,8943.43,3,Churned,Yes,68,4183,Competitor,Competitor offered more data,0.99
2446-BEGGB,Female,79,No,Yes,No,No,0,United States,California,Lakewood,90712,33.840524,-118.148403,30173,Q3,0,0,6,,1,47.35,1,Yes,Fiber Optic,29,0,1,0,0,1,1,1,1,Month-to-Month,1,Bank Withdrawal,98.25,560.6,0.0,0,284.1,844.7,3,Churned,Yes,83,3330,Attitude,Attitude of support person,0.94
2154-KVJFF,Female,42,No,No,No,No,0,United States,California,Stevinson,95374,37.316807,-120.855753,1960,Q3,0,0,15,Offer D,1,42.83,1,Yes,Fiber Optic,21,0,1,0,0,0,0,0,1,Month-to-Month,1,Bank Withdrawal,79.75,1111.85,0.0,0,642.4499999999999,1754.2999999999995,3,Churned,Yes,65,2813,Dissatisfaction,Limited range of services,0.71
7831-QGOXH,Female,27,Yes,No,No,No,0,United States,California,Blue Lake,95525,40.94338,-123.831799,1584,Q3,0,0,18,,1,24.4,1,Yes,Fiber Optic,71,0,0,0,0,1,0,1,1,Month-to-Month,1,Bank Withdrawal,85.2,1553.9,0.0,0,439.2,1993.1,3,Churned,Yes,77,3326,Other,Don't know,0.93
8168-UQWWF,Female,48,No,No,No,Yes,2,United States,California,Los Angeles,90042,34.11572,-118.192754,64672,Q3,0,0,11,,1,27.57,1,Yes,Cable,18,0,0,1,0,1,1,1,1,Month-to-Month,1,Bank Withdrawal,97.85,1105.4,0.0,0,303.27,1408.67,3,Churned,Yes,70,5674,Competitor,Competitor offered more data,0.89
9614-RMGHA,Male,29,Yes,No,Yes,No,0,United States,California,San Diego,92117,32.825086,-117.199424,51213,Q3,0,0,65,,1,36.75,1,Yes,Fiber Optic,73,0,1,0,0,1,0,1,1,Month-to-Month,1,Bank Withdrawal,91.85,5940.85,0.0,0,2388.75,8329.6,3,Churned,Yes,82,5530,Competitor,Competitor made better offer,0.93
6358-LYNGM,Male,26,Yes,No,No,No,0,United States,California,Mariposa,95338,37.526791,-119.99437,10226,Q3,0,0,1,Offer E,1,1.84,1,Yes,Fiber Optic,76,0,0,0,0,0,0,1,1,Month-to-Month,1,Bank Withdrawal,74.9,74.9,0.0,0,1.84,76.74000000000001,3,Churned,Yes,84,2548,Other,Moved,0.88
5052-PNLOS,Male,50,No,No,No,No,0,United States,California,Echo Lake,95721,38.851842,-120.076204,69,Q3,0,0,3,Offer E,1,13.83,1,Yes,Fiber Optic,14,0,1,1,0,1,1,1,1,Month-to-Month,1,Bank Withdrawal,105.35,323.25,0.0,0,41.49,364.74,3,Churned,Yes,65,3662,Other,Poor expertise of online support,0.81
3671-SHRSP,Male,46,No,No,Yes,No,0,United States,California,Marina,93933,36.689582,-121.758398,21759,Q3,1,1,4,Offer E,1,14.3,0,Yes,Fiber Optic,2,0,0,1,1,0,0,0,1,Month-to-Month,1,Mailed Check,80.6,319.15,0.0,0,57.2,376.35,3,Churned,Yes,86,3080,Competitor,Competitor offered more data,0.97
4855-SNKMY,Female,31,No,No,No,No,0,United States,California,Los Angeles,90024,34.066303,-118.435479,44150,Q3,0,0,1,Offer E,1,4.41,0,Yes,DSL,30,0,0,0,0,0,0,0,1,Month-to-Month,1,Bank Withdrawal,44.1,44.1,0.0,0,4.41,48.510000000000005,3,Churned,Yes,70,5955,Competitor,Competitor made better offer,0.88
4667-OHGKG,Male,61,No,No,No,No,0,United States,California,Summerland,93067,34.420998,-119.60137,576,Q3,0,0,1,,1,49.2,0,No,,0,0,0,0,0,0,0,0,0,Month-to-Month,1,Credit Card,19.3,19.3,0.0,0,49.2,68.5,3,Churned,Yes,91,4266,Dissatisfaction,Service dissatisfaction,0.91
5698-BQJOH,Female,41,No,No,No,Yes,2,United States,California,Beverly Hills,90211,34.063947,-118.383001,8321,Q3,0,0,9,,1,27.21,1,Yes,Fiber Optic,29,0,0,0,0,1,1,1,1,Month-to-Month,0,Bank Withdrawal,94.4,857.25,0.0,0,244.89,1102.14,3,Churned,Yes,96,5571,Price,Price too high,0.82
2100-BDNSN,Female,39,No,No,Yes,No,0,United States,California,Strawberry Valley,95981,39.58458,-121.093256,101,Q3,1,1,5,,1,14.9,1,Yes,DSL,4,0,0,1,1,1,0,0,0,Month-to-Month,0,Bank Withdrawal,67.95,350.3,0.0,20,74.5,444.8,3,Churned,Yes,69,3889,Price,Price too high,0.75
7029-RPUAV,Male,74,No,Yes,Yes,No,0,United States,California,Los Gatos,95030,37.222842,-121.988727,13290,Q3,1,1,17,,1,28.18,1,Yes,Cable,16,0,0,1,0,1,1,0,1,Month-to-Month,1,Credit Card,100.45,1622.45,0.0,0,479.06,2101.51,3,Churned,Yes,87,5508,Competitor,Competitor offered more data,0.96
0137-OCGAB,Female,25,Yes,No,No,No,0,United States,California,Fairfield,94533,38.287136,-122.02711,77683,Q3,0,0,1,Offer E,1,1.23,1,Yes,Fiber Optic,69,0,1,0,0,0,0,0,1,Month-to-Month,1,Mailed Check,80.2,80.2,0.0,0,1.23,81.43,3,Churned,Yes,90,3056,Price,Lack of affordable download/upload speed,0.91
8020-BWHYL,Female,70,No,Yes,No,No,0,United States,California,Montrose,91020,34.2112,-118.230625,7527,Q3,0,0,15,,1,7.99,0,Yes,Fiber Optic,27,0,1,0,0,0,0,0,1,Month-to-Month,1,Credit Card,75.3,1147.45,0.0,0,119.85,1267.3,3,Churned,Yes,91,4526,Competitor,Competitor offered more data,0.94
8155-IBNHG,Female,55,No,No,Yes,No,0,United States,California,San Diego,92103,32.747484,-117.166877,30202,Q3,1,1,24,,1,17.73,1,Yes,Fiber Optic,29,0,0,0,0,0,0,0,1,Month-to-Month,1,Credit Card,75.4,1747.85,0.0,0,425.52,2173.37,3,Churned,Yes,74,2325,Attitude,Attitude of support person,0.93
4911-BANWH,Female,44,No,No,No,No,0,United States,California,Sunland,91040,34.282704,-118.312929,18752,Q3,0,0,31,,1,33.38,1,Yes,Fiber Optic,27,0,0,0,0,1,0,0,1,Month-to-Month,1,Credit Card,86.55,2697.4,0.0,0,1034.78,3732.18,3,Churned,Yes,74,4198,Attitude,Attitude of support person,0.86
7590-VHVEG,Female,36,No,No,Yes,No,0,United States,California,Los Angeles,90001,33.973616,-118.24902,54492,Q3,0,0,1,Offer E,0,0.0,0,Yes,DSL,10,0,1,0,0,0,0,0,1,Month-to-Month,1,Bank Withdrawal,29.85,29.85,0.0,0,0.0,29.85,3,Joined,No,27,3964,,,0.95
2108-YKQTY,Female,42,No,No,No,No,0,United States,California,Santa Monica,90403,34.031529,-118.491156,23559,Q3,0,0,4,,1,9.81,0,Yes,DSL,30,0,1,0,0,0,0,0,1,Month-to-Month,0,Credit Card,50.7,151.3,0.0,0,39.24,190.54,3,Churned,Yes,90,4930,Other,Don't know,0.97
8245-UMPYT,Female,66,No,Yes,No,No,0,United States,California,Lockwood,93932,35.989792,-121.055933,538,Q3,0,0,16,,1,32.11,1,Yes,Fiber Optic,14,0,0,0,0,1,1,0,1,Month-to-Month,1,Bank Withdrawal,96.4,1581.2,47.2,0,513.76,2047.76,3,Churned,Yes,80,2688,Dissatisfaction,Poor expertise of phone support,0.97
1591-NFNLQ,Male,38,No,No,No,No,0,United States,California,Fallbrook,92028,33.362575,-117.299644,42239,Q3,0,0,51,,1,5.62,1,Yes,Fiber Optic,16,0,0,1,0,0,0,0,1,Month-to-Month,0,Credit Card,80.0,4242.35,0.0,0,286.62,4528.97,3,Churned,Yes,91,4769,Other,Poor expertise of online support,0.98
5449-FIBXJ,Male,34,No,No,Yes,No,0,United States,California,San Jose,95127,37.375156,-121.795867,60620,Q3,1,1,19,Offer D,1,28.04,1,Yes,Fiber Optic,22,0,0,1,1,1,1,1,1,Month-to-Month,0,Bank Withdrawal,103.3,2012.7,0.0,0,532.76,2545.46,3,Churned,Yes,67,2349,Price,Lack of affordable download/upload speed,0.87
5976-JCJRH,Male,36,No,No,Yes,No,0,United States,California,Danville,94526,37.815459,-121.977203,32873,Q3,1,1,10,Offer D,1,31.72,0,Yes,Fiber Optic,23,0,0,0,0,0,0,0,1,Month-to-Month,1,Bank Withdrawal,70.3,738.2,0.0,0,317.2,1055.4,3,Churned,Yes,94,2162,Dissatisfaction,Limited range of services,0.96
4897-QSUYC,Female,42,No,No,No,No,0,United States,California,Amboy,92304,34.559882,-115.637164,42,Q3,0,0,1,Offer E,1,21.59,0,No,,0,0,0,0,0,0,0,0,0,Month-to-Month,1,Mailed Check,20.15,20.15,0.0,0,21.59,41.739999999999995,3,Churned,Yes,86,4939,Attitude,Attitude of support person,0.99
2024-BASKD,Female,23,Yes,No,No,No,0,United States,California,Exeter,93221,36.301689,-119.018233,13333,Q3,0,0,1,Offer E,1,22.16,0,Yes,Fiber Optic,47,0,0,1,0,0,0,0,0,Month-to-Month,1,Mailed Check,74.6,74.6,0.0,10,22.16,106.76,3,Churned,Yes,94,3860,Competitor,Competitor offered more data,0.96
6304-IJFSQ,Male,63,No,No,No,No,0,United States,California,Calipatria,92233,33.143826,-115.497485,7857,Q3,0,0,3,,1,46.57,0,Yes,Cable,16,0,1,0,0,0,0,0,1,Month-to-Month,1,Credit Card,49.9,130.1,0.0,0,139.71,269.81,3,Churned,Yes,73,5585,Other,Moved,0.96
1732-VHUBQ,Female,73,No,Yes,Yes,No,0,United States,California,Escondido,92027,33.141265,-116.967221,48690,Q3,1,1,47,,1,26.95,0,Yes,Fiber Optic,26,0,0,0,0,0,0,0,1,Month-to-Month,0,Bank Withdrawal,70.55,3309.25,26.99,0,1266.65,4548.91,3,Churned,Yes,82,4457,Competitor,Competitor made better offer,0.76
2842-JTCCU,Male,27,Yes,No,No,No,0,United States,California,Hopland,95449,38.93706,-123.118111,1373,Q3,0,0,2,Offer E,1,29.69,0,Yes,Cable,52,0,0,0,0,0,0,1,0,Month-to-Month,0,Bank Withdrawal,46.05,80.35,0.0,10,59.38,149.73,3,Churned,Yes,72,4662,Attitude,Attitude of service provider,0.97
6100-QQHEB,Male,42,No,No,Yes,No,0,United States,California,San Jose,95121,37.304681,-121.809955,37127,Q3,1,1,17,Offer D,1,17.71,1,Yes,Fiber Optic,13,0,0,0,0,1,1,1,1,Month-to-Month,1,Bank Withdrawal,92.55,1515.1,0.0,0,301.07,1816.17,3,Churned,Yes,91,5775,Other,Moved,0.94
0219-YTZUE,Male,26,Yes,No,Yes,No,0,United States,California,San Diego,92122,32.85723,-117.209774,34902,Q3,1,5,4,Offer E,1,28.77,1,Yes,Fiber Optic,19,0,1,1,0,0,0,1,1,Month-to-Month,1,Bank Withdrawal,84.8,371.9,0.0,0,115.08,486.98,3,Churned,Yes,73,4939,Competitor,Competitor made better offer,0.96
3096-IZETN,Female,32,No,No,No,No,0,United States,California,Lomita,90717,33.794209,-118.317354,21065,Q3,0,0,12,Offer D,1,42.55,0,Yes,Fiber Optic,18,0,0,0,0,0,1,1,1,Month-to-Month,0,Bank Withdrawal,78.1,947.3,0.0,0,510.6,1457.9,3,Churned,Yes,89,4741,Attitude,Attitude of support person,0.97
2362-IBOOY,Male,22,Yes,No,No,No,0,United States,California,San Diego,92126,32.886925,-117.152162,74232,Q3,0,0,36,Offer C,1,43.97,1,Yes,Fiber Optic,42,0,0,0,0,0,1,1,1,Month-to-Month,1,Bank Withdrawal,84.75,3050.15,0.0,0,1582.92,4633.07,3,Churned,Yes,76,5272,Competitor,Competitor made better offer,0.95
9139-WQQDY,Female,35,No,No,Yes,No,0,United States,California,San Diego,92117,32.825086,-117.199424,51213,Q3,1,1,49,,1,26.37,1,Yes,Fiber Optic,19,0,1,0,0,1,1,1,1,One Year,0,Mailed Check,100.45,4941.8,0.0,0,1292.13,6233.93,3,Churned,Yes,90,4235,Other,Poor expertise of online support,0.95
0529-ONKER,Male,70,No,Yes,No,No,0,United States,California,Forest Ranch,95942,40.077028,-121.494168,1351,Q3,0,0,15,Offer D,1,46.38,1,Yes,Fiber Optic,19,0,0,0,0,0,0,0,1,Month-to-Month,0,Bank Withdrawal,75.65,1146.65,0.0,0,695.7,1842.35,3,Churned,Yes,96,2099,Attitude,Attitude of support person,0.89
6664-FPDAC,Female,77,No,Yes,No,No,0,United States,California,San Diego,92115,32.762506,-117.07245,56887,Q3,0,0,56,Offer B,1,19.46,1,Yes,Fiber Optic,28,0,1,1,1,1,1,0,1,One Year,1,Bank Withdrawal,111.95,6418.9,0.0,0,1089.76,7508.66,3,Churned,Yes,91,4060,Attitude,Attitude of service provider,0.88
1120-BMWUB,Female,36,No,No,No,No,0,United States,California,Los Angeles,90056,33.987945,-118.370442,8115,Q3,0,0,16,Offer D,1,6.86,0,Yes,DSL,8,0,1,0,1,0,0,0,0,Month-to-Month,1,Credit Card,53.9,834.15,0.0,40,109.76,983.91,3,Churned,Yes,65,5091,Other,Don't know,0.82
6712-OAWRH,Female,79,No,Yes,No,No,0,United States,California,San Bernardino,92408,34.084909,-117.258107,12149,Q3,0,0,26,Offer C,1,34.69,0,Yes,Fiber Optic,27,0,0,0,0,1,1,0,1,Month-to-Month,1,Bank Withdrawal,91.25,2351.8,0.0,0,901.94,3253.74,3,Churned,Yes,76,5154,Attitude,Attitude of support person,0.73
5087-SUURX,Female,46,No,No,Yes,No,0,United States,California,Yorba Linda,92887,33.884073,-117.732197,20893,Q3,1,1,18,,0,0.0,0,Yes,Cable,30,0,0,1,0,1,0,0,1,Month-to-Month,1,Bank Withdrawal,39.05,669.85,0.0,0,0.0,669.85,3,Churned,Yes,66,2601,Dissatisfaction,Lack of self-service on Website,0.85
4701-MLJPN,Male,60,No,No,No,No,0,United States,California,Fresno,93702,36.739385,-119.753649,47999,Q3,0,0,31,Offer C,1,1.53,0,Yes,DSL,6,0,0,1,1,0,0,0,0,Month-to-Month,1,Bank Withdrawal,55.25,1715.65,0.0,10,47.43,1773.0800000000002,3,Churned,Yes,78,2933,Attitude,Attitude of support person,0.77
8329-IBCTI,Female,50,No,No,No,No,0,United States,California,Cotati,94931,38.326215,-122.718742,7936,Q3,0,0,1,Offer E,1,6.08,0,No,,0,0,0,0,0,0,0,0,0,Month-to-Month,0,Mailed Check,19.65,19.65,0.0,0,6.08,25.729999999999997,3,Churned,Yes,91,5881,Competitor,Competitor made better offer,1.0
0587-DMGBH,Female,48,No,No,No,No,0,United States,California,Willows,95988,39.493991,-122.286363,8812,Q3,0,0,8,,1,37.79,0,Yes,Cable,25,1,0,0,0,0,0,0,0,Month-to-Month,1,Bank Withdrawal,49.85,365.55,13.01,10,302.32,664.86,3,Churned,Yes,75,2269,Competitor,Competitor offered higher download speeds,0.91
5673-FSSMF,Female,19,Yes,No,No,No,0,United States,California,Delhi,95315,37.422961,-120.765493,10159,Q3,0,0,1,Offer E,1,33.48,1,Yes,Cable,59,0,0,0,0,0,1,1,0,Month-to-Month,1,Bank Withdrawal,60.15,60.15,0.0,20,33.48,113.63,3,Churned,Yes,91,4611,Attitude,Attitude of support person,0.95
0877-SDMBN,Female,20,Yes,No,No,No,0,United States,California,San Diego,92126,32.886925,-117.152162,74232,Q3,0,0,54,,1,43.47,1,Yes,Fiber Optic,82,1,0,1,0,1,1,1,1,One Year,1,Bank Withdrawal,103.95,5639.05,0.0,0,2347.38,7986.43,3,Churned,Yes,91,6117,Competitor,Competitor made better offer,0.96
0818-OCPZO,Male,80,No,Yes,No,No,0,United States,California,Los Angeles,90059,33.927254,-118.249826,38128,Q3,0,0,27,,1,42.91,1,Yes,Fiber Optic,5,0,1,0,0,0,0,0,1,Month-to-Month,1,Bank Withdrawal,81.45,2122.05,0.0,0,1158.57,3280.62,3,Churned,Yes,83,2571,Competitor,Competitor offered more data,0.97
1236-WFCDV,Male,74,No,Yes,No,No,0,United States,California,Greenbrae,94904,37.946617,-122.563571,12010,Q3,0,0,14,,1,11.31,0,Yes,Fiber Optic,24,0,0,0,0,1,1,0,1,Month-to-Month,0,Credit Card,90.45,1266.1,0.0,0,158.34,1424.4399999999998,3,Churned,Yes,96,4777,Competitor,Competitor offered more data,0.95
4039-HEUNW,Male,77,No,Yes,Yes,No,0,United States,California,Irvine,92620,33.716136,-117.752574,26419,Q3,1,1,36,,1,16.61,1,Yes,Fiber Optic,3,0,1,0,0,1,1,0,1,Month-to-Month,1,Bank Withdrawal,96.5,3436.1,0.0,0,597.96,4034.06,3,Churned,Yes,82,4652,Price,Lack of affordable download/upload speed,0.97
5016-ETTFF,Male,46,No,No,No,No,0,United States,California,Los Angeles,90016,34.028331,-118.354338,46984,Q3,0,0,10,Offer D,0,0.0,0,Yes,DSL,30,0,0,1,0,0,0,0,0,Month-to-Month,0,Credit Card,29.5,255.25,0.0,40,0.0,295.25,3,Churned,Yes,69,3797,Dissatisfaction,Service dissatisfaction,0.8
5828-AVIPD,Male,29,Yes,No,Yes,No,0,United States,California,Sierraville,96126,39.559709,-120.345639,227,Q3,1,1,19,,1,5.93,1,Yes,Fiber Optic,51,0,0,0,1,1,1,1,1,One Year,1,Bank Withdrawal,100.95,1875.55,0.0,0,112.67,1988.22,3,Churned,Yes,73,4072,Other,Poor expertise of online support,0.98
1875-QIVME,Female,26,Yes,No,Yes,Yes,3,United States,California,Tujunga,91042,34.296574,-118.244839,26753,Q3,1,1,2,Offer E,1,11.51,1,Yes,Fiber Optic,53,0,0,1,1,1,1,1,1,Month-to-Month,1,Bank Withdrawal,104.4,242.8,45.44,0,23.02,220.38,3,Churned,Yes,83,4690,Attitude,Attitude of support person,0.96
5244-IRFIH,Male,72,No,Yes,Yes,No,0,United States,California,San Diego,92129,32.961064,-117.134917,47224,Q3,1,1,33,,1,27.78,1,Yes,Fiber Optic,8,0,0,0,0,1,1,0,1,Month-to-Month,1,Bank Withdrawal,94.5,3105.55,0.0,0,916.74,4022.29,3,Churned,Yes,91,4333,Other,Poor expertise of online support,0.93
8634-CILSZ,Male,52,No,No,No,No,0,United States,California,San Diego,92109,32.787836,-117.232376,46086,Q3,0,0,69,Offer A,1,20.44,1,Yes,Fiber Optic,3,0,1,0,1,1,1,1,1,One Year,1,Bank Withdrawal,104.7,7220.35,0.0,0,1410.36,8630.710000000001,3,Churned,Yes,71,6350,Competitor,Competitor made better offer,0.77
5981-ITEMU,Male,58,No,No,Yes,No,0,United States,California,Marshall,94940,38.129308,-122.834815,406,Q3,1,1,40,Offer B,1,16.33,1,Yes,Fiber Optic,23,0,0,0,0,1,1,1,1,Month-to-Month,1,Bank Withdrawal,97.1,3706.95,41.85,0,653.1999999999999,4318.3,3,Churned,Yes,67,3099,Competitor,Competitor offered more data,0.94
4361-JEIVL,Male,29,Yes,No,No,Yes,3,United States,California,Greenfield,93927,36.248708,-121.386617,14204,Q3,0,0,1,Offer E,1,7.14,0,Yes,DSL,52,0,0,0,0,0,0,1,1,Month-to-Month,1,Bank Withdrawal,44.4,44.4,0.0,0,7.14,51.54,3,Churned,Yes,82,4067,Attitude,Attitude of service provider,0.96
0310-MVLET,Female,63,No,No,Yes,No,0,United States,California,Snelling,95369,37.521708,-120.426843,1158,Q3,1,1,61,,1,49.33,1,Yes,Fiber Optic,7,0,1,0,0,1,1,1,1,Month-to-Month,1,Bank Withdrawal,99.15,6010.05,0.0,0,3009.13,9019.18,3,Churned,Yes,77,5612,Dissatisfaction,Service dissatisfaction,0.96
8565-CLBZW,Male,23,Yes,No,No,No,0,United States,California,San Diego,92117,32.825086,-117.199424,51213,Q3,0,0,24,,1,27.97,1,Yes,Fiber Optic,58,0,0,1,0,1,0,1,1,Month-to-Month,1,Mailed Check,89.85,2165.05,0.0,0,671.28,2836.33,3,Churned,Yes,95,2050,Competitor,Competitor made better offer,0.9
8651-ENBZX,Female,68,No,Yes,No,No,0,United States,California,Grizzly Flats,95636,38.636102,-120.522149,659,Q3,0,0,60,,1,34.39,1,Yes,Fiber Optic,17,0,0,1,1,1,1,0,0,One Year,1,Bank Withdrawal,106.0,6441.4,0.0,110,2063.4,8614.8,3,Churned,Yes,78,5507,Price,Long distance charges,0.98
7495-OOKFY,Female,74,No,Yes,Yes,Yes,1,United States,California,Los Angeles,90063,34.044271,-118.185237,55668,Q3,1,1,8,Offer E,1,48.85,1,Yes,Fiber Optic,17,0,1,0,0,0,0,0,1,Month-to-Month,1,Credit Card,80.65,633.3,0.0,0,390.8,1024.1,3,Churned,Yes,69,5302,Competitor,Competitor made better offer,0.98
6595-COKXZ,Female,63,No,No,No,No,0,United States,California,Plymouth,95669,38.489273,-120.891614,2220,Q3,0,0,1,Offer E,1,48.31,0,Yes,Cable,22,0,0,0,0,0,0,0,1,Month-to-Month,1,Mailed Check,44.45,44.45,0.0,0,48.31,92.76,3,Churned,Yes,65,4879,Attitude,Attitude of service provider,0.92
2141-RRYGO,Female,51,No,No,No,No,0,United States,California,Camino,95709,38.748316,-120.675512,4829,Q3,0,0,4,Offer E,1,10.64,0,Yes,DSL,23,0,1,0,0,1,1,1,1,Month-to-Month,1,Bank Withdrawal,68.65,261.25,0.0,0,42.56,303.81,3,Churned,Yes,76,5274,Other,Poor expertise of online support,0.94
0883-EIBTI,Female,23,Yes,No,No,No,0,United States,California,Clarksburg,95612,38.384648,-121.578701,1417,Q3,0,0,2,,1,28.02,0,No,,0,0,0,0,0,0,0,0,0,Month-to-Month,0,Mailed Check,19.5,31.55,0.0,0,56.04,87.59,3,Churned,Yes,82,2484,Dissatisfaction,Limited range of services,0.99
4349-GFQHK,Male,30,No,No,No,No,0,United States,California,Mentone,92359,34.103578,-117.04054,7324,Q3,0,0,1,Offer E,1,25.39,1,Yes,DSL,52,0,0,1,0,0,0,0,1,Month-to-Month,0,Bank Withdrawal,54.35,54.35,0.0,0,25.39,79.74000000000001,3,Churned,Yes,87,4212,Attitude,Attitude of service provider,0.98
8053-WWDRO,Female,62,No,No,Yes,No,0,United States,California,San Diego,92109,32.787836,-117.232376,46086,Q3,1,1,6,,1,31.7,0,No,,0,0,0,0,0,0,0,0,0,Month-to-Month,0,Bank Withdrawal,19.5,146.3,0.0,0,190.2,336.5,3,Churned,Yes,67,5579,Competitor,Competitor made better offer,0.98
5480-TBGPH,Female,63,No,No,Yes,No,0,United States,California,Sacramento,95842,38.687367,-121.34848,31373,Q3,0,0,24,,1,44.96,0,Yes,Fiber Optic,28,0,1,1,0,1,1,1,1,Month-to-Month,1,Credit Card,99.3,2431.35,0.0,0,1079.04,3510.39,3,Churned,Yes,69,4811,Competitor,Competitor offered more data,1.0
2272-QAGFO,Female,75,No,Yes,No,No,0,United States,California,Inglewood,90304,33.936827,-118.359824,28680,Q3,0,0,14,,1,35.07,1,Yes,Fiber Optic,10,0,0,0,0,0,0,0,1,Month-to-Month,1,Bank Withdrawal,74.3,1096.25,0.0,0,490.98,1587.23,3,Churned,Yes,71,5342,Dissatisfaction,Service dissatisfaction,0.98
4471-KXAUH,Female,58,No,No,Yes,No,0,United States,California,Woody,93287,35.710244,-118.881679,88,Q3,1,1,42,,1,10.73,1,Yes,Fiber Optic,22,0,0,1,1,0,0,0,1,Month-to-Month,1,Bank Withdrawal,84.3,3588.4,0.0,0,450.66,4039.06,3,Churned,Yes,91,2514,Attitude,Attitude of service provider,0.98
5673-TIYIB,Male,34,No,No,No,No,0,United States,California,Torrance,90502,33.833181,-118.292062,17058,Q3,0,0,2,Offer E,0,0.0,0,Yes,DSL,8,0,1,1,1,0,0,0,1,Month-to-Month,1,Credit Card,40.4,77.15,0.0,0,0.0,77.15,3,Churned,Yes,86,3620,Other,Don't know,1.0
1771-OADNZ,Male,70,No,Yes,Yes,No,0,United States,California,Pauma Valley,92061,33.313828,-116.940501,2615,Q3,1,1,29,Offer C,1,35.38,1,Yes,Fiber Optic,21,0,1,1,0,0,1,1,0,Month-to-Month,1,Bank Withdrawal,95.9,2745.2,0.0,50,1026.02,3821.22,3,Churned,Yes,95,2151,Price,Extra data charges,0.98
0875-CABNR,Female,70,No,Yes,No,No,0,United States,California,San Luis Obispo,93401,35.233745,-120.626442,27047,Q3,0,0,10,,1,16.85,0,Yes,Fiber Optic,30,0,0,1,0,0,1,1,1,Month-to-Month,1,Credit Card,84.6,865.55,0.0,0,168.5,1034.05,3,Churned,Yes,94,3320,Attitude,Attitude of support person,0.85
7394-LWLYN,Female,57,No,No,No,No,0,United States,California,Oakland,94610,37.808731,-122.238708,29964,Q3,0,0,2,,1,33.75,0,Yes,Fiber Optic,10,0,0,0,0,0,0,0,1,Month-to-Month,1,Bank Withdrawal,70.15,123.8,0.0,0,67.5,191.3,3,Joined,No,75,4840,,,0.98
5569-OUICF,Female,67,No,Yes,Yes,No,0,United States,California,San Diego,92109,32.787836,-117.232376,46086,Q3,1,1,28,Offer C,1,16.43,1,Yes,Fiber Optic,20,0,0,0,1,1,1,0,1,Month-to-Month,1,Credit Card,101.3,2812.2,0.0,0,460.04,3272.24,3,Churned,Yes,68,4994,Competitor,Competitor made better offer,0.99
4250-ZBWLV,Male,24,Yes,No,No,No,0,United States,California,Olema,94950,38.052209,-122.775567,248,Q3,0,0,68,Offer A,1,21.74,1,Yes,Fiber Optic,73,0,1,1,1,1,1,1,1,One Year,0,Bank Withdrawal,108.45,7176.55,9.68,0,1478.32,8645.19,3,Churned,Yes,65,4454,Competitor,Competitor offered higher download speeds,0.99
7321-VGNKU,Female,45,No,No,Yes,No,0,United States,California,Paskenta,96074,39.884395,-122.587513,263,Q3,1,1,2,Offer E,1,7.7,0,Yes,Fiber Optic,22,0,0,0,0,0,0,0,0,Month-to-Month,1,Bank Withdrawal,70.35,120.25,0.0,20,15.4,155.65,3,Joined,No,39,4917,,,0.99
4958-XCBDQ,Male,68,No,Yes,No,No,0,United States,California,Victorville,92394,34.567058,-117.362329,12083,Q3,0,0,35,Offer C,1,39.69,1,Yes,Fiber Optic,25,0,0,1,0,1,1,0,1,Month-to-Month,1,Bank Withdrawal,101.4,3496.3,0.0,0,1389.15,4885.45,3,Churned,Yes,92,3689,Competitor,Competitor offered more data,0.92
4274-OWWYO,Male,56,No,No,No,No,0,United States,California,Walnut Grove,95690,38.240419,-121.587535,2344,Q3,0,0,1,,1,4.8,0,Yes,Fiber Optic,11,0,1,0,0,0,0,0,1,Month-to-Month,1,Bank Withdrawal,74.35,74.35,0.0,0,4.8,79.14999999999999,3,Churned,Yes,66,5633,Other,Deceased,0.96
7774-OJSXI,Male,53,No,No,No,No,0,United States,California,South Lake Tahoe,96150,38.911577,-120.106169,33038,Q3,0,0,31,,1,9.27,1,Yes,Fiber Optic,30,0,1,1,0,1,1,1,1,One Year,1,Bank Withdrawal,103.45,3066.45,0.0,0,287.37,3353.8199999999997,3,Churned,Yes,65,5387,Dissatisfaction,Poor expertise of phone support,0.95
4013-UBXWQ,Female,33,No,No,No,No,0,United States,California,Fallbrook,92028,33.362575,-117.299644,42239,Q3,0,0,7,Offer E,1,48.82,1,Yes,Cable,19,0,0,0,1,1,1,1,1,Month-to-Month,1,Bank Withdrawal,74.65,521.1,28.35,0,341.74,834.49,3,Churned,Yes,67,4612,Competitor,Competitor made better offer,0.95
6034-ZRYCV,Female,51,No,No,Yes,No,0,United States,California,Sacramento,95837,38.691607,-121.602284,264,Q3,1,1,72,Offer A,0,0.0,0,Yes,Cable,15,0,1,1,0,1,1,1,1,Two Year,1,Bank Withdrawal,54.2,3937.45,0.0,0,0.0,3937.45,3,Churned,Yes,66,4481,Competitor,Competitor offered more data,0.96
2957-LOLHO,Male,49,No,No,No,No,0,United States,California,Fallbrook,92028,33.362575,-117.299644,42239,Q3,0,0,12,,1,11.12,0,Yes,DSL,14,0,0,0,0,0,0,0,1,Month-to-Month,1,Bank Withdrawal,45.4,518.9,0.0,0,133.44,652.3399999999999,3,Churned,Yes,68,2887,Competitor,Competitor made better offer,0.95
8809-RIHDD,Male,47,No,No,Yes,No,0,United States,California,Sacramento,95827,38.549185,-121.328386,19611,Q3,1,1,72,,1,3.07,1,Yes,Fiber Optic,23,0,1,1,0,1,1,1,1,Two Year,1,Bank Withdrawal,103.4,7372.65,0.0,0,221.04,7593.69,3,Churned,Yes,83,5055,Price,Lack of affordable download/upload speed,0.74
4283-FUTGF,Male,67,No,Yes,No,No,0,United States,California,El Sobrante,94803,37.963995,-122.288296,25399,Q3,0,0,19,,1,16.78,1,Yes,Fiber Optic,15,0,0,1,0,0,0,0,1,Month-to-Month,1,Bank Withdrawal,79.85,1471.75,0.0,0,318.82000000000005,1790.5700000000002,3,Churned,Yes,65,3715,Dissatisfaction,Network reliability,0.99
2311-QYMUQ,Female,41,No,No,Yes,No,0,United States,California,San Joaquin,93660,36.600193,-120.153393,4318,Q3,1,1,16,,1,31.73,0,Yes,Fiber Optic,25,0,1,1,0,1,0,0,1,Month-to-Month,1,Credit Card,89.45,1430.25,0.0,0,507.68,1937.93,3,Churned,Yes,73,3696,Attitude,Attitude of support person,0.98
1527-SXDPN,Male,63,No,No,Yes,No,0,United States,California,San Diego,92109,32.787836,-117.232376,46086,Q3,1,1,52,,1,46.59,1,Yes,Fiber Optic,26,0,0,1,1,0,1,1,0,Two Year,1,Bank Withdrawal,96.25,4990.25,0.0,120,2422.6800000000003,7532.93,3,Churned,Yes,90,4751,Competitor,Competitor made better offer,0.97
4659-NZRUF,Female,64,No,No,No,No,0,United States,California,Oakland,94609,37.834341,-122.26437,21097,Q3,0,0,19,Offer D,1,32.87,1,Yes,Fiber Optic,17,1,1,0,0,0,1,1,0,Month-to-Month,1,Bank Withdrawal,95.15,1789.25,0.0,120,624.53,2533.7799999999997,3,Churned,Yes,78,5830,Price,Long distance charges,1.0
9378-FXTIZ,Female,50,No,No,Yes,No,0,United States,California,San Diego,92119,32.802959,-117.027095,21866,Q3,1,1,54,,1,42.1,1,Yes,DSL,12,0,0,0,0,1,1,1,1,One Year,1,Credit Card,70.15,3715.65,0.0,0,2273.4,5989.05,3,Churned,Yes,95,4596,Dissatisfaction,Network reliability,0.98
1699-HPSBG,Male,44,No,No,No,No,0,United States,California,Palm Springs,92264,33.745746,-116.514215,18884,Q3,0,0,12,Offer D,1,9.6,0,Yes,Cable,23,0,0,0,1,1,0,0,1,One Year,1,Bank Withdrawal,59.8,727.8,0.0,0,115.2,843.0,3,Churned,Yes,69,4581,Competitor,Competitor offered higher download speeds,0.99
0727-BMPLR,Female,66,No,Yes,No,No,0,United States,California,Fresno,93706,36.654614,-119.903674,35790,Q3,0,0,55,,1,37.38,1,Yes,Fiber Optic,7,0,0,1,0,1,1,1,0,One Year,1,Bank Withdrawal,100.0,5509.3,0.0,100,2055.9,7665.200000000001,3,Churned,Yes,83,5679,Competitor,Competitor offered higher download speeds,0.96
7198-GLXTC,Male,33,No,No,No,No,0,United States,California,La Palma,90623,33.850504,-118.039892,15505,Q3,0,0,2,,1,48.66,0,Yes,Fiber Optic,21,0,0,0,0,1,0,0,1,Month-to-Month,0,Bank Withdrawal,79.0,143.65,0.0,0,97.32,240.97,3,Churned,Yes,92,5239,Attitude,Attitude of support person,0.94
0135-NMXAP,Female,57,No,No,No,No,0,United States,California,Lodi,95240,38.123544,-121.159078,45755,Q3,0,0,12,Offer D,1,14.38,1,Yes,Fiber Optic,6,0,1,0,0,1,0,0,1,Month-to-Month,1,Bank Withdrawal,89.75,1052.4,0.0,0,172.56,1224.96,3,Churned,Yes,90,5671,Attitude,Attitude of support person,0.91
2320-JRSDE,Female,33,No,No,Yes,Yes,1,United States,California,Richgrove,93261,35.809921,-119.127437,2956,Q3,1,1,1,,1,7.49,0,No,,0,0,0,0,0,0,0,0,0,Month-to-Month,1,Bank Withdrawal,19.9,19.9,0.0,0,7.49,27.39,3,Churned,Yes,73,4633,Attitude,Attitude of service provider,0.9
7854-EKTJL,Female,31,No,No,No,Yes,5,United States,California,Salinas,93901,36.64152,-121.622188,35739,Q3,0,0,2,,1,29.81,0,No,,0,0,0,0,0,0,0,0,0,Month-to-Month,1,Bank Withdrawal,19.6,35.85,0.0,0,59.62,95.47,3,Churned,Yes,66,2843,Attitude,Attitude of support person,0.95
1041-RXHRA,Female,25,Yes,No,No,No,0,United States,California,Guatay,91931,32.857946,-116.561917,796,Q3,0,0,41,,1,40.78,0,Yes,Fiber Optic,41,0,0,0,0,0,0,1,1,Month-to-Month,0,Bank Withdrawal,70.25,2868.05,0.0,0,1671.98,4540.030000000001,3,Churned,Yes,69,3407,Attitude,Attitude of support person,0.97
0203-HHYIJ,Male,62,No,No,No,No,0,United States,California,Atherton,94027,37.454924,-122.203168,6876,Q3,0,0,25,Offer C,1,5.57,1,No,,0,0,0,0,0,0,0,0,0,One Year,0,Bank Withdrawal,25.3,676.35,0.0,0,139.25,815.6,3,Churned,Yes,79,3779,Price,Long distance charges,0.93
5748-RNCJT,Male,58,No,No,No,No,0,United States,California,Sacramento,95820,38.53508,-121.444144,37031,Q3,0,0,69,Offer A,1,26.88,1,Yes,Fiber Optic,11,0,0,1,1,1,1,1,1,Two Year,1,Bank Withdrawal,106.5,7348.8,0.0,0,1854.72,9203.52,3,Churned,Yes,81,4859,Competitor,Competitor offered higher download speeds,0.9
1262-OPMFY,Female,46,No,No,Yes,No,0,United States,California,San Diego,92130,32.957195,-117.202542,28201,Q3,1,1,9,Offer E,1,31.75,0,Yes,Fiber Optic,25,0,0,1,0,0,0,0,1,Month-to-Month,1,Bank Withdrawal,75.75,655.9,0.0,0,285.75,941.65,3,Churned,Yes,92,5105,Competitor,Competitor made better offer,0.96
8922-LIEGH,Female,72,No,Yes,No,No,0,United States,California,Jolon,93928,35.930782,-121.189757,254,Q3,0,0,25,,1,36.36,1,Yes,Fiber Optic,6,0,1,0,0,0,1,0,1,Month-to-Month,1,Bank Withdrawal,89.7,2187.55,23.33,0,909.0,3073.2200000000003,3,Churned,Yes,82,4078,Dissatisfaction,Poor expertise of online support,0.97
3104-OWCGK,Male,21,Yes,No,Yes,No,0,United States,California,South Dos Palos,93665,36.959731,-120.653519,343,Q3,1,1,60,Offer B,1,33.25,0,Yes,Fiber Optic,52,0,1,1,0,1,0,1,1,One Year,0,Bank Withdrawal,90.95,5453.4,0.0,0,1995.0,7448.4,3,Churned,Yes,76,4111,Other,Moved,0.98
7480-QNVZJ,Male,65,No,Yes,No,No,0,United States,California,Los Angeles,90005,34.059281,-118.30742,43019,Q3,0,0,50,,1,18.92,1,Yes,Fiber Optic,11,0,0,0,0,1,1,1,1,Month-to-Month,1,Bank Withdrawal,95.7,4816.7,0.0,0,946.0,5762.7,3,Churned,Yes,73,4287,Dissatisfaction,Network reliability,0.95
0601-WZHJF,Male,53,No,No,Yes,No,0,United States,California,Shafter,93263,35.490705,-119.286833,15177,Q3,1,1,14,Offer D,0,0.0,0,Yes,DSL,12,0,0,0,0,1,1,1,1,Month-to-Month,0,Bank Withdrawal,46.35,667.7,0.0,0,0.0,667.7,3,Churned,Yes,76,5360,Attitude,Attitude of service provider,0.95
2055-PDADH,Female,71,No,Yes,No,No,0,United States,California,Big Bend,96011,41.096569,-121.879082,265,Q3,0,0,3,Offer E,1,2.26,0,Yes,Fiber Optic,3,0,0,0,0,0,0,0,1,Month-to-Month,1,Bank Withdrawal,70.4,204.7,0.0,0,6.779999999999999,211.48,3,Churned,Yes,67,2491,Other,Don't know,0.97
5922-ABDVO,Female,20,Yes,No,Yes,No,0,United States,California,Seal Beach,90740,33.75462,-118.071128,24180,Q3,1,1,19,Offer D,1,21.71,1,Yes,Fiber Optic,47,0,0,1,0,0,1,1,0,Month-to-Month,0,Credit Card,89.65,1761.05,0.0,80,412.49,2253.54,3,Churned,Yes,74,3046,Attitude,Attitude of support person,0.84
8111-SLLHI,Male,65,No,Yes,Yes,No,0,United States,California,San Jose,95128,37.316146,-121.936285,32804,Q3,1,1,39,,1,33.25,1,Yes,Fiber Optic,26,0,1,1,0,1,1,1,1,Month-to-Month,1,Bank Withdrawal,105.65,4284.8,0.0,0,1296.75,5581.55,3,Churned,Yes,96,4687,Attitude,Attitude of support person,0.86
4322-RCYMT,Male,63,No,No,Yes,No,0,United States,California,San Diego,92122,32.85723,-117.209774,34902,Q3,1,1,68,Offer A,1,29.18,1,Yes,DSL,18,0,1,1,1,0,1,1,0,One Year,1,Bank Withdrawal,75.8,5293.95,0.0,90,1984.24,7368.19,3,Churned,Yes,81,4903,Competitor,Competitor made better offer,0.78
0979-PHULV,Male,30,No,No,Yes,No,0,United States,California,San Diego,92122,32.85723,-117.209774,34902,Q3,1,2,69,Offer A,1,48.8,1,Yes,Fiber Optic,26,0,0,1,0,1,1,1,1,Month-to-Month,1,Credit Card,99.45,7007.6,0.0,0,3367.2,10374.8,3,Churned,Yes,80,4020,Competitor,Competitor made better offer,0.95
2382-BCKQJ,Female,41,No,No,No,No,0,United States,California,Escondido,92027,33.141265,-116.967221,48690,Q3,0,0,62,Offer B,1,32.58,1,Yes,Fiber Optic,15,0,0,1,0,1,1,1,1,One Year,1,Bank Withdrawal,100.15,6413.65,0.0,0,2019.96,8433.609999999999,3,Churned,Yes,91,5600,Competitor,Competitor made better offer,0.71
6686-YPGHK,Male,65,No,Yes,No,No,0,United States,California,Long Beach,90808,33.823943,-118.111335,37417,Q3,0,0,47,,1,36.58,0,Yes,Fiber Optic,20,1,0,0,0,0,1,1,0,Month-to-Month,0,Credit Card,85.5,4042.3,0.0,50,1719.26,5811.56,3,Churned,Yes,68,3645,Other,Moved,0.98
1508-DFXCU,Male,32,No,No,No,No,0,United States,California,Riverside,92501,33.994676,-117.372498,18999,Q3,0,0,12,,1,11.04,0,Yes,Fiber Optic,16,0,0,0,0,1,0,0,1,Month-to-Month,1,Bank Withdrawal,81.45,912.0,0.0,0,132.48,1044.48,3,Stayed,No,70,2916,,,0.92
1941-HOSAM,Male,20,Yes,No,Yes,Yes,3,United States,California,San Diego,92101,32.72523,-117.171346,27505,Q3,1,1,1,,1,24.33,0,Yes,Fiber Optic,59,0,0,0,0,1,1,1,1,Month-to-Month,1,Bank Withdrawal,90.1,90.1,0.0,0,24.33,114.43,3,Joined,No,47,4142,,,0.97
6734-GMPVK,Male,34,No,No,No,No,0,United States,California,Santa Maria,93454,34.943523,-120.256729,30540,Q3,0,0,5,Offer E,1,44.65,1,Yes,Fiber Optic,30,0,1,1,0,1,1,1,1,Month-to-Month,0,Bank Withdrawal,105.3,550.6,0.0,0,223.25,773.85,3,Stayed,No,66,4024,,,0.93
4248-HCETZ,Male,77,No,Yes,Yes,No,0,United States,California,Sacramento,95814,38.584505,-121.491956,16599,Q3,1,1,30,Offer C,1,6.23,0,Yes,Fiber Optic,4,0,1,1,0,0,0,0,1,Month-to-Month,1,Credit Card,79.65,2365.15,0.0,0,186.9,2552.05,3,Churned,Yes,73,2174,Attitude,Attitude of support person,0.89
7603-USHJS,Male,27,Yes,No,No,Yes,1,United States,California,San Gabriel,91775,34.114772,-118.089431,23444,Q3,0,0,12,Offer D,1,14.96,1,Yes,Fiber Optic,59,0,0,0,0,0,0,1,1,Month-to-Month,1,Credit Card,73.75,871.4,0.0,0,179.52,1050.92,3,Churned,Yes,78,2010,Attitude,Attitude of support person,0.98
4273-MBHYA,Female,38,No,No,No,Yes,1,United States,California,Desert Hot Springs,92241,33.832799,-116.250973,5529,Q3,0,0,1,,1,5.36,0,Yes,Fiber Optic,19,0,0,0,0,1,1,1,1,Month-to-Month,1,Bank Withdrawal,89.35,89.35,0.0,0,5.36,94.71,3,Joined,No,38,2432,,,0.87
7627-JKIAZ,Female,62,No,No,Yes,No,0,United States,California,San Jose,95116,37.350284,-121.852855,51706,Q3,0,0,37,,1,37.49,1,Yes,Fiber Optic,29,0,0,1,0,0,0,0,1,Month-to-Month,1,Credit Card,78.95,2839.65,0.0,0,1387.13,4226.780000000001,3,Churned,Yes,90,3982,Competitor,Competitor offered higher download speeds,1.0
7931-PXHFC,Male,46,No,No,No,No,0,United States,California,Duarte,91010,34.145695,-117.95982,27414,Q3,0,0,38,,1,46.21,0,Yes,Cable,14,0,0,1,1,0,1,1,1,One Year,1,Credit Card,62.3,2354.8,0.0,0,1755.98,4110.780000000001,3,Churned,Yes,83,3818,Dissatisfaction,Poor expertise of phone support,0.94
2897-DOVND,Male,31,No,No,No,No,0,United States,California,Winterhaven,92283,32.852947,-114.850784,3663,Q3,0,0,2,,1,11.19,0,Yes,Fiber Optic,14,0,0,0,0,0,0,0,0,Month-to-Month,1,Bank Withdrawal,69.8,146.65,0.0,10,22.38,179.03,3,Joined,No,26,3527,,,0.81
8945-MUQUF,Male,22,Yes,No,No,No,0,United States,California,Fallbrook,92028,33.362575,-117.299644,42239,Q3,0,0,51,Offer B,1,44.77,1,Yes,Fiber Optic,58,1,1,0,0,1,0,1,1,One Year,1,Bank Withdrawal,94.8,4837.6,0.0,0,2283.27,7120.870000000001,3,Churned,Yes,94,5074,Competitor,Competitor made better offer,0.97
4576-CSAJH,Male,22,Yes,No,No,No,0,United States,California,San Diego,92121,32.898613,-117.202937,4258,Q3,0,0,22,,1,33.53,0,Yes,DSL,59,0,1,0,1,0,0,0,1,One Year,1,Credit Card,55.15,1193.05,0.0,0,737.6600000000001,1930.71,3,Churned,Yes,90,5866,Competitor,Competitor made better offer,0.96
8625-AZYZY,Male,51,No,No,Yes,No,0,United States,California,Anza,92539,33.527605,-116.666551,3745,Q3,1,2,24,Offer C,1,3.0,1,Yes,Fiber Optic,15,0,1,1,0,1,1,1,1,Month-to-Month,1,Bank Withdrawal,104.65,2542.45,0.0,0,72.0,2614.45,3,Churned,Yes,72,4734,Competitor,Competitor made better offer,0.94
7130-VTEWQ,Female,74,No,Yes,No,No,0,United States,California,San Rafael,94903,38.018065,-122.546024,28403,Q3,0,0,8,,1,13.8,1,Yes,Fiber Optic,6,0,0,0,0,0,0,0,1,Month-to-Month,1,Bank Withdrawal,75.75,606.25,0.0,0,110.4,716.65,3,Churned,Yes,92,4174,Competitor,Competitor offered more data,0.98
6680-WKXRZ,Female,32,No,No,No,No,0,United States,California,Antioch,94509,37.980057,-121.801599,90891,Q3,0,0,3,,1,23.82,1,Yes,Fiber Optic,24,0,0,0,0,0,0,0,1,Month-to-Month,0,Bank Withdrawal,74.4,215.8,0.0,0,71.46000000000001,287.26,3,Churned,Yes,90,2054,Other,Don't know,0.98
0516-VRYBW,Female,39,No,No,No,No,0,United States,California,Stanton,90680,33.801869,-117.995068,29694,Q3,0,0,18,Offer D,1,8.95,0,No,,0,0,0,0,0,0,0,0,0,One Year,0,Bank Withdrawal,20.15,390.85,0.0,0,161.1,551.95,3,Churned,Yes,85,4931,Attitude,Attitude of support person,0.93
0268-QKIWO,Female,41,No,No,No,No,0,United States,California,Pilot Hill,95664,38.803731,-121.043799,1173,Q3,0,0,3,Offer E,1,24.63,0,No,,0,0,0,0,0,0,0,0,0,Month-to-Month,0,Bank Withdrawal,19.75,58.85,0.0,0,73.89,132.74,3,Churned,Yes,83,2647,Attitude,Attitude of support person,0.85
8263-JQAIK,Male,66,No,Yes,No,No,0,United States,California,Palmdale,93591,34.598221,-117.79593,6787,Q3,0,0,2,,0,0.0,0,Yes,DSL,6,0,0,0,0,0,0,0,1,Month-to-Month,1,Credit Card,24.45,47.5,0.0,0,0.0,47.5,3,Churned,Yes,77,5573,Competitor,Competitor offered more data,0.94
5510-BOIUJ,Male,35,No,No,No,Yes,7,United States,California,Visalia,93277,36.303793,-119.375646,44741,Q3,0,0,1,,1,12.81,0,No,,0,0,0,0,0,0,0,0,0,Month-to-Month,0,Credit Card,19.25,19.25,0.0,0,12.81,32.06,3,Churned,Yes,80,5437,Attitude,Attitude of service provider,0.97
1644-IRKSF,Female,48,No,No,Yes,No,0,United States,California,La Palma,90623,33.850504,-118.039892,15505,Q3,1,5,33,,1,20.02,0,Yes,Fiber Optic,27,0,0,1,0,1,1,1,1,One Year,1,Bank Withdrawal,93.8,3124.5,0.0,0,660.66,3785.16,3,Churned,Yes,76,5080,Attitude,Attitude of support person,0.96
0115-TFERT,Male,24,Yes,No,Yes,No,0,United States,California,Fresno,93650,36.841655,-119.797113,3258,Q3,1,1,21,,1,36.26,1,Yes,Fiber Optic,59,0,1,1,1,1,1,1,0,Month-to-Month,1,Bank Withdrawal,111.2,2317.1,0.0,120,761.4599999999999,3198.56,3,Churned,Yes,89,4123,Attitude,Attitude of service provider,0.74
2533-QVMSK,Male,46,No,No,Yes,No,0,United States,California,March Air Reserve Base,92518,33.888323,-117.277533,1005,Q3,1,9,61,Offer B,1,26.94,1,Yes,Fiber Optic,11,0,1,0,1,1,0,0,1,Two Year,1,Bank Withdrawal,94.1,5638.3,0.0,0,1643.34,7281.64,3,Churned,Yes,71,6295,Competitor,Competitor offered more data,0.9
8290-YWKHZ,Female,69,No,Yes,Yes,No,0,United States,California,Fallbrook,92028,33.362575,-117.299644,42239,Q3,1,1,32,,1,33.74,1,Yes,Fiber Optic,6,0,0,0,0,1,1,0,1,Month-to-Month,1,Bank Withdrawal,93.2,2931.0,17.88,0,1079.68,3992.8,3,Churned,Yes,90,5247,Competitor,Competitor made better offer,0.97
2530-ENDWQ,Female,55,No,No,Yes,No,0,United States,California,Rio Dell,95562,40.485849,-124.163234,3284,Q3,1,2,71,Offer A,1,40.52,1,Yes,Fiber Optic,17,0,0,0,0,1,1,1,1,Two Year,1,Bank Withdrawal,93.7,6585.35,0.0,0,2876.92,9462.27,3,Churned,Yes,91,4296,Competitor,Competitor offered more data,0.96
4785-QRJHC,Male,80,No,Yes,Yes,No,0,United States,California,San Francisco,94132,37.722302,-122.491129,26297,Q3,1,1,46,,0,0.0,0,Yes,DSL,15,0,1,1,1,1,1,0,0,One Year,1,Bank Withdrawal,59.9,2816.65,0.0,150,0.0,2966.65,3,Churned,Yes,80,4011,Competitor,Competitor offered higher download speeds,0.97
7854-EDSSA,Male,46,No,No,No,No,0,United States,California,Santa Rosa,95404,38.526941,-122.709096,35057,Q3,0,0,22,Offer D,1,49.43,1,Yes,Cable,17,1,1,0,0,0,0,0,1,Month-to-Month,0,Bank Withdrawal,59.0,1254.7,0.0,0,1087.46,2342.16,3,Churned,Yes,77,2195,Dissatisfaction,Poor expertise of online support,0.95
6323-AYBRX,Male,51,No,No,No,No,0,United States,California,Ontario,91762,34.057256,-117.667677,54254,Q3,0,0,59,,1,26.63,0,No,,0,0,0,0,0,0,0,0,0,Two Year,0,Credit Card,19.35,1099.6,14.22,0,1571.1699999999998,2656.5499999999997,3,Churned,Yes,83,5084,Price,Price too high,0.97
5057-LCOUI,Female,35,No,No,No,No,0,United States,California,Nipomo,93444,35.050345,-120.489599,15405,Q3,0,0,39,Offer C,0,0.0,0,Yes,DSL,4,0,0,1,0,1,1,1,1,Month-to-Month,1,Bank Withdrawal,50.75,2011.4,0.0,0,0.0,2011.4,3,Churned,Yes,94,4119,Attitude,Attitude of support person,0.98
2484-DGXPZ,Female,45,No,No,Yes,No,0,United States,California,San Dimas,91773,34.102119,-117.815532,33878,Q3,1,1,31,,1,30.07,0,No,,0,0,0,0,0,0,0,0,0,Month-to-Month,1,Credit Card,19.55,658.95,0.0,0,932.17,1591.12,3,Churned,Yes,67,2687,Attitude,Attitude of support person,0.97
8397-MVTAZ,Male,22,Yes,No,Yes,No,0,United States,California,Sun City,92587,33.69887,-117.25071,13151,Q3,1,2,34,Offer C,1,23.09,1,Yes,Fiber Optic,52,0,0,1,0,1,1,1,0,Month-to-Month,1,Bank Withdrawal,100.05,3480.0,0.0,20,785.06,4285.0599999999995,3,Churned,Yes,72,2568,Other,Poor expertise of online support,0.91
5480-HPRRX,Female,80,No,Yes,No,No,0,United States,California,Glendora,91740,34.119363,-117.855059,25135,Q3,0,0,3,,0,0.0,0,Yes,DSL,30,0,0,0,0,0,0,0,1,Month-to-Month,0,Bank Withdrawal,25.3,77.75,0.0,0,0.0,77.75,3,Churned,Yes,74,3542,Attitude,Attitude of support person,0.95
4791-QRGMF,Male,33,No,No,Yes,No,0,United States,California,Miranda,95553,40.210895,-123.86,867,Q3,1,1,59,Offer B,1,10.76,1,Yes,Fiber Optic,5,0,0,1,0,1,1,1,1,One Year,1,Bank Withdrawal,99.5,5961.1,0.0,0,634.84,6595.9400000000005,3,Churned,Yes,76,6098,Competitor,Competitor offered more data,0.77
9651-GTSAQ,Female,44,No,No,Yes,No,0,United States,California,Corning,96021,39.913777,-122.289984,13840,Q3,1,1,53,,1,30.09,0,Yes,Fiber Optic,11,1,1,1,0,1,1,1,1,One Year,1,Bank Withdrawal,106.1,5769.75,0.0,0,1594.77,7364.52,3,Churned,Yes,94,4471,Attitude,Attitude of support person,0.98
9025-ZRPVR,Male,59,No,No,No,No,0,United States,California,Pacific Grove,93950,36.618337,-121.926417,15449,Q3,0,0,9,Offer E,1,49.74,0,No,,0,0,0,0,0,0,0,0,0,Month-to-Month,1,Credit Card,18.95,185.6,0.0,0,447.66,633.26,3,Churned,Yes,78,5403,Attitude,Attitude of support person,0.99
6583-QGCSI,Female,79,No,Yes,Yes,No,0,United States,California,Indian Wells,92210,33.537646,-116.291089,3873,Q3,1,1,50,Offer B,1,37.12,1,Yes,Fiber Optic,4,0,1,0,0,1,0,0,0,Month-to-Month,1,Bank Withdrawal,88.05,4367.35,0.0,100,1856.0,6323.35,3,Churned,Yes,87,5813,Competitor,Competitor made better offer,0.71
9696-RMYBA,Male,56,No,No,No,No,0,United States,California,Los Angeles,90003,33.964131,-118.272783,58198,Q3,0,0,5,,1,12.35,0,Yes,Fiber Optic,13,0,0,0,0,1,0,0,1,Month-to-Month,1,Credit Card,80.1,398.55,0.0,0,61.75,460.3,3,Stayed,No,22,5225,,,0.97
5440-FLBQG,Male,69,No,Yes,Yes,No,0,United States,California,Santa Barbara,93110,34.437945,-119.77191,15757,Q3,1,1,69,Offer A,1,48.88,1,Yes,Fiber Optic,4,0,1,1,1,1,1,0,1,Two Year,1,Bank Withdrawal,108.4,7318.2,0.0,0,3372.7200000000003,10690.92,3,Churned,Yes,73,4708,Attitude,Attitude of service provider,0.97
4464-JCOLN,Male,40,No,No,Yes,No,0,United States,California,Huron,93234,36.217864,-120.080117,6918,Q3,1,2,2,Offer E,1,15.14,0,No,,0,0,0,0,0,0,0,0,0,One Year,0,Mailed Check,19.85,35.9,0.0,0,30.28,66.18,3,Churned,Yes,68,2362,Attitude,Attitude of support person,0.95
4597-ELFTS,Male,57,No,No,No,No,0,United States,California,Glendale,91206,34.162515,-118.203869,31297,Q3,0,0,56,,1,2.58,1,No,,0,0,0,0,0,0,0,0,0,One Year,0,Bank Withdrawal,24.9,1334.0,0.0,0,144.48000000000002,1478.48,3,Churned,Yes,92,5327,Attitude,Attitude of support person,0.95
8166-ZZTFS,Female,74,No,Yes,Yes,No,0,United States,California,Roseville,95661,38.736685,-121.251984,25173,Q3,1,1,66,,1,21.7,1,Yes,Cable,3,0,1,1,0,1,1,0,1,Two Year,1,Bank Withdrawal,80.55,5265.1,0.0,0,1432.2,6697.3,3,Churned,Yes,94,4400,Attitude,Attitude of support person,0.88
5202-IVJNU,Female,56,No,No,No,Yes,2,United States,California,Crockett,94525,38.049292,-122.228415,3193,Q3,0,0,39,,0,0.0,0,Yes,DSL,24,0,0,1,0,0,0,0,0,Month-to-Month,0,Credit Card,30.1,1131.3,0.0,150,0.0,1281.3,3,Churned,Yes,72,3106,Dissatisfaction,Network reliability,0.99
2626-URJFX,Male,55,No,No,Yes,Yes,3,United States,California,Termo,96132,41.027281,-120.669427,72,Q3,1,1,4,Offer E,1,8.58,1,Yes,DSL,57,0,0,0,0,0,0,0,1,Month-to-Month,1,Bank Withdrawal,50.9,225.6,0.0,0,34.32,259.92,3,Churned,Yes,69,5691,Dissatisfaction,Network reliability,0.94
6877-LGWXO,Male,66,No,Yes,Yes,No,0,United States,California,Pleasanton,94588,37.685052,-121.912061,28568,Q3,1,1,18,Offer D,1,4.98,0,Yes,Fiber Optic,18,0,0,0,0,0,1,0,1,Month-to-Month,0,Bank Withdrawal,78.55,1422.65,0.0,0,89.64000000000001,1512.2900000000002,3,Churned,Yes,84,3521,Attitude,Attitude of support person,0.99
4818-DRBQT,Male,29,Yes,No,Yes,No,0,United States,California,Farmersville,93223,36.29878,-119.201028,8644,Q3,1,1,29,Offer C,1,26.03,1,Yes,Fiber Optic,47,0,1,0,0,0,0,0,1,Month-to-Month,1,Bank Withdrawal,80.15,2265.25,0.0,0,754.87,3020.12,3,Churned,Yes,83,5189,Attitude,Attitude of support person,0.75
4597-NUCQV,Male,65,No,Yes,No,No,0,United States,California,Oakland,94601,37.776523,-122.219268,54876,Q3,0,0,24,,1,28.98,1,Yes,Fiber Optic,30,0,1,0,0,1,1,1,1,Month-to-Month,1,Bank Withdrawal,101.25,2440.15,0.0,0,695.52,3135.67,3,Churned,Yes,87,4287,Attitude,Attitude of support person,0.96
3259-FDWOY,Male,60,No,No,Yes,No,0,United States,California,Elk Grove,95758,38.35363,-121.44195,47065,Q3,1,3,71,Offer A,1,47.34,1,Yes,Fiber Optic,12,0,1,1,0,1,1,1,1,Two Year,1,Bank Withdrawal,106.0,7723.7,0.0,0,3361.1400000000003,11084.84,3,Churned,Yes,81,4072,Competitor,Competitor offered higher download speeds,0.96
7892-POOKP,Female,23,Yes,No,Yes,Yes,3,United States,California,Los Angeles,90010,34.062125,-118.315709,1957,Q3,0,0,28,Offer C,1,4.89,1,Yes,Fiber Optic,47,0,0,1,1,1,1,1,1,Month-to-Month,1,Bank Withdrawal,104.8,3046.05,0.0,0,136.92,3182.9700000000003,3,Churned,Yes,84,5003,Other,Moved,0.94
0840-DFEZH,Female,63,No,No,No,No,0,United States,California,Los Angeles,90036,34.070291,-118.349191,32901,Q3,0,0,7,,1,25.17,1,Yes,Fiber Optic,17,0,0,0,0,0,0,0,1,Month-to-Month,1,Bank Withdrawal,75.35,564.65,0.0,0,176.19,740.8399999999999,3,Stayed,No,37,4989,,,0.97
1391-UBDAR,Male,27,Yes,No,No,No,0,United States,California,Riverside,92504,33.9108,-117.398153,46550,Q3,0,0,11,Offer D,1,18.33,0,Yes,Fiber Optic,76,0,0,1,0,0,0,0,1,Month-to-Month,0,Bank Withdrawal,72.9,818.45,0.0,0,201.63,1020.08,3,Stayed,No,71,3042,,,0.93
9465-RWMXL,Male,62,No,No,Yes,No,0,United States,California,San Diego,92126,32.886925,-117.152162,74232,Q3,1,1,32,Offer C,1,22.57,1,Yes,Fiber Optic,11,0,0,1,0,0,0,0,1,Month-to-Month,1,Bank Withdrawal,78.9,2447.95,0.0,0,722.24,3170.1899999999996,3,Churned,Yes,90,5949,Competitor,Competitor made better offer,1.0
3085-QUOZK,Female,55,No,No,No,No,0,United States,California,Alpine,91901,32.827184,-116.703729,16486,Q3,0,0,1,Offer E,1,34.48,0,Yes,Cable,9,0,0,0,0,0,0,0,1,Month-to-Month,0,Credit Card,43.95,43.95,0.0,0,34.48,78.43,3,Churned,Yes,76,3238,Attitude,Attitude of service provider,0.89
7951-QKZPL,Female,21,Yes,No,Yes,No,0,United States,California,Saint Helena,94574,38.581354,-122.296283,9423,Q3,1,1,33,,1,35.31,1,No,,0,0,0,0,0,0,0,0,0,Two Year,1,Credit Card,24.5,740.3,35.05,0,1165.23,1870.48,3,Churned,Yes,77,5194,Price,Long distance charges,0.95
2091-MJTFX,Female,57,No,No,Yes,Yes,2,United States,California,Auburn,95602,38.99003,-121.114408,18197,Q3,1,1,30,,0,0.0,0,Yes,DSL,12,0,0,0,1,1,1,1,1,Month-to-Month,0,Credit Card,51.2,1561.5,0.0,0,0.0,1561.5,3,Churned,Yes,79,4568,Dissatisfaction,Network reliability,0.96
2667-WYLWJ,Female,44,No,No,Yes,No,0,United States,California,Dunnigan,95937,38.931425,-121.946081,19,Q3,1,1,8,Offer E,1,46.13,0,No,,0,0,0,0,0,0,0,0,0,One Year,1,Credit Card,19.75,145.0,0.0,0,369.04,514.04,3,Churned,Yes,89,2247,Price,Long distance charges,0.98
8073-IJDCM,Female,44,No,No,No,No,0,United States,California,Rescue,95672,38.724322,-120.991237,3815,Q3,0,0,1,Offer E,1,26.37,0,No,,0,0,0,0,0,0,0,0,0,Month-to-Month,1,Mailed Check,20.3,20.3,0.0,0,26.37,46.67,3,Churned,Yes,67,3830,Price,Long distance charges,0.98
3313-QKNKB,Male,24,Yes,No,Yes,No,0,United States,California,Pebble Beach,93953,36.587497,-121.944815,4602,Q3,0,0,59,Offer B,1,6.91,1,Yes,Fiber Optic,52,0,0,0,0,0,1,1,1,One Year,0,Bank Withdrawal,85.55,5084.65,0.0,0,407.69,5492.339999999999,3,Churned,Yes,80,6304,Competitor,Competitor offered more data,0.91
1205-WNWPJ,Female,54,No,No,No,No,0,United States,California,Lakehead,96051,40.883853,-122.418258,1236,Q3,0,0,7,Offer E,1,2.24,0,Yes,DSL,22,0,0,0,1,1,0,0,1,Month-to-Month,1,Credit Card,59.5,415.95,0.0,0,15.68,431.63,3,Churned,Yes,91,4661,Other,Moved,0.88
2995-UPRYS,Female,74,No,Yes,Yes,No,0,United States,California,Long Beach,90802,33.752524,-118.210737,38427,Q3,1,1,40,,1,19.76,0,Yes,Fiber Optic,22,0,1,0,1,1,1,1,1,One Year,1,Credit Card,99.2,4062.2,0.0,0,790.4000000000001,4852.6,3,Churned,Yes,69,5098,Other,Moved,0.91
2659-VXMWZ,Male,58,No,No,Yes,No,0,United States,California,Newport Coast,92657,33.603282,-117.821841,5597,Q3,0,0,67,Offer A,1,29.24,1,Yes,Fiber Optic,21,1,1,1,0,1,1,1,1,One Year,1,Bank Withdrawal,111.3,7482.1,0.0,0,1959.08,9441.18,3,Churned,Yes,85,4146,Attitude,Attitude of support person,0.88
0607-DAAHE,Male,62,No,No,No,No,0,United States,California,Olivehurst,95961,39.082568,-121.55325,6439,Q3,0,0,53,Offer B,1,26.21,0,No,,0,0,0,0,0,0,0,0,0,Two Year,0,Bank Withdrawal,19.75,1052.35,0.0,0,1389.13,2441.48,3,Churned,Yes,66,6265,Price,Long distance charges,0.96
5307-DZCVC,Female,78,No,Yes,Yes,No,0,United States,California,Sacramento,95835,38.685069,-121.543709,854,Q3,0,0,32,Offer C,1,48.95,1,Yes,Fiber Optic,9,0,0,0,0,1,0,0,1,Month-to-Month,1,Credit Card,85.95,2628.6,0.0,0,1566.4,4195.0,3,Churned,Yes,74,2431,Price,Extra data charges,0.99
6982-UQZLY,Female,80,No,Yes,Yes,No,0,United States,California,Los Alamos,93440,34.758699,-120.275839,1328,Q3,1,1,1,Offer E,1,22.86,0,No,,0,0,0,0,0,0,0,0,0,Month-to-Month,1,Credit Card,20.85,20.85,0.0,0,22.86,43.71,3,Churned,Yes,90,3817,Attitude,Attitude of support person,0.99
0410-IPFTY,Female,64,No,No,Yes,No,0,United States,California,Long Beach,90822,33.778436,-118.118648,425,Q3,1,1,31,Offer C,1,12.03,0,Yes,Fiber Optic,9,0,1,0,0,0,1,1,1,Month-to-Month,1,Bank Withdrawal,83.85,2674.15,11.37,0,372.93,3035.71,3,Stayed,No,56,4283,,,0.94
5960-MVTUK,Male,58,No,No,No,No,0,United States,California,Grenada,96038,41.599978,-122.539381,616,Q3,0,0,3,Offer E,0,0.0,0,Yes,DSL,18,0,0,0,1,0,0,0,1,Month-to-Month,1,Bank Withdrawal,29.75,96.85,0.0,0,0.0,96.85,3,Joined,No,55,3425,,,0.99
8868-WOZGU,Male,33,No,No,No,No,0,United States,California,Porterville,93257,36.008958,-118.891593,65566,Q3,0,0,28,Offer C,1,30.48,1,Yes,Fiber Optic,13,0,1,1,0,1,1,1,0,Month-to-Month,1,Bank Withdrawal,105.7,2979.5,0.0,80,853.44,3912.94,3,Churned,Yes,72,2464,Dissatisfaction,Service dissatisfaction,0.96
3976-BWUCK,Female,63,No,No,Yes,No,0,United States,California,San Diego,92130,32.957195,-117.202542,28201,Q3,1,1,30,,1,7.01,1,Yes,Fiber Optic,24,0,1,0,1,1,0,0,1,Month-to-Month,1,Credit Card,94.1,2804.45,0.0,0,210.3,3014.75,3,Churned,Yes,94,5255,Competitor,Competitor made better offer,0.96
1009-IRMNA,Female,27,Yes,No,No,No,0,United States,California,Port Hueneme,93041,34.110124,-119.100972,25634,Q3,0,0,7,Offer E,1,16.04,0,No,,0,0,0,0,0,0,0,0,0,Month-to-Month,0,Bank Withdrawal,20.0,137.6,0.0,0,112.28,249.88,3,Churned,Yes,91,4479,Attitude,Attitude of support person,0.97
6168-WFVVF,Female,69,No,Yes,No,No,0,United States,California,San Diego,92126,32.886925,-117.152162,74232,Q3,0,0,3,,1,5.54,0,Yes,Fiber Optic,16,0,0,0,0,0,0,0,1,Month-to-Month,1,Bank Withdrawal,70.3,235.5,0.0,0,16.62,252.12,3,Churned,Yes,91,5165,Competitor,Competitor made better offer,0.94
3318-NMQXL,Male,58,No,No,No,No,0,United States,California,El Monte,91731,34.079934,-118.046695,30211,Q3,0,0,3,Offer E,1,15.6,0,Yes,Fiber Optic,9,0,0,0,0,1,1,1,1,Month-to-Month,1,Bank Withdrawal,92.0,266.8,0.0,0,46.8,313.6,3,Joined,No,42,4345,,,0.99
7145-FEJWU,Female,62,No,No,No,Yes,2,United States,California,San Francisco,94134,37.721052,-122.413573,40137,Q3,0,0,12,,1,16.96,1,Yes,Fiber Optic,18,0,1,1,0,1,1,1,1,Month-to-Month,1,Bank Withdrawal,105.3,1275.65,0.0,0,203.52,1479.17,3,Stayed,No,72,5913,,,0.83
8118-TJAFG,Male,33,No,No,Yes,Yes,1,United States,California,Gardena,90247,33.890853,-118.297967,47758,Q3,1,1,9,,1,36.94,0,Yes,Fiber Optic,16,0,1,0,1,1,1,1,1,Month-to-Month,1,Bank Withdrawal,101.5,906.85,0.0,0,332.46,1239.31,3,Stayed,No,60,2757,,,0.91
3317-HRTNN,Female,79,No,Yes,No,No,0,United States,California,San Diego,92109,32.787836,-117.232376,46086,Q3,0,0,5,,0,0.0,0,Yes,DSL,15,0,0,0,0,1,1,0,1,Month-to-Month,0,Bank Withdrawal,45.7,198.0,0.0,0,0.0,198.0,3,Churned,Yes,73,3561,Competitor,Competitor made better offer,0.98
6986-IXNDM,Male,47,No,No,No,No,0,United States,California,Three Rivers,93271,36.413433,-118.854708,2318,Q3,0,0,14,Offer D,1,27.8,0,Yes,Fiber Optic,17,0,0,0,0,1,1,1,1,Month-to-Month,1,Bank Withdrawal,92.9,1337.45,0.0,0,389.2,1726.65,3,Stayed,No,38,4296,,,0.8
4912-PIGUY,Female,44,No,No,No,No,0,United States,California,Perris,92571,33.828289,-117.201666,26357,Q3,0,0,1,Offer E,1,7.34,1,Yes,Fiber Optic,11,0,0,0,0,1,0,0,0,Month-to-Month,1,Bank Withdrawal,84.6,84.6,0.0,0,7.34,91.94,3,Joined,No,46,2196,,,0.95
9600-UDOPK,Male,33,No,No,Yes,No,0,United States,California,San Francisco,94117,37.770533,-122.445121,38756,Q3,1,1,30,Offer C,1,10.5,1,Yes,Fiber Optic,22,0,0,0,0,1,1,1,1,Month-to-Month,1,Credit Card,94.05,2866.45,0.0,0,315.0,3181.45,3,Churned,Yes,68,4095,Attitude,Attitude of support person,1.0
1728-BQDMA,Female,22,Yes,No,No,No,0,United States,California,Penryn,95663,38.859093,-121.182872,2048,Q3,0,0,2,Offer E,1,18.7,0,Yes,DSL,59,0,0,0,0,0,0,0,1,Month-to-Month,0,Bank Withdrawal,44.45,82.7,0.0,0,37.4,120.1,3,Joined,No,26,5694,,,0.91
8436-BJUMM,Male,62,No,No,Yes,No,0,United States,California,Albany,94706,37.890274,-122.295192,15882,Q3,1,1,26,Offer C,1,35.9,1,Yes,Cable,26,0,0,0,0,1,0,0,1,Month-to-Month,1,Bank Withdrawal,83.75,2070.6,0.0,0,933.4,3004.0,3,Churned,Yes,84,2404,Competitor,Competitor offered higher download speeds,0.83
1098-TDVUQ,Female,34,No,No,No,No,0,United States,California,Spring Valley,91977,32.726627,-116.994608,56100,Q3,0,0,1,Offer E,1,9.44,0,No,,0,0,0,0,0,0,0,0,0,Month-to-Month,1,Bank Withdrawal,19.25,19.25,0.0,0,9.44,28.69,3,Joined,No,66,4745,,,0.85
4800-VHZKI,Female,59,No,No,No,No,0,United States,California,San Diego,92122,32.85723,-117.209774,34902,Q3,0,0,1,Offer E,1,36.63,0,No,,0,0,0,0,0,0,0,0,0,Month-to-Month,1,Credit Card,19.9,19.9,0.0,0,36.63,56.53,3,Churned,Yes,92,3351,Competitor,Competitor made better offer,0.93
8696-JKZNU,Female,78,No,Yes,No,No,0,United States,California,Anderson,96007,40.448632,-122.306657,21418,Q3,0,0,37,Offer C,1,26.95,1,Yes,Fiber Optic,17,0,0,0,0,0,0,0,1,Month-to-Month,1,Bank Withdrawal,76.25,2841.55,0.0,0,997.15,3838.7,3,Churned,Yes,91,5859,Other,Don't know,0.98
9638-JIQYA,Male,22,Yes,No,No,No,0,United States,California,Ballico,95303,37.4695,-120.672724,809,Q3,0,0,2,,0,0.0,0,Yes,DSL,48,0,0,0,0,0,0,0,0,Month-to-Month,1,Credit Card,24.9,49.7,0.0,10,0.0,59.7,3,Joined,No,41,4033,,,0.79
3082-VQXNH,Male,62,No,No,Yes,No,0,United States,California,Hat Creek,96040,40.789799,-121.474529,397,Q3,1,1,3,Offer E,0,0.0,0,Yes,DSL,4,0,1,0,0,0,0,0,1,Month-to-Month,0,Credit Card,29.8,94.4,0.0,0,0.0,94.4,3,Joined,No,32,5614,,,0.97
3679-XASPY,Female,38,No,No,Yes,Yes,2,United States,California,Inglewood,90305,33.958134,-118.330905,13779,Q3,1,1,1,Offer E,1,16.44,0,No,,0,0,0,0,0,0,0,0,0,Month-to-Month,0,Bank Withdrawal,19.45,19.45,0.0,0,16.44,35.89,3,Joined,No,26,5612,,,0.99
9314-IJWSQ,Female,46,No,No,Yes,Yes,3,United States,California,Meridian,95957,39.068071,-121.832638,776,Q3,1,1,14,Offer D,1,26.58,1,Yes,Fiber Optic,53,0,0,0,0,1,0,0,1,Month-to-Month,1,Bank Withdrawal,84.8,1203.9,0.0,0,372.12,1576.02,3,Stayed,No,80,2452,,,0.75
1087-UDSIH,Female,38,No,No,No,No,0,United States,California,Concord,94520,38.013825,-122.039144,36186,Q3,0,0,3,Offer E,1,13.28,0,No,,0,0,0,0,0,0,0,0,0,Month-to-Month,1,Credit Card,19.6,59.75,0.0,0,39.84,99.59,3,Churned,Yes,81,5000,Attitude,Attitude of support person,0.94
8734-DKSTZ,Female,20,Yes,No,Yes,Yes,2,United States,California,Winterhaven,92283,32.852947,-114.850784,3663,Q3,0,0,10,Offer D,1,6.5,1,Yes,Fiber Optic,76,0,0,0,0,0,1,1,1,Month-to-Month,0,Bank Withdrawal,85.95,858.6,0.0,0,65.0,923.6,3,Stayed,No,20,4922,,,0.94
5498-TXHLF,Female,39,No,No,Yes,No,0,United States,California,Whitmore,96096,40.637105,-121.906949,843,Q3,1,1,34,,1,40.78,1,Yes,Fiber Optic,4,0,0,1,0,1,0,0,1,Month-to-Month,0,Bank Withdrawal,87.45,2874.15,0.0,0,1386.52,4260.67,3,Churned,Yes,91,3358,Price,Extra data charges,0.96
2748-MYRVK,Female,22,Yes,No,No,No,0,United States,California,Fresno,93702,36.739385,-119.753649,47999,Q3,0,0,63,Offer B,1,8.38,1,Yes,Fiber Optic,59,0,1,0,0,1,1,1,1,One Year,0,Bank Withdrawal,99.9,6137.0,0.0,0,527.94,6664.9400000000005,3,Churned,Yes,71,4776,Price,Long distance charges,0.92
1043-YCUTE,Male,19,Yes,No,Yes,No,0,United States,California,Hayward,94544,37.639215,-122.037554,72993,Q3,1,1,56,Offer B,1,13.2,1,No,,0,0,0,0,0,0,0,0,0,Two Year,1,Credit Card,25.15,1327.15,0.0,0,739.1999999999999,2066.35,3,Churned,Yes,79,6484,Dissatisfaction,Service dissatisfaction,0.98
1641-RQDAY,Female,77,No,Yes,Yes,Yes,2,United States,California,Wallace,95254,38.192608,-120.957842,304,Q3,1,1,32,Offer C,1,49.21,1,Yes,Fiber Optic,19,0,1,0,0,1,1,0,1,One Year,1,Bank Withdrawal,100.4,3217.65,0.0,0,1574.72,4792.37,3,Stayed,No,59,4848,,,0.94
7845-URHJN,Female,24,Yes,No,Yes,No,0,United States,California,Hacienda Heights,91745,33.998471,-117.973758,53686,Q3,1,1,8,,1,11.35,0,No,,0,0,0,0,0,0,0,0,0,Month-to-Month,0,Bank Withdrawal,20.15,156.25,0.0,0,90.8,247.05,3,Churned,Yes,91,4785,Price,Price too high,0.96
2657-ALMWY,Female,65,No,Yes,Yes,No,0,United States,California,Simi Valley,93065,34.269449,-118.768471,64802,Q3,1,1,26,Offer C,1,18.26,0,Yes,Fiber Optic,3,0,1,0,0,0,1,1,1,Month-to-Month,0,Bank Withdrawal,84.95,2169.75,0.0,0,474.7600000000001,2644.51,3,Churned,Yes,75,4316,Price,Price too high,0.94
6532-YLWSI,Female,25,Yes,No,Yes,No,0,United States,California,Crescent Mills,95934,40.080342,-120.957805,178,Q3,1,1,53,Offer B,1,37.85,0,No,,0,0,0,0,0,0,0,0,0,One Year,0,Bank Withdrawal,20.8,1021.8,0.0,0,2006.05,3027.8500000000004,3,Churned,Yes,78,4166,Price,Price too high,1.0
7668-XCFYV,Female,77,No,Yes,Yes,No,0,United States,California,Glendora,91741,34.14649,-117.849815,24973,Q3,1,9,17,,1,3.83,1,Yes,Fiber Optic,20,0,0,0,0,1,1,0,1,Month-to-Month,1,Bank Withdrawal,92.55,1614.7,0.0,0,65.11,1679.81,3,Stayed,No,23,3689,,,1.0
7389-KBFIT,Female,31,No,No,Yes,Yes,2,United States,California,Big Pine,93513,37.245505,-118.062943,1826,Q3,1,6,2,Offer E,0,0.0,0,Yes,DSL,20,0,1,0,0,0,0,0,1,Month-to-Month,1,Mailed Check,30.25,63.75,0.0,0,0.0,63.75,3,Joined,No,61,4387,,,0.98
9617-INGJY,Male,31,No,No,No,No,0,United States,California,Manhattan Beach,90266,33.889632,-118.39737,33758,Q3,0,0,1,,1,36.12,0,Yes,Fiber Optic,14,0,0,0,0,0,0,0,1,Month-to-Month,1,Credit Card,70.6,70.6,0.0,0,36.12,106.72,3,Joined,No,61,3530,,,0.84
9389-ACWBI,Female,47,No,No,Yes,Yes,2,United States,California,Richvale,95974,39.495768,-121.747472,74,Q3,1,1,5,,1,1.38,0,Yes,Fiber Optic,16,0,0,0,0,0,0,0,1,Month-to-Month,0,Credit Card,69.95,320.4,0.0,0,6.8999999999999995,327.29999999999995,3,Stayed,No,73,3850,,,0.9
8325-QRPZR,Female,56,No,No,No,No,0,United States,California,Benicia,94510,38.113533,-122.11926,25578,Q3,0,0,7,,1,30.06,0,Yes,Fiber Optic,10,0,0,1,0,0,0,0,0,Month-to-Month,1,Bank Withdrawal,75.15,525.0,0.0,10,210.42,745.42,3,Stayed,No,50,4216,,,0.94
3803-KMQFW,Female,25,Yes,No,Yes,Yes,2,United States,California,Brea,92821,33.930199,-117.862898,34055,Q3,1,1,1,,1,37.92,0,No,,0,0,0,0,0,0,0,0,0,Month-to-Month,0,Credit Card,20.55,20.55,0.0,0,37.92,58.47,3,Churned,Yes,78,3797,Attitude,Attitude of support person,0.97
5696-QURRL,Male,31,No,No,No,No,0,United States,California,Waterford,95386,37.669516,-120.626964,8308,Q3,0,0,1,,1,13.84,0,Yes,DSL,26,0,0,0,0,0,0,0,0,Month-to-Month,1,Credit Card,45.05,45.05,0.0,70,13.84,128.89,3,Churned,Yes,73,2644,Dissatisfaction,Network reliability,1.0
3705-PSNGL,Male,49,No,No,No,No,0,United States,California,Cerritos,90703,33.8681,-118.067402,51556,Q3,0,0,45,Offer B,1,25.4,0,No,,0,0,0,0,0,0,0,0,0,One Year,1,Bank Withdrawal,20.4,930.45,0.0,0,1143.0,2073.45,3,Churned,Yes,87,5398,Price,Long distance charges,1.0
2372-HWUHI,Male,45,No,No,No,No,0,United States,California,Lakewood,90712,33.840524,-118.148403,30173,Q3,0,0,2,Offer E,1,46.84,0,Yes,DSL,3,0,0,0,0,0,0,0,1,Month-to-Month,0,Bank Withdrawal,44.35,81.25,0.0,0,93.68,174.93,3,Churned,Yes,76,2570,Other,Don't know,1.0
3295-YVUSR,Male,73,No,Yes,No,No,0,United States,California,Glendale,91202,34.167926,-118.267539,21990,Q3,0,0,2,,1,15.19,1,Yes,Fiber Optic,30,0,0,0,0,0,0,0,1,Month-to-Month,1,Mailed Check,72.6,154.3,0.0,0,30.38,184.68,3,Joined,No,47,5098,,,0.96
6630-UJZMY,Female,73,No,Yes,Yes,No,0,United States,California,Palo Alto,94306,37.416159,-122.131337,24492,Q3,1,10,4,,1,14.34,1,Yes,Fiber Optic,14,0,0,0,0,1,0,0,1,One Year,1,Bank Withdrawal,83.25,308.05,39.93,0,57.36,325.48,3,Stayed,No,37,5251,,,0.91
4445-ZJNMU,Male,30,No,No,No,No,0,United States,California,Manhattan Beach,90266,33.889632,-118.39737,33758,Q3,0,0,9,Offer E,1,4.81,1,Yes,Fiber Optic,69,0,1,0,0,1,1,1,1,Month-to-Month,1,Credit Card,99.3,918.75,0.0,0,43.29,962.04,3,Stayed,No,69,3540,,,0.97
4480-MBMLB,Female,52,No,No,No,No,0,United States,California,Los Angeles,90066,34.002028,-118.430656,55204,Q3,0,0,36,Offer C,1,28.41,1,Yes,Fiber Optic,4,0,1,1,0,1,1,1,1,One Year,1,Bank Withdrawal,104.8,3886.45,0.0,0,1022.76,4909.21,3,Stayed,No,68,5319,,,0.99
2886-KEFUM,Female,50,No,No,Yes,No,0,United States,California,Big Bend,96011,41.096569,-121.879082,265,Q3,1,1,63,,1,1.93,1,Yes,Fiber Optic,21,0,1,1,0,1,1,1,0,One Year,1,Bank Withdrawal,107.5,6873.75,0.0,60,121.59,7055.34,3,Churned,Yes,96,6144,Attitude,Attitude of support person,0.93
7767-UXAGJ,Male,37,No,No,No,No,0,United States,California,Colfax,95713,39.084645,-120.894014,8525,Q3,0,0,1,,1,28.25,1,Yes,Cable,9,0,0,0,0,0,0,0,1,Month-to-Month,1,Bank Withdrawal,50.45,50.45,0.0,0,28.25,78.7,3,Churned,Yes,68,2928,Competitor,Competitor made better offer,0.89
3923-CSIHK,Female,69,No,Yes,Yes,No,0,United States,California,Herald,95638,38.313447,-121.123886,1745,Q3,1,1,50,,1,4.6,0,Yes,Cable,24,0,0,0,0,0,0,0,1,Month-to-Month,1,Bank Withdrawal,71.05,3444.85,0.0,0,229.99999999999997,3674.85,3,Churned,Yes,94,5746,Other,Poor expertise of online support,0.8
9643-AVVWI,Female,49,No,No,Yes,Yes,3,United States,California,Los Angeles,90003,33.964131,-118.272783,58198,Q3,1,2,3,,1,19.18,0,Yes,Fiber Optic,22,0,1,0,1,0,0,0,1,Month-to-Month,1,Bank Withdrawal,80.0,241.3,0.0,0,57.54,298.84000000000003,3,Joined,No,76,4264,,,0.97
7675-OZCZG,Female,76,No,Yes,No,No,0,United States,California,Fallbrook,92028,33.362575,-117.299644,42239,Q3,0,0,3,,1,30.14,0,Yes,DSL,6,0,0,0,0,0,0,0,0,Month-to-Month,0,Bank Withdrawal,45.0,127.1,0.0,10,90.42,227.52,3,Churned,Yes,77,4145,Competitor,Competitor made better offer,0.92
4811-JBUVU,Male,62,No,No,No,No,0,United States,California,Sherman Oaks,91423,34.146957,-118.432138,29387,Q3,0,0,30,,1,31.97,1,Yes,Fiber Optic,2,0,0,0,1,0,1,1,1,Month-to-Month,1,Credit Card,89.9,2723.15,0.0,0,959.1,3682.25,3,Stayed,No,33,3233,,,1.0
5032-MIYKT,Female,19,Yes,No,No,No,0,United States,California,Weott,95571,40.310119,-123.909449,270,Q3,0,0,1,,1,38.81,0,Yes,Fiber Optic,52,0,0,0,0,0,0,1,1,Month-to-Month,1,Credit Card,70.7,70.7,0.0,0,38.81,109.51,3,Joined,No,28,4056,,,0.93
0570-BFQHT,Female,38,No,No,No,No,0,United States,California,Anderson,96007,40.448632,-122.306657,21418,Q3,0,0,9,,1,32.57,0,Yes,Fiber Optic,13,0,1,1,0,0,0,0,1,Month-to-Month,0,Bank Withdrawal,80.55,653.9,2.28,0,293.13,944.75,3,Stayed,No,26,3581,,,0.91
2080-SRCDE,Female,21,Yes,No,No,Yes,1,United States,California,Walnut,91789,34.018354,-117.85492,45118,Q3,0,0,1,Offer E,1,32.73,1,No,,0,0,0,0,0,0,0,0,0,Month-to-Month,0,Mailed Check,25.4,25.4,0.0,0,32.73,58.129999999999995,3,Joined,No,38,4556,,,0.79
7147-AYBAA,Male,62,No,No,No,No,0,United States,California,Berkeley,94702,37.866009,-122.286228,15638,Q3,0,0,37,,1,28.84,0,Yes,Fiber Optic,25,0,0,0,0,0,0,0,1,Month-to-Month,1,Credit Card,70.35,2552.9,0.0,0,1067.08,3619.98,3,Stayed,No,32,5402,,,1.0
4727-MCYZG,Male,23,Yes,No,No,No,0,United States,California,Union City,94587,37.59485,-122.051521,66472,Q3,0,0,1,Offer E,1,33.32,0,Yes,DSL,48,0,0,0,0,0,1,1,0,Month-to-Month,0,Mailed Check,55.55,55.55,0.0,30,33.32,118.87,5,Joined,No,35,2207,,,0.89
8677-HDZEE,Female,42,No,No,No,No,0,United States,California,Mountain Center,92561,33.638645,-116.55783,1500,Q3,0,0,56,Offer B,1,2.5,1,Yes,Fiber Optic,3,0,1,0,1,1,1,1,1,Month-to-Month,1,Bank Withdrawal,105.45,5916.95,0.0,0,140.0,6056.95,3,Stayed,No,55,4212,,,0.92
1452-VOQCH,Male,61,No,No,No,No,0,United States,California,Hinkley,92347,34.983808,-117.239306,1933,Q3,0,0,1,,1,4.53,1,Yes,Fiber Optic,28,0,0,0,0,0,0,0,1,Month-to-Month,1,Bank Withdrawal,75.1,75.1,0.0,0,4.53,79.63,3,Joined,No,28,4120,,,0.95
4706-DGAHW,Male,73,No,Yes,No,No,0,United States,California,California Hot Springs,93207,35.865795,-118.69759,226,Q3,0,0,1,Offer E,1,49.34,0,Yes,DSL,15,0,0,0,0,0,0,0,1,Two Year,0,Bank Withdrawal,45.2,45.2,0.0,0,49.34,94.54,3,Joined,No,44,4576,,,0.87
8903-XEBGX,Male,22,Yes,No,No,Yes,1,United States,California,Lancaster,93534,34.727529,-118.153098,35109,Q3,0,0,2,Offer E,1,43.93,0,Yes,DSL,59,0,0,0,0,0,1,1,1,Month-to-Month,1,Bank Withdrawal,55.3,108.65,0.0,0,87.86,196.51,3,Joined,No,67,4594,,,0.99
4770-UEZOX,Male,19,Yes,No,No,No,0,United States,California,Fallbrook,92028,33.362575,-117.299644,42239,Q3,0,0,2,Offer E,1,43.56,0,Yes,Fiber Optic,52,0,1,0,0,0,0,0,1,Month-to-Month,1,Bank Withdrawal,74.75,144.8,0.0,0,87.12,231.92,3,Joined,No,34,4545,,,0.97
2623-DRYAM,Female,19,Yes,No,Yes,No,0,United States,California,Jamul,91935,32.695681,-116.798386,8759,Q3,0,0,70,,1,19.88,1,Yes,Fiber Optic,26,0,0,1,0,1,1,1,1,One Year,1,Bank Withdrawal,101.75,7069.3,0.0,0,1391.6,8460.9,3,Stayed,No,47,5596,,,0.82
0929-HYQEW,Male,20,Yes,No,No,No,0,United States,California,Oakland,94601,37.776523,-122.219268,54876,Q3,0,0,3,,1,17.42,0,Yes,DSL,59,1,0,0,0,0,0,0,1,Month-to-Month,1,Credit Card,50.15,160.85,0.0,0,52.260000000000005,213.11,3,Joined,No,23,2085,,,0.96
3208-YPIOE,Male,64,No,No,No,No,0,United States,California,La Mesa,91942,32.782501,-117.01611,24005,Q3,0,0,39,Offer C,1,36.17,1,Yes,Fiber Optic,5,0,0,0,0,0,0,0,1,Month-to-Month,0,Bank Withdrawal,75.25,3017.65,0.0,0,1410.63,4428.280000000001,3,Churned,Yes,96,4696,Competitor,Competitor made better offer,0.9
2476-YGEFM,Female,24,Yes,No,No,No,0,United States,California,Clovis,93611,36.917652,-119.593757,46858,Q3,0,0,29,,1,7.01,1,Yes,Fiber Optic,42,0,0,0,0,0,0,0,1,Month-to-Month,1,Credit Card,76.0,2215.25,0.0,0,203.29,2418.54,3,Stayed,No,46,5324,,,1.0
5889-JTMUL,Female,67,No,Yes,Yes,No,0,United States,California,Castaic,91384,34.506627,-118.699048,22177,Q3,1,1,50,Offer B,1,31.56,1,Yes,Fiber Optic,4,0,1,1,0,1,0,0,0,Month-to-Month,1,Bank Withdrawal,95.05,4888.7,0.0,50,1578.0,6516.7,3,Churned,Yes,92,5863,Price,Price too high,0.95
4847-TAJYI,Female,77,No,Yes,No,No,0,United States,California,Chula Vista,91911,32.607964,-117.059459,71126,Q3,0,0,6,Offer E,1,8.06,0,Yes,Fiber Optic,19,0,0,0,0,1,1,0,1,One Year,1,Bank Withdrawal,89.35,567.8,0.0,0,48.36,616.16,3,Stayed,No,75,2578,,,0.98
2081-VEYEH,Male,42,No,No,No,No,0,United States,California,Compton,90221,33.885811,-118.206459,51387,Q3,0,0,3,Offer E,1,12.66,0,Yes,Fiber Optic,28,0,1,1,1,1,1,1,1,Month-to-Month,1,Bank Withdrawal,107.95,318.6,0.0,0,37.98,356.58000000000004,3,Joined,No,70,5653,,,0.95
5879-SESNB,Female,34,No,No,No,No,0,United States,California,Moraga,94556,37.827946,-122.107185,16510,Q3,0,0,11,Offer D,1,33.79,1,Yes,Fiber Optic,23,0,0,0,0,0,0,0,1,Month-to-Month,0,Bank Withdrawal,75.25,888.65,0.0,0,371.69,1260.34,3,Stayed,No,75,5902,,,0.97
1240-KNSEZ,Male,63,No,No,No,No,0,United States,California,San Diego,92127,33.017518,-117.118456,20046,Q3,0,0,1,Offer E,1,40.83,0,No,,0,0,0,0,0,0,0,0,0,Month-to-Month,1,Credit Card,20.1,20.1,0.0,0,40.83,60.93,3,Churned,Yes,95,4933,Price,Long distance charges,0.95
9090-SGQXL,Male,70,No,Yes,Yes,No,0,United States,California,Ben Lomond,95005,37.078873,-122.090386,6407,Q3,1,1,68,,1,47.17,1,Yes,Fiber Optic,29,0,1,1,0,1,1,0,1,Month-to-Month,1,Bank Withdrawal,105.3,7299.65,0.0,0,3207.56,10507.21,3,Churned,Yes,79,6284,Competitor,Competitor offered more data,0.82
2694-CIUMO,Female,47,No,No,No,No,0,United States,California,Los Angeles,90033,34.050198,-118.210946,49431,Q3,0,0,12,Offer D,1,21.93,1,Yes,Fiber Optic,16,0,0,0,1,0,0,0,1,Month-to-Month,1,Credit Card,79.55,958.25,0.0,0,263.15999999999997,1221.41,3,Stayed,No,62,3445,,,1.0
2812-SFXMJ,Male,46,No,No,No,Yes,3,United States,California,Hat Creek,96040,40.789799,-121.474529,397,Q3,0,0,1,,1,7.66,0,No,,0,0,0,0,0,0,0,0,0,Month-to-Month,0,Credit Card,20.05,20.05,0.0,0,7.66,27.71,3,Joined,No,27,4221,,,0.94
6212-ATMLK,Female,42,No,No,No,No,0,United States,California,Rancho Cucamonga,91701,34.132275,-117.611478,39064,Q3,0,0,50,,1,49.14,1,Yes,Fiber Optic,6,0,0,0,0,1,1,1,0,Month-to-Month,1,Bank Withdrawal,95.7,4729.75,0.0,140,2457.0,7326.75,4,Stayed,No,44,4164,,,0.9
5060-TQUQN,Male,19,Yes,No,Yes,Yes,1,United States,California,Rancho Cucamonga,91701,34.132275,-117.611478,39064,Q3,1,1,30,,1,10.24,1,Yes,Fiber Optic,48,0,1,0,1,0,0,1,1,Month-to-Month,1,Bank Withdrawal,83.55,2570.2,0.0,0,307.2,2877.3999999999996,3,Stayed,No,31,3558,,,0.96
7439-DKZTW,Male,49,No,No,No,No,0,United States,California,Paicines,95043,36.525703,-120.952122,813,Q3,0,0,1,,1,5.93,0,Yes,Fiber Optic,19,0,0,0,0,1,0,0,0,Month-to-Month,1,Bank Withdrawal,80.55,80.55,0.0,60,5.93,146.48000000000002,4,Joined,No,21,3154,,,0.94
5716-LIBJC,Female,29,Yes,No,No,Yes,2,United States,California,Winton,95388,37.421299,-120.599587,11463,Q3,0,0,13,Offer D,1,11.99,1,Yes,Fiber Optic,27,0,1,1,0,1,1,1,1,One Year,1,Credit Card,104.15,1299.1,2.76,0,155.87,1452.21,3,Stayed,No,33,2810,,,0.95
1960-UYCNN,Male,35,No,No,No,No,0,United States,California,Julian,92036,32.980678,-116.262854,3577,Q3,0,0,10,,1,26.43,1,Yes,Fiber Optic,13,0,1,1,0,0,1,1,1,Month-to-Month,1,Bank Withdrawal,95.25,1021.55,0.0,0,264.3,1285.85,3,Stayed,No,23,4810,,,0.89
9167-APMXZ,Female,23,Yes,No,No,No,0,United States,California,Long Beach,90810,33.819814,-118.222416,35656,Q3,0,0,22,,1,19.2,1,Yes,Fiber Optic,41,0,0,0,0,1,0,0,0,Month-to-Month,1,Bank Withdrawal,84.15,1821.95,0.0,60,422.4,2304.35,3,Stayed,No,32,3549,,,0.81
9979-RGMZT,Female,20,Yes,No,No,No,0,United States,California,Los Angeles,90022,34.02381,-118.156582,68701,Q3,0,0,7,Offer E,1,36.49,0,Yes,Fiber Optic,42,0,1,0,0,1,1,1,1,One Year,1,Credit Card,94.05,633.45,0.0,0,255.43,888.8800000000001,3,Stayed,No,38,5545,,,0.89
5122-CYFXA,Female,53,No,No,No,No,0,United States,California,Beverly Hills,90212,34.062095,-118.401508,11355,Q3,0,0,3,Offer E,1,38.99,0,Yes,DSL,20,0,1,0,1,1,1,1,1,Month-to-Month,1,Bank Withdrawal,75.3,244.1,0.0,0,116.97,361.07,3,Joined,No,35,5387,,,0.83
3587-PMCOY,Male,37,No,No,No,No,0,United States,California,Placerville,95667,38.733714,-120.795213,34146,Q3,0,0,10,Offer D,1,46.33,0,Yes,Fiber Optic,26,1,0,1,0,1,1,1,1,One Year,1,Bank Withdrawal,98.9,1064.95,0.0,0,463.2999999999999,1528.25,3,Stayed,No,50,4614,,,0.98
6300-BWMJX,Female,45,No,No,Yes,No,0,United States,California,Valencia,91355,34.43987,-118.644609,24977,Q3,1,1,59,,1,20.78,1,Yes,Fiber Optic,26,0,0,1,1,1,0,0,1,Month-to-Month,0,Bank Withdrawal,93.35,5386.5,36.07,0,1226.02,6576.450000000001,3,Stayed,No,44,4814,,,0.97
5156-UMKOW,Female,44,No,No,No,Yes,3,United States,California,San Simeon,93452,35.746484,-121.223355,471,Q3,0,0,3,,0,0.0,0,Yes,DSL,53,0,1,0,0,0,0,0,1,Month-to-Month,0,Mailed Check,29.65,90.05,0.0,0,0.0,90.05,3,Joined,No,69,5880,,,0.99
5600-KTXFM,Male,48,No,No,Yes,Yes,2,United States,California,Ventura,93004,34.278697,-119.167798,27381,Q3,1,6,2,Offer E,1,29.1,0,Yes,Fiber Optic,19,0,0,0,0,0,0,0,1,Month-to-Month,0,Credit Card,69.95,143.9,0.0,0,58.2,202.1,3,Joined,No,46,5010,,,0.96
2984-AFWNC,Female,52,No,No,No,No,0,United States,California,Rough And Ready,95975,39.225634,-121.156163,1601,Q3,0,0,3,,1,17.01,0,Yes,Fiber Optic,28,0,1,0,0,1,1,1,1,Month-to-Month,0,Bank Withdrawal,95.4,293.15,0.0,0,51.03,344.17999999999995,3,Joined,No,70,2813,,,0.93
4741-WWJQZ,Female,49,No,No,Yes,No,0,United States,California,Forestville,95436,38.499302,-122.92444,6216,Q3,0,0,2,Offer E,1,26.58,0,Yes,Fiber Optic,23,1,0,0,1,0,0,0,1,Month-to-Month,1,Bank Withdrawal,80.15,194.55,0.0,0,53.16,247.71,3,Joined,No,26,5251,,,0.97
9767-FFLEM,Male,63,No,No,No,No,0,United States,California,Westmorland,92281,33.03679,-115.60503,2388,Q3,0,0,38,,1,35.04,0,Yes,Fiber Optic,2,0,0,0,0,0,0,0,1,Month-to-Month,1,Credit Card,69.5,2625.25,20.19,0,1331.52,3936.58,3,Stayed,No,35,4591,,,0.98
8584-KMVXD,Female,64,No,No,No,No,0,United States,California,Calistoga,94515,38.629618,-122.593216,7384,Q3,0,0,8,Offer E,1,11.2,0,Yes,Fiber Optic,17,0,1,0,0,0,0,0,0,Month-to-Month,0,Bank Withdrawal,75.6,535.55,0.0,10,89.6,635.15,3,Stayed,No,31,2934,,,0.93
8266-VBFQL,Male,55,No,No,No,No,0,United States,California,Jamul,91935,32.695681,-116.798386,8759,Q3,0,0,4,,1,31.92,0,Yes,Fiber Optic,4,0,0,1,1,0,1,1,1,Month-to-Month,1,Bank Withdrawal,90.4,356.65,0.0,0,127.68,484.33,3,Stayed,No,35,3314,,,0.95
4059-IIEBK,Female,51,No,No,No,No,0,United States,California,Ojai,93023,34.581308,-118.931948,21633,Q3,0,0,7,,1,40.76,1,Yes,Fiber Optic,16,0,1,0,0,0,0,0,1,Month-to-Month,1,Bank Withdrawal,78.55,522.95,47.19,0,285.32,761.08,3,Stayed,No,61,4025,,,0.99
5590-YRFJT,Female,44,No,No,Yes,No,0,United States,California,Lompoc,93437,34.757477,-120.550507,6165,Q3,1,1,20,,0,0.0,0,Yes,DSL,10,0,0,0,0,0,0,0,1,Month-to-Month,1,Bank Withdrawal,24.45,482.8,0.0,0,0.0,482.8,3,Churned,Yes,94,3298,Other,Don't know,0.99
7617-EYGLW,Male,62,No,No,No,No,0,United States,California,Clearlake Oaks,95423,39.07116,-122.598542,3684,Q3,0,0,1,Offer E,1,46.59,0,No,,0,0,0,0,0,0,0,0,0,Month-to-Month,0,Bank Withdrawal,19.45,19.45,0.0,0,46.59,66.04,3,Joined,No,64,5820,,,0.96
2674-MIAHT,Female,26,Yes,No,No,No,0,United States,California,Blocksburg,95514,40.309088,-123.668201,199,Q3,0,0,4,,1,38.74,1,Yes,Fiber Optic,51,0,1,0,0,0,0,0,1,Month-to-Month,1,Credit Card,80.3,324.2,0.0,0,154.96,479.16,3,Stayed,No,70,3132,,,0.81
5947-SGKCL,Female,19,Yes,No,Yes,Yes,3,United States,California,San Marino,91108,34.122671,-118.112911,13158,Q3,1,6,15,Offer D,1,4.19,1,Yes,Fiber Optic,59,0,1,1,0,1,1,1,1,Month-to-Month,1,Bank Withdrawal,105.35,1559.25,0.0,0,62.85000000000001,1622.1,3,Stayed,No,66,2721,,,0.99
1746-TGTWV,Male,32,No,No,Yes,No,0,United States,California,Whittier,90604,33.929704,-118.01208,37887,Q3,1,1,1,Offer E,1,38.89,0,Yes,Fiber Optic,9,0,0,1,0,0,0,0,1,Month-to-Month,0,Credit Card,75.35,75.35,0.0,0,38.89,114.24,5,Joined,No,70,3514,,,0.98
5630-AHZIL,Female,51,No,No,No,Yes,3,United States,California,El Segundo,90245,33.917145,-118.401554,16041,Q3,0,0,3,Offer E,1,39.55,0,Yes,DSL,56,1,0,0,1,0,1,1,0,Month-to-Month,1,Bank Withdrawal,64.5,177.4,0.0,60,118.65,356.05,3,Joined,No,54,5613,,,0.84
6637-KYRCV,Female,22,Yes,No,Yes,Yes,1,United States,California,La Puente,91744,34.031441,-117.936436,84965,Q3,1,1,5,,0,0.0,0,Yes,DSL,59,0,1,0,0,0,0,0,1,Month-to-Month,1,Bank Withdrawal,30.5,167.2,0.0,0,0.0,167.2,3,Stayed,No,27,5973,,,0.95
8714-CTZJW,Female,24,Yes,No,No,No,0,United States,California,Pilot Hill,95664,38.803731,-121.043799,1173,Q3,0,0,4,Offer E,1,19.84,0,Yes,Fiber Optic,73,0,0,1,0,0,1,1,1,Month-to-Month,1,Credit Card,82.85,319.6,0.0,0,79.36,398.96,3,Stayed,No,80,3154,,,0.99
8124-NZVGJ,Female,29,Yes,No,No,No,0,United States,California,Baker,92309,35.28952,-116.092214,904,Q3,0,0,6,,0,0.0,0,Yes,Cable,48,0,0,0,1,1,1,1,1,One Year,1,Credit Card,49.25,255.6,0.0,0,0.0,255.6,3,Stayed,No,52,2979,,,0.99
0508-OOLTO,Female,33,No,No,Yes,Yes,1,United States,California,Fort Irwin,92310,35.349241,-116.770281,9465,Q3,1,5,2,,1,29.03,0,Yes,Fiber Optic,10,0,0,0,0,0,0,0,1,Month-to-Month,1,Bank Withdrawal,71.65,135.75,0.0,0,58.06,193.81,3,Joined,No,67,3916,,,0.98
7632-MNYOY,Male,69,No,Yes,No,No,0,United States,California,Tahoe Vista,96148,39.24124,-120.054765,678,Q3,0,0,66,,1,9.9,1,Yes,Fiber Optic,25,0,1,1,1,1,1,0,1,One Year,0,Credit Card,110.9,7432.05,0.0,0,653.4,8085.45,3,Churned,Yes,93,4389,Attitude,Attitude of service provider,0.93
5562-BETPV,Male,21,Yes,No,Yes,No,0,United States,California,San Andreas,95249,38.196497,-120.61689,3930,Q3,1,1,1,Offer E,1,23.41,0,No,,0,0,0,0,0,0,0,0,0,One Year,0,Mailed Check,19.65,19.65,0.0,0,23.41,43.06,3,Joined,No,53,2539,,,0.83
3413-BMNZE,Male,71,No,Yes,No,No,0,United States,California,Los Angeles,90037,34.002642,-118.287596,56709,Q3,0,0,1,Offer E,1,11.89,0,Yes,DSL,12,0,0,0,0,0,0,0,1,One Year,0,Bank Withdrawal,45.25,45.25,0.0,0,11.89,57.14,3,Joined,No,40,3144,,,0.96
3088-LHEFH,Female,28,Yes,No,No,No,0,United States,California,Pollock Pines,95726,38.733908,-120.453416,8577,Q3,0,0,11,Offer D,1,10.06,1,Yes,Fiber Optic,48,1,0,0,0,0,0,0,1,Month-to-Month,1,Bank Withdrawal,79.0,929.3,0.0,0,110.66,1039.96,3,Stayed,No,33,3885,,,0.92
6728-WYQBC,Male,52,No,No,No,No,0,United States,California,Escondido,92027,33.141265,-116.967221,48690,Q3,0,0,1,Offer E,1,2.29,0,No,,0,0,0,0,0,0,0,0,0,Month-to-Month,0,Bank Withdrawal,20.95,20.95,0.0,0,2.29,23.24,3,Joined,No,62,2285,,,0.94
7577-SWIFR,Male,49,No,No,No,No,0,United States,California,Glendale,91206,34.162515,-118.203869,31297,Q3,0,0,1,,1,16.64,0,Yes,Fiber Optic,2,0,0,0,0,1,1,1,1,Month-to-Month,1,Bank Withdrawal,89.25,89.25,0.0,0,16.64,105.89,5,Joined,No,28,5579,,,0.86
4612-THJBS,Female,68,No,Yes,No,No,0,United States,California,Terra Bella,93270,35.939068,-119.043666,5868,Q3,0,0,56,,1,34.58,1,Yes,Fiber Optic,4,0,1,1,0,1,1,0,1,One Year,1,Bank Withdrawal,104.75,5510.65,0.0,0,1936.48,7447.129999999999,3,Churned,Yes,93,5605,Attitude,Attitude of service provider,0.95
2920-RNCEZ,Male,46,No,No,Yes,Yes,1,United States,California,Lebec,93243,34.845861,-118.885163,1247,Q3,1,10,1,,1,11.45,0,Yes,Fiber Optic,14,0,0,0,0,0,0,0,1,Month-to-Month,1,Credit Card,69.95,69.95,0.0,0,11.45,81.4,3,Joined,No,62,5133,,,0.89
9833-TGFHX,Male,62,No,No,Yes,No,0,United States,California,San Diego,92109,32.787836,-117.232376,46086,Q3,1,1,42,,1,13.23,1,Yes,Fiber Optic,23,1,0,0,0,1,1,1,0,One Year,0,Bank Withdrawal,97.1,4016.75,46.56,150,555.66,4675.85,3,Stayed,No,71,2170,,,0.88
6137-NICCO,Female,39,No,No,Yes,Yes,2,United States,California,Perris,92571,33.828289,-117.201666,26357,Q3,1,7,6,,1,41.29,1,Yes,Fiber Optic,19,0,1,1,0,1,0,0,1,Month-to-Month,1,Credit Card,94.05,518.75,0.0,0,247.74,766.49,3,Stayed,No,59,3083,,,0.9
7858-GTZSP,Female,33,No,No,No,No,0,United States,California,San Lucas,93954,36.125529,-120.864443,521,Q3,0,0,12,Offer D,1,18.75,1,Yes,Fiber Optic,25,0,0,0,0,0,1,1,0,Month-to-Month,1,Bank Withdrawal,86.55,1066.9,0.0,110,225.0,1401.9,5,Stayed,No,71,2061,,,0.99
8465-SBRXP,Male,32,No,No,Yes,Yes,2,United States,California,Baldwin Park,91706,34.098275,-117.967399,76890,Q3,1,1,38,,1,25.84,1,Yes,Fiber Optic,19,0,0,1,1,1,0,0,0,Two Year,1,Bank Withdrawal,94.9,3616.25,0.0,0,981.92,4598.17,3,Stayed,No,33,2436,,,0.99
9529-OFXHY,Male,20,Yes,No,No,No,0,United States,California,Elk Creek,95939,39.53222,-122.594879,587,Q3,0,0,15,,1,13.8,1,Yes,Fiber Optic,59,1,0,0,0,1,0,0,1,Month-to-Month,1,Bank Withdrawal,87.75,1242.2,0.0,0,207.0,1449.2,3,Stayed,No,61,5415,,,0.93
0722-SVSFK,Female,45,No,No,No,No,0,United States,California,Half Moon Bay,94019,37.45567,-122.407992,17929,Q3,0,0,7,,1,39.02,0,Yes,Fiber Optic,25,0,0,1,1,1,1,1,1,Month-to-Month,1,Bank Withdrawal,100.4,715.0,0.0,0,273.14000000000004,988.14,3,Stayed,No,56,5041,,,0.99
0224-RLWWD,Female,73,No,Yes,No,No,0,United States,California,Calexico,92231,32.690654,-115.431225,27804,Q3,0,0,2,Offer E,1,23.91,0,Yes,Cable,22,0,0,0,0,0,0,0,1,One Year,1,Bank Withdrawal,44.3,89.3,0.0,0,47.82,137.12,3,Joined,No,44,3805,,,0.84
2157-MXBJS,Male,20,Yes,No,Yes,No,0,United States,California,Calistoga,94515,38.629618,-122.593216,7384,Q3,1,1,13,Offer D,1,41.22,1,Yes,Cable,82,0,0,1,0,1,1,1,1,One Year,1,Credit Card,75.3,989.45,0.0,0,535.86,1525.31,3,Churned,Yes,89,4800,Dissatisfaction,Network reliability,0.96
6077-BDPXA,Female,56,No,No,No,No,0,United States,California,Merced,95340,37.255637,-120.493537,59289,Q3,0,0,3,,1,5.63,0,Yes,Fiber Optic,15,0,0,0,0,0,0,0,1,Month-to-Month,1,Bank Withdrawal,70.15,194.2,0.0,0,16.89,211.08999999999995,3,Joined,No,26,2228,,,0.95
1763-WQFUK,Male,45,No,No,No,No,0,United States,California,Riverside,92503,33.890046,-117.455583,71678,Q3,0,0,3,,1,26.38,0,Yes,DSL,25,0,0,0,1,0,0,0,1,Month-to-Month,1,Mailed Check,50.5,147.75,0.0,0,79.14,226.89,4,Joined,No,43,5258,,,1.0
8262-COGGB,Male,53,No,No,No,No,0,United States,California,Visalia,93277,36.303793,-119.375646,44741,Q3,0,0,1,,1,11.61,0,No,,0,0,0,0,0,0,0,0,0,Month-to-Month,1,Mailed Check,20.45,20.45,0.0,0,11.61,32.06,3,Joined,No,48,5384,,,0.95
9402-ORRAH,Female,80,No,Yes,No,No,0,United States,California,La Canada Flintridge,91011,34.234912,-118.153729,20200,Q3,0,0,15,,1,39.57,0,Yes,Fiber Optic,16,0,0,0,0,1,1,0,1,Two Year,1,Bank Withdrawal,91.5,1400.3,48.66,0,593.55,1945.19,3,Stayed,No,41,4173,,,0.98
0520-FDVVT,Male,26,Yes,No,No,No,0,United States,California,Lewiston,96052,40.704293,-122.803899,1845,Q3,0,0,35,,1,39.84,0,Yes,Fiber Optic,48,0,1,1,0,1,1,1,1,One Year,1,Bank Withdrawal,102.35,3626.1,0.0,0,1394.4,5020.5,3,Churned,Yes,80,2473,Price,Price too high,0.96
3644-QXEHN,Male,60,No,No,Yes,Yes,1,United States,California,Smartville,95977,39.176595,-121.291692,963,Q3,1,1,13,Offer D,1,44.05,0,Yes,Fiber Optic,19,0,0,1,0,1,1,1,1,Month-to-Month,0,Bank Withdrawal,97.0,1334.45,0.0,0,572.65,1907.1,3,Stayed,No,35,5282,,,0.9
6645-MXQJT,Male,40,No,No,Yes,Yes,1,United States,California,Copperopolis,95228,37.943954,-120.67108,2633,Q3,1,10,2,Offer E,1,39.35,0,Yes,Fiber Optic,24,1,0,0,0,1,1,1,1,Month-to-Month,0,Bank Withdrawal,97.1,184.15,0.0,0,78.7,262.85,3,Joined,No,43,5745,,,0.95
9975-SKRNR,Male,24,Yes,No,No,No,0,United States,California,Sierraville,96126,39.559709,-120.345639,227,Q3,0,0,1,Offer E,1,49.51,0,No,,0,0,0,0,0,0,0,0,0,Month-to-Month,0,Credit Card,18.9,18.9,0.0,0,49.51,68.41,4,Joined,No,69,4480,,,0.99
2172-EJXVF,Female,65,No,Yes,No,No,0,United States,California,Los Angeles,90047,33.958149,-118.308441,47107,Q3,0,0,71,,1,25.61,1,Yes,Fiber Optic,23,0,1,1,0,1,1,1,0,One Year,1,Bank Withdrawal,105.9,7521.95,6.65,100,1818.31,9433.61,3,Stayed,No,60,5479,,,0.94
6559-PDZLR,Male,26,Yes,No,No,No,0,United States,California,Desert Center,92239,33.889605,-115.257009,964,Q3,0,0,26,,1,37.0,0,Yes,Fiber Optic,76,0,0,1,1,1,1,1,1,Month-to-Month,1,Bank Withdrawal,98.65,2537.0,0.0,0,962.0,3499.0,3,Stayed,No,62,4191,,,0.93
3987-KQDDU,Male,58,No,No,No,No,0,United States,California,Sonoma,95476,38.25485,-122.461799,34314,Q3,0,0,9,,1,21.11,0,Yes,Fiber Optic,6,1,0,0,0,0,0,0,1,Month-to-Month,0,Bank Withdrawal,75.6,661.55,0.0,0,189.99,851.54,3,Stayed,No,30,4990,,,0.74
7776-QWNFX,Male,71,No,Yes,Yes,No,0,United States,California,Chino,91710,33.990646,-117.663025,75319,Q3,1,1,30,,1,4.65,0,Yes,DSL,29,0,1,0,0,0,0,0,1,Month-to-Month,1,Bank Withdrawal,50.4,1527.5,0.0,0,139.5,1667.0,3,Churned,Yes,83,4795,Attitude,Attitude of support person,1.0
8066-POXGX,Female,28,Yes,No,No,No,0,United States,California,Fresno,93720,36.878709,-119.7645,45087,Q3,0,0,13,Offer D,0,0.0,0,Yes,Cable,53,0,0,0,0,0,1,1,1,Month-to-Month,1,Bank Withdrawal,35.1,446.1,0.0,0,0.0,446.1,3,Churned,Yes,79,3104,Attitude,Attitude of service provider,0.97
6538-POCHL,Male,59,No,No,No,No,0,United States,California,Mountain Center,92561,33.638645,-116.55783,1500,Q3,0,0,33,Offer C,1,17.63,0,Yes,Fiber Optic,19,0,1,1,0,0,0,0,1,Month-to-Month,1,Credit Card,79.0,2576.8,0.0,0,581.79,3158.59,3,Stayed,No,21,4396,,,0.98
8605-ITULD,Female,21,Yes,No,No,No,0,United States,California,Crescent Mills,95934,40.080342,-120.957805,178,Q3,0,0,1,,1,5.1,0,No,,0,0,0,0,0,0,0,0,0,Month-to-Month,0,Credit Card,19.55,19.55,0.0,0,5.1,24.65,3,Joined,No,31,5750,,,0.9
4291-HPAXL,Male,63,No,No,No,Yes,2,United States,California,Galt,95632,38.274451,-121.259201,24194,Q3,0,0,1,,1,29.1,0,No,,0,0,0,0,0,0,0,0,0,Month-to-Month,0,Credit Card,19.85,19.85,0.0,0,29.1,48.95,3,Joined,No,75,4840,,,0.99
9944-AEXBM,Male,51,No,No,No,No,0,United States,California,Casmalia,93429,34.866032,-120.536546,210,Q3,0,0,32,,1,37.04,1,Yes,Fiber Optic,28,0,0,0,0,0,1,1,1,Month-to-Month,1,Bank Withdrawal,85.65,2664.3,0.0,0,1185.28,3849.58,3,Stayed,No,26,2383,,,0.79
9605-WGJVW,Female,69,No,Yes,No,No,0,United States,California,Stockton,95204,37.974498,-121.319568,30476,Q3,0,0,1,,1,22.34,0,Yes,Fiber Optic,12,0,0,0,0,0,0,0,1,Month-to-Month,1,Bank Withdrawal,70.2,70.2,0.0,0,22.34,92.54,5,Joined,No,47,2422,,,0.73
5501-TVMGM,Male,21,Yes,No,No,No,0,United States,California,Canby,96015,41.486953,-120.913975,417,Q3,0,0,1,,1,39.19,0,Yes,DSL,69,0,0,0,0,0,1,1,0,Month-to-Month,1,Bank Withdrawal,55.25,55.25,0.0,60,39.19,154.44,5,Joined,No,49,3255,,,0.94
3606-SBKRY,Male,35,No,No,No,No,0,United States,California,Linden,95236,38.047746,-121.030499,3148,Q3,0,0,31,,0,0.0,0,Yes,DSL,5,0,0,1,0,1,1,1,1,One Year,1,Bank Withdrawal,50.05,1523.4,0.0,0,0.0,1523.4,3,Stayed,No,35,4529,,,0.95
5419-JKZNQ,Male,65,No,Yes,Yes,No,0,United States,California,La Mesa,91941,32.759327,-116.99726,44652,Q3,1,1,30,,1,2.86,1,Yes,Fiber Optic,19,0,0,0,0,0,0,0,1,Month-to-Month,0,Mailed Check,77.9,2351.45,0.0,0,85.8,2437.25,3,Stayed,No,49,2009,,,0.96
0130-SXOUN,Male,55,No,No,No,No,0,United States,California,Glenhaven,95443,39.045246,-122.743181,175,Q3,0,0,66,Offer A,1,48.78,1,Yes,Fiber Optic,8,0,1,0,0,0,1,1,0,Month-to-Month,0,Credit Card,89.4,5976.9,36.02,40,3219.48,9200.36,3,Stayed,No,49,4889,,,0.98
4581-LNWUM,Female,47,No,No,No,No,0,United States,California,San Pablo,94806,37.980269,-122.342635,55720,Q3,0,0,13,Offer D,0,0.0,0,Yes,DSL,27,0,0,1,0,1,1,1,1,Month-to-Month,0,Bank Withdrawal,49.15,649.4,0.0,0,0.0,649.4,3,Stayed,No,78,3000,,,0.98
6818-DJXAA,Female,43,No,No,No,Yes,3,United States,California,Alturas,96101,41.468877,-120.54229,5096,Q3,0,0,10,,1,42.93,0,Yes,Fiber Optic,52,0,0,1,1,1,0,0,1,Month-to-Month,1,Bank Withdrawal,91.1,964.35,0.0,0,429.3,1393.65,3,Stayed,No,50,3857,,,0.84
7610-TVOPG,Male,48,No,No,No,No,0,United States,California,West Point,95255,38.41935,-120.469545,2198,Q3,0,0,15,,1,7.96,1,No,,0,0,0,0,0,0,0,0,0,Month-to-Month,1,Bank Withdrawal,26.35,378.6,0.0,0,119.4,498.0,3,Stayed,No,73,2723,,,0.99
7134-MJPDY,Female,69,No,Yes,No,No,0,United States,California,Moorpark,93021,34.312945,-118.858169,32984,Q3,0,0,66,Offer A,1,11.63,1,Yes,Fiber Optic,5,0,0,1,1,1,1,0,0,One Year,1,Credit Card,102.85,6976.75,0.0,60,767.58,7804.33,3,Stayed,No,40,5569,,,0.84
2831-EBWRN,Male,46,No,No,No,No,0,United States,California,Altadena,91001,34.196837,-118.142236,36243,Q3,0,0,4,Offer E,1,33.93,0,Yes,Cable,20,0,0,0,0,0,0,0,1,Month-to-Month,1,Bank Withdrawal,45.9,199.75,0.0,0,135.72,335.47,3,Stayed,No,39,3200,,,0.96
1156-ZFYDO,Female,57,No,No,No,No,0,United States,California,Glendale,91201,34.17051,-118.289463,23981,Q3,0,0,1,,1,37.62,0,No,,0,0,0,0,0,0,0,0,0,Month-to-Month,0,Bank Withdrawal,19.75,19.75,0.0,0,37.62,57.37,3,Joined,No,38,3666,,,0.89
5315-CKEQK,Male,73,No,Yes,Yes,Yes,2,United States,California,Castro Valley,94546,37.708327,-122.083473,41698,Q3,1,1,28,,1,4.71,1,Yes,DSL,21,0,0,0,0,0,0,0,0,One Year,1,Bank Withdrawal,51.0,1381.8,0.0,80,131.88,1593.6799999999998,3,Stayed,No,44,5195,,,0.93
5183-SNMJQ,Male,32,No,No,No,No,0,United States,California,Frazier Park,93225,34.827662,-118.999073,4498,Q3,0,0,10,Offer D,1,45.69,0,Yes,Fiber Optic,11,0,0,0,1,1,1,1,1,Month-to-Month,1,Credit Card,95.1,865.1,43.25,0,456.9,1278.75,3,Stayed,No,33,5787,,,0.94
8710-YGLWG,Male,44,No,No,No,No,0,United States,California,North Hills,91343,34.238802,-118.482296,57017,Q3,0,0,1,Offer E,1,15.76,0,Yes,DSL,13,0,0,0,0,0,0,0,1,Month-to-Month,1,Credit Card,44.9,44.9,0.0,0,15.76,60.66,3,Joined,No,21,2451,,,0.9
5916-QEWPT,Female,61,No,No,Yes,No,0,United States,California,Valley Village,91607,34.165783,-118.399795,27453,Q3,1,1,2,Offer E,1,27.41,0,Yes,Cable,23,0,0,1,0,1,1,1,1,Month-to-Month,0,Credit Card,69.0,147.8,0.0,0,54.82,202.62,4,Joined,No,29,2798,,,0.97
3196-NVXLZ,Female,23,Yes,No,No,No,0,United States,California,Orange Cove,93646,36.633498,-119.298895,8449,Q3,0,0,25,Offer C,1,9.57,1,Yes,Fiber Optic,59,0,0,0,0,1,0,0,1,Month-to-Month,1,Credit Card,84.6,2088.05,0.0,0,239.25,2327.3,3,Stayed,No,23,4874,,,0.81
6968-GMKPR,Female,39,No,No,No,No,0,United States,California,French Gulch,96033,40.740138,-122.587476,373,Q3,0,0,55,Offer B,1,22.34,0,Yes,Fiber Optic,4,0,1,1,0,0,0,0,1,Month-to-Month,1,Bank Withdrawal,81.55,4509.5,0.0,0,1228.7,5738.2,3,Stayed,No,80,5167,,,0.99
3234-VKACU,Male,21,Yes,No,No,No,0,United States,California,Sunol,94586,37.587494,-121.862856,790,Q3,0,0,2,,1,23.52,0,Yes,DSL,48,0,0,0,1,1,1,1,1,Month-to-Month,0,Bank Withdrawal,70.3,132.4,0.0,0,47.04,179.44,3,Joined,No,27,4799,,,0.97
2523-EWWZL,Female,26,Yes,No,Yes,No,0,United States,California,Blythe,92225,33.674583,-114.71612,24659,Q3,0,0,27,Offer C,1,39.67,0,Yes,Fiber Optic,59,0,1,0,0,0,0,0,1,Month-to-Month,1,Bank Withdrawal,76.1,2093.4,30.14,0,1071.09,3134.3500000000004,3,Stayed,No,43,3291,,,0.96
1456-TWCGB,Male,34,No,No,No,No,0,United States,California,Bakersfield,93309,35.342891,-119.064803,58632,Q3,0,0,4,,1,38.01,0,Yes,Cable,5,0,1,0,0,0,0,0,1,Month-to-Month,0,Mailed Check,49.25,208.45,0.0,0,152.04,360.49,3,Stayed,No,37,3272,,,0.99
6972-SNKKW,Female,60,No,No,No,No,0,United States,California,Chester,96020,40.243494,-121.154733,2664,Q3,0,0,6,,1,47.46,0,No,,0,0,0,0,0,0,0,0,0,Month-to-Month,0,Mailed Check,20.0,109.2,0.0,0,284.76,393.96,3,Stayed,No,53,3142,,,0.93
7426-RHZGU,Male,41,No,No,No,No,0,United States,California,Oakland,94603,37.739113,-122.175602,31392,Q3,0,0,9,,1,30.8,0,Yes,Fiber Optic,3,0,0,0,1,1,1,1,1,Month-to-Month,1,Bank Withdrawal,95.9,827.45,0.0,0,277.2,1104.65,3,Stayed,No,66,5017,,,0.9
7243-LCGGZ,Female,28,Yes,No,No,No,0,United States,California,Alhambra,91801,34.090925,-118.128164,54382,Q3,0,0,1,,1,10.21,0,No,,0,0,0,0,0,0,0,0,0,Month-to-Month,0,Mailed Check,20.9,20.9,0.0,0,10.21,31.11,5,Joined,No,72,3901,,,0.92
2123-AGEEN,Female,66,No,Yes,No,No,0,United States,California,Millbrae,94030,37.601248,-122.403099,20350,Q3,0,0,7,Offer E,1,26.29,0,Yes,Fiber Optic,20,0,0,1,0,1,0,0,0,One Year,1,Bank Withdrawal,84.35,609.65,29.17,10,184.03,774.51,3,Stayed,No,38,2107,,,0.91
9701-CDXHR,Female,63,No,No,Yes,No,0,United States,California,Fallbrook,92028,33.362575,-117.299644,42239,Q3,1,1,51,Offer B,1,45.76,0,Yes,Fiber Optic,13,0,0,0,0,0,0,0,0,Month-to-Month,0,Credit Card,69.15,3649.6,0.0,110,2333.76,6093.36,4,Stayed,No,55,5187,,,1.0
2720-FVBQP,Female,28,Yes,No,Yes,Yes,1,United States,California,Mccloud,96057,41.251322,-122.105209,1586,Q3,1,1,6,Offer E,1,24.83,1,Yes,Cable,82,0,0,0,0,0,0,0,1,Month-to-Month,1,Credit Card,48.95,273.25,0.0,0,148.98,422.23,3,Stayed,No,30,3061,,,0.95
9094-AZPHK,Female,64,No,No,No,No,0,United States,California,San Bernardino,92405,34.142747,-117.300864,24644,Q3,0,0,15,Offer D,1,32.07,1,Yes,Fiber Optic,28,0,1,0,0,1,1,1,0,Month-to-Month,1,Bank Withdrawal,100.15,1415.0,0.0,0,481.05,1896.05,3,Stayed,No,65,2565,,,1.0
9603-OAIHC,Male,72,No,Yes,No,No,0,United States,California,Palmdale,93551,34.613476,-118.256358,34045,Q3,0,0,1,Offer E,1,2.97,0,Yes,Fiber Optic,5,0,0,0,0,0,0,0,1,Two Year,1,Bank Withdrawal,70.05,70.05,0.0,0,2.97,73.02,3,Joined,No,51,2469,,,0.98
3039-MJSLN,Male,36,No,No,No,Yes,3,United States,California,Cressey,95312,37.420273,-120.66527,55,Q3,0,0,3,,1,18.43,0,No,,0,0,0,0,0,0,0,0,0,Month-to-Month,0,Bank Withdrawal,20.2,50.6,0.0,0,55.29,105.89,3,Joined,No,46,3594,,,0.99
9274-UARKJ,Female,60,No,No,No,No,0,United States,California,Modesto,95351,37.621458,-121.012295,47536,Q3,0,0,15,,1,10.43,0,Yes,Fiber Optic,29,0,1,0,0,1,0,0,1,Month-to-Month,1,Bank Withdrawal,83.2,1130.0,0.0,0,156.45,1286.45,3,Stayed,No,36,4096,,,0.94
0786-IVLAW,Female,72,No,Yes,No,No,0,United States,California,Valley Village,91607,34.165783,-118.399795,27453,Q3,0,0,66,,1,3.57,1,Yes,Fiber Optic,28,0,1,1,0,1,1,0,1,One Year,0,Bank Withdrawal,108.1,7238.6,0.0,0,235.62,7474.22,3,Stayed,No,20,4722,,,0.99
6849-WLEYG,Male,43,No,No,No,Yes,3,United States,California,Emeryville,94608,37.83726,-122.287648,24589,Q3,0,0,1,,1,11.91,0,No,,0,0,0,0,0,0,0,0,0,Month-to-Month,0,Credit Card,19.75,19.75,0.0,0,11.91,31.66,3,Churned,Yes,92,2611,Attitude,Attitude of support person,0.97
0871-OPBXW,Female,57,No,No,No,No,0,United States,California,Escondido,92027,33.141265,-116.967221,48690,Q3,0,0,2,Offer E,1,6.85,0,No,,0,0,0,0,0,0,0,0,0,Month-to-Month,1,Mailed Check,20.05,39.25,0.0,0,13.7,52.95,3,Joined,No,80,5191,,,0.96
8687-BAFGU,Male,34,No,No,No,No,0,United States,California,Clovis,93612,36.814539,-119.711868,33856,Q3,0,0,1,Offer E,1,23.7,0,Yes,Fiber Optic,25,0,0,0,1,0,0,0,1,Month-to-Month,0,Bank Withdrawal,74.0,74.0,0.0,0,23.7,97.7,4,Joined,No,34,4148,,,0.84
2585-KTFRE,Male,61,No,No,No,Yes,1,United States,California,Escondido,92027,33.141265,-116.967221,48690,Q3,0,0,1,,1,20.1,0,Yes,Cable,21,1,1,0,1,0,1,1,1,Month-to-Month,1,Bank Withdrawal,70.45,70.45,0.0,0,20.1,90.55,3,Joined,No,53,2706,,,0.88
5141-ZUVBH,Female,46,No,No,No,Yes,1,United States,California,Boron,93516,34.95703,-117.73045,2241,Q3,0,0,9,,1,42.1,0,Yes,Fiber Optic,16,1,0,1,1,0,1,1,1,Month-to-Month,0,Bank Withdrawal,93.0,870.25,0.0,0,378.9,1249.15,3,Stayed,No,40,2267,,,0.93
8728-SKJLR,Male,45,No,No,No,No,0,United States,California,Olancha,93549,36.296851,-117.865469,318,Q3,0,0,41,Offer B,1,1.08,0,Yes,Fiber Optic,6,0,0,0,1,0,0,0,1,Month-to-Month,1,Bank Withdrawal,74.25,3089.1,0.0,0,44.28,3133.38,3,Stayed,No,78,3277,,,0.94
2369-FEVNO,Male,36,No,No,No,No,0,United States,California,Long Beach,90806,33.802664,-118.179971,49647,Q3,0,0,1,,1,7.76,0,No,,0,0,0,0,0,0,0,0,0,Month-to-Month,1,Credit Card,19.9,19.9,0.0,0,7.76,27.659999999999997,3,Joined,No,52,4590,,,0.91
1724-IQWNM,Male,37,No,No,No,Yes,1,United States,California,Burbank,91504,34.213049,-118.317651,25882,Q3,0,0,1,Offer E,1,8.66,0,No,,0,0,0,0,0,0,0,0,0,Month-to-Month,1,Credit Card,19.3,19.3,0.0,0,8.66,27.96,3,Joined,No,46,4136,,,0.91
3858-VOBET,Male,48,No,No,No,No,0,United States,California,San Diego,92117,32.825086,-117.199424,51213,Q3,0,0,23,,1,28.8,1,Yes,Cable,13,0,0,0,0,0,0,0,1,Month-to-Month,1,Bank Withdrawal,74.95,1710.45,0.0,0,662.4,2372.85,3,Churned,Yes,89,5897,Competitor,Competitor made better offer,0.92
4393-OBCRR,Female,60,No,No,No,No,0,United States,California,Bella Vista,96008,40.722733,-122.109666,899,Q3,0,0,3,,1,1.47,0,No,,0,0,0,0,0,0,0,0,0,One Year,0,Mailed Check,20.25,71.2,0.0,0,4.41,75.61,3,Joined,No,31,4331,,,0.83
0018-NYROU,Female,58,No,No,Yes,No,0,United States,California,Antelope,95843,38.715498,-121.363411,36432,Q3,0,0,5,,1,18.65,0,Yes,Fiber Optic,10,0,0,0,0,0,0,0,1,Month-to-Month,1,Bank Withdrawal,68.95,351.5,0.0,0,93.25,444.75,3,Stayed,No,57,5536,,,1.0
3308-MHOOC,Male,37,No,No,No,Yes,3,United States,California,Scotia,95565,40.440636,-124.098739,1125,Q3,0,0,1,,1,17.89,0,No,,0,0,0,0,0,0,0,0,0,Month-to-Month,1,Credit Card,19.2,19.2,0.0,0,17.89,37.09,3,Joined,No,76,3383,,,0.91
3807-XHCJH,Female,21,Yes,No,Yes,Yes,3,United States,California,Fish Camp,93623,37.483535,-119.679414,77,Q3,1,4,1,,1,6.86,0,No,,0,0,0,0,0,0,0,0,0,Month-to-Month,0,Bank Withdrawal,20.0,20.0,0.0,0,6.86,26.86,4,Joined,No,33,2358,,,0.94
0603-OLQDC,Male,41,No,No,No,Yes,1,United States,California,Whittier,90601,34.007353,-118.033683,32050,Q3,0,0,12,Offer D,1,27.07,0,Yes,Cable,29,1,0,0,0,1,1,1,1,Month-to-Month,1,Mailed Check,69.85,837.5,0.0,0,324.84000000000003,1162.34,3,Stayed,No,36,5796,,,0.97
3055-OYMSE,Female,75,No,Yes,No,No,0,United States,California,Saratoga,95070,37.257772,-122.051824,30589,Q3,0,0,53,,1,16.74,0,Yes,Fiber Optic,15,0,1,0,0,0,0,0,1,Month-to-Month,1,Credit Card,73.8,4003.85,0.0,0,887.2199999999999,4891.07,3,Stayed,No,45,6469,,,0.86
7379-FNIUJ,Male,49,No,No,No,No,0,United States,California,Olympic Valley,96146,39.191797,-120.212401,942,Q3,0,0,2,Offer E,1,22.56,0,Yes,Fiber Optic,15,1,1,0,0,1,1,1,0,Month-to-Month,0,Bank Withdrawal,100.2,198.5,0.0,10,45.12,253.62,3,Joined,No,23,4855,,,0.97
9572-WUKSB,Male,22,Yes,No,Yes,No,0,United States,California,South Pasadena,91030,34.110444,-118.156957,23984,Q3,1,5,3,,0,0.0,0,Yes,DSL,41,0,0,0,1,0,0,0,1,Month-to-Month,1,Bank Withdrawal,29.9,92.25,0.0,0,0.0,92.25,3,Joined,No,23,4416,,,0.95
3904-UKFRE,Male,27,Yes,No,No,No,0,United States,California,Stockton,95205,37.965695,-121.260051,34138,Q3,0,0,4,Offer E,1,44.16,1,Yes,Fiber Optic,82,1,0,0,0,0,0,0,1,Month-to-Month,1,Bank Withdrawal,80.1,336.15,0.0,0,176.64,512.79,3,Stayed,No,67,2333,,,1.0
2057-ZBLPD,Female,50,No,No,Yes,No,0,United States,California,Los Gatos,95032,37.233034,-121.947427,24443,Q3,1,3,21,Offer D,1,42.22,1,Yes,Fiber Optic,29,0,0,0,0,0,1,1,1,Month-to-Month,1,Bank Withdrawal,86.5,1808.7,0.0,0,886.62,2695.32,3,Churned,Yes,72,2036,Competitor,Competitor offered more data,0.99
4832-VRBMR,Male,65,No,Yes,Yes,No,0,United States,California,Parker Dam,92267,34.273872,-114.192901,131,Q3,1,1,65,,1,16.65,1,Yes,Fiber Optic,5,0,1,1,0,1,1,1,1,One Year,1,Bank Withdrawal,103.15,6792.45,0.0,0,1082.25,7874.7,3,Stayed,No,51,6441,,,0.94
5858-EAFCZ,Male,45,No,No,No,No,0,United States,California,Rialto,92377,34.156758,-117.404686,18518,Q3,0,0,1,,1,23.34,0,Yes,DSL,16,0,0,0,0,0,0,0,1,Month-to-Month,0,Credit Card,44.45,44.45,0.0,0,23.34,67.79,3,Joined,No,74,3498,,,0.96
2876-GZYZC,Female,49,No,No,No,No,0,United States,California,Cerritos,90703,33.8681,-118.067402,51556,Q3,0,0,13,,1,29.21,1,Yes,Fiber Optic,22,0,0,0,0,0,1,1,1,Month-to-Month,1,Bank Withdrawal,85.95,1215.65,0.0,0,379.73,1595.38,5,Stayed,No,58,5886,,,0.93
5868-YTYKS,Male,21,Yes,No,No,Yes,2,United States,California,Davenport,95017,37.114335,-122.237162,857,Q3,0,0,1,Offer E,1,47.25,0,No,,0,0,0,0,0,0,0,0,0,Month-to-Month,1,Credit Card,20.25,20.25,0.0,0,47.25,67.5,3,Joined,No,48,2448,,,0.97
5365-LLFYV,Female,43,No,No,No,No,0,United States,California,Penryn,95663,38.859093,-121.182872,2048,Q3,0,0,2,Offer E,1,5.47,0,Yes,DSL,29,0,0,0,0,0,0,0,1,Month-to-Month,1,Credit Card,45.85,105.6,0.0,0,10.94,116.54,3,Joined,No,65,2245,,,0.93
5989-PGKJB,Female,40,No,No,No,No,0,United States,California,San Diego,92121,32.898613,-117.202937,4258,Q3,0,0,16,Offer D,1,22.3,0,Yes,Fiber Optic,28,0,1,0,0,0,1,1,1,Month-to-Month,1,Bank Withdrawal,86.25,1340.1,0.0,0,356.8,1696.9,5,Stayed,No,65,3511,,,0.96
8896-BQTTI,Male,41,No,No,No,No,0,United States,California,Cool,95614,38.880622,-120.973865,3674,Q3,0,0,1,Offer E,1,3.39,1,No,,0,0,0,0,0,0,0,0,0,Month-to-Month,1,Credit Card,25.0,25.0,0.0,0,3.39,28.39,3,Joined,No,53,2371,,,0.91
9626-VFRGG,Female,33,No,No,No,Yes,2,United States,California,Susanville,96130,40.559177,-120.612113,19440,Q3,0,0,41,,1,18.72,1,Yes,Fiber Optic,10,0,1,0,0,1,0,0,1,Month-to-Month,1,Bank Withdrawal,88.5,3645.05,0.0,0,767.52,4412.57,3,Stayed,No,27,5984,,,0.96
9741-YLNTD,Male,37,No,No,No,No,0,United States,California,Greenfield,93927,36.248708,-121.386617,14204,Q3,0,0,6,,1,43.37,1,Yes,Fiber Optic,12,0,0,0,1,0,1,1,1,Month-to-Month,1,Bank Withdrawal,87.95,522.35,0.0,0,260.21999999999997,782.5699999999999,3,Stayed,No,47,2684,,,0.92
6806-YDEUL,Female,67,No,Yes,No,No,0,United States,California,Sacramento,95817,38.550722,-121.457314,14966,Q3,0,0,6,Offer E,1,2.03,0,No,,0,0,0,0,0,0,0,0,0,Two Year,0,Bank Withdrawal,19.5,106.8,0.0,0,12.18,118.98,3,Stayed,No,77,3288,,,0.94
8267-KFGYD,Male,53,No,No,No,Yes,1,United States,California,Alhambra,91803,34.074736,-118.145959,30635,Q3,0,0,1,,1,10.14,0,No,,0,0,0,0,0,0,0,0,0,Month-to-Month,1,Mailed Check,21.05,21.05,0.0,0,10.14,31.19,3,Joined,No,32,3389,,,0.92
3841-CONLJ,Female,33,No,No,Yes,No,0,United States,California,Morro Bay,93442,35.369553,-120.763864,10909,Q3,1,9,1,,0,0.0,0,Yes,DSL,14,0,0,0,0,0,1,1,1,Month-to-Month,0,Bank Withdrawal,35.0,35.0,0.0,0,0.0,35.0,3,Joined,No,54,4099,,,0.99
6345-ULYRW,Male,68,No,Yes,Yes,No,0,United States,California,Laguna Beach,92651,33.570023,-117.773669,25206,Q3,1,1,44,,1,24.62,1,Yes,Cable,14,0,1,0,0,0,1,1,1,One Year,0,Credit Card,88.4,3912.9,0.0,0,1083.28,4996.18,3,Churned,Yes,91,2674,Competitor,Competitor made better offer,0.89
6407-UTSLV,Female,76,No,Yes,No,No,0,United States,California,Compton,90222,33.912246,-118.236773,29825,Q3,0,0,2,,1,32.98,0,Yes,Fiber Optic,14,0,1,0,0,1,0,0,1,Two Year,1,Bank Withdrawal,83.8,163.7,0.0,0,65.96,229.65999999999997,3,Joined,No,53,2885,,,0.73
8270-RKSAP,Male,30,No,No,No,No,0,United States,California,Anaheim,92801,33.844983,-117.952151,60553,Q3,0,0,9,Offer E,1,40.71,0,Yes,Fiber Optic,52,0,0,0,0,0,0,0,1,Month-to-Month,1,Bank Withdrawal,70.5,597.9,0.0,0,366.39,964.29,3,Stayed,No,37,3198,,,0.98
2227-JRSJX,Female,22,Yes,No,No,No,0,United States,California,Monterey Park,91754,34.050322,-118.147037,33280,Q3,0,0,21,Offer D,1,6.12,0,Yes,Fiber Optic,51,0,1,0,1,1,1,1,1,Month-to-Month,1,Bank Withdrawal,99.15,1956.4,0.0,0,128.52,2084.92,3,Stayed,No,36,5324,,,0.99
4450-DLLMH,Male,53,No,No,No,No,0,United States,California,Avalon,90704,33.391181,-118.421305,3699,Q3,0,0,2,Offer E,1,6.74,0,Yes,Fiber Optic,3,0,0,0,0,0,0,0,1,Month-to-Month,1,Credit Card,71.3,157.75,0.0,0,13.48,171.23,3,Joined,No,43,2274,,,0.96
5129-JLPIS,Male,27,Yes,No,No,No,0,United States,California,Los Angeles,90016,34.028331,-118.354338,46984,Q3,0,0,25,,1,10.4,0,Yes,Fiber Optic,48,1,0,1,1,1,1,1,1,Month-to-Month,1,Bank Withdrawal,105.5,2686.05,0.0,0,260.0,2946.05,3,Stayed,No,75,5822,,,0.93
6942-LBFDP,Female,30,No,No,No,No,0,United States,California,Bakersfield,93308,35.559617,-118.925185,44915,Q3,0,0,2,,1,16.7,0,No,,0,0,0,0,0,0,0,0,0,Month-to-Month,1,Mailed Check,20.55,33.6,0.0,0,33.4,67.0,3,Joined,No,25,5629,,,1.0
7994-UYIVZ,Male,62,No,No,Yes,No,0,United States,California,Miramonte,93641,36.696759,-119.024051,571,Q3,1,1,8,Offer E,1,39.59,1,Yes,Fiber Optic,16,0,0,0,0,0,1,1,0,Month-to-Month,1,Bank Withdrawal,85.65,659.45,0.0,70,316.72,1046.17,4,Stayed,No,72,2512,,,0.97
6754-WKSHP,Male,61,No,No,No,Yes,2,United States,California,Brisbane,94005,37.684694,-122.40712,3635,Q3,0,0,30,Offer C,1,4.27,1,No,,0,0,0,0,0,0,0,0,0,One Year,0,Bank Withdrawal,25.35,723.3,0.0,0,128.1,851.4,3,Stayed,No,47,5915,,,0.97
3462-BJQQA,Female,23,Yes,No,No,No,0,United States,California,Belvedere Tiburon,94920,37.885629,-122.46858,13065,Q3,0,0,6,,1,34.42,1,Yes,Fiber Optic,42,0,1,0,0,1,0,0,0,Month-to-Month,1,Bank Withdrawal,89.75,552.65,0.0,60,206.52,819.17,5,Stayed,No,63,2370,,,0.99
0426-TIRNE,Female,54,No,No,No,No,0,United States,California,Encino,91316,34.150354,-118.518292,27614,Q3,0,0,1,Offer E,1,15.51,0,No,,0,0,0,0,0,0,0,0,0,Month-to-Month,0,Credit Card,20.9,20.9,0.0,0,15.51,36.41,3,Churned,Yes,90,5527,Dissatisfaction,Limited range of services,0.97
2144-BFDSO,Female,70,No,Yes,Yes,No,0,United States,California,Ranchita,92066,33.215251,-116.53633,339,Q3,1,1,50,Offer B,1,9.18,1,Yes,Fiber Optic,2,1,1,1,0,1,1,1,1,Month-to-Month,0,Bank Withdrawal,108.75,5431.9,0.0,0,459.0,5890.9,3,Stayed,No,54,5211,,,0.89
6646-JPPHA,Female,76,No,Yes,No,No,0,United States,California,Fullerton,92832,33.868316,-117.929029,24502,Q3,0,0,14,,1,48.01,0,Yes,Fiber Optic,2,1,1,0,0,0,0,0,0,Month-to-Month,0,Bank Withdrawal,78.85,1043.8,0.0,50,672.14,1765.94,3,Stayed,No,44,5327,,,0.94
1096-ADRUX,Female,34,No,No,Yes,Yes,1,United States,California,Placentia,92870,33.881158,-117.854783,48170,Q3,1,1,66,,1,37.84,1,Yes,Fiber Optic,17,0,0,0,0,0,0,0,1,One Year,1,Bank Withdrawal,74.25,4859.25,0.0,0,2497.44,7356.69,3,Stayed,No,45,4395,,,0.99
0374-AACSZ,Female,63,No,No,No,No,0,United States,California,Lancaster,93534,34.727529,-118.153098,35109,Q3,0,0,1,Offer E,1,38.33,0,Yes,DSL,24,1,0,0,0,0,0,0,0,Month-to-Month,0,Bank Withdrawal,50.15,50.15,0.0,50,38.33,138.48000000000002,3,Joined,No,30,4421,,,0.98
4813-HQMGZ,Female,54,No,No,Yes,No,0,United States,California,Ducor,93218,35.846067,-119.004073,823,Q3,1,4,8,Offer E,1,9.88,1,Yes,Fiber Optic,4,0,0,0,1,0,1,1,0,Month-to-Month,1,Bank Withdrawal,90.25,743.75,0.0,0,79.04,822.79,3,Stayed,No,76,4969,,,0.94
3927-NLNRY,Male,48,No,No,Yes,No,0,United States,California,Long Barn,95335,38.109125,-120.078597,683,Q3,1,1,53,Offer B,1,15.77,0,Yes,Fiber Optic,9,0,1,0,0,1,1,1,1,One Year,1,Bank Withdrawal,94.25,4867.95,0.0,0,835.81,5703.76,3,Churned,Yes,96,5414,Other,Moved,0.99
9565-JSNFM,Male,39,No,No,No,No,0,United States,California,Meadow Valley,95956,39.937017,-121.058043,301,Q3,0,0,38,,1,33.71,0,Yes,Fiber Optic,17,0,0,0,0,0,0,0,1,One Year,1,Bank Withdrawal,70.45,2597.6,0.0,0,1280.98,3878.58,3,Churned,Yes,82,5437,Price,Lack of affordable download/upload speed,0.97
2774-LVQUS,Female,65,No,Yes,Yes,No,0,United States,California,Temecula,92592,33.507255,-117.029473,46171,Q3,1,2,15,,1,44.13,1,Yes,Fiber Optic,3,0,0,1,1,0,0,0,0,Month-to-Month,1,Bank Withdrawal,83.05,1258.3,0.0,110,661.95,2030.25,3,Churned,Yes,70,2596,Competitor,Competitor made better offer,0.99
4090-KPJIP,Female,42,No,No,No,No,0,United States,California,Anaheim,92806,33.83796,-117.870494,34398,Q3,0,0,3,Offer E,1,1.64,1,Yes,Fiber Optic,8,0,0,0,0,0,0,0,1,Month-to-Month,1,Bank Withdrawal,74.95,212.4,27.6,0,4.92,189.72,5,Joined,No,70,3641,,,0.92
2275-RBYQS,Female,38,No,No,No,No,0,United States,California,Sun City,92587,33.69887,-117.25071,13151,Q3,0,0,1,Offer E,1,49.33,0,Yes,DSL,21,0,0,0,0,0,0,0,1,Month-to-Month,1,Credit Card,45.4,45.4,0.0,0,49.33,94.73,3,Joined,No,50,4916,,,0.95
8405-IGQFX,Female,41,No,No,No,No,0,United States,California,Bridgeport,93517,38.184583,-119.286558,826,Q3,0,0,63,Offer B,1,40.34,0,Yes,Fiber Optic,8,0,0,1,1,1,0,0,1,One Year,1,Credit Card,90.05,5817.0,0.0,0,2541.42,8358.42,3,Stayed,No,45,4039,,,0.99
7856-GANIL,Male,71,No,Yes,Yes,No,0,United States,California,Irvine,92606,33.703976,-117.824172,17621,Q3,1,1,45,Offer B,1,2.38,1,Yes,Fiber Optic,20,0,1,1,1,1,0,0,1,One Year,1,Bank Withdrawal,98.7,4525.8,0.0,0,107.1,4632.900000000001,3,Stayed,No,66,2535,,,0.92
3694-GLTJM,Female,62,No,No,No,No,0,United States,California,Corning,96021,39.913777,-122.289984,13840,Q3,0,0,5,,1,41.93,0,No,,0,0,0,0,0,0,0,0,0,Month-to-Month,1,Credit Card,19.65,92.05,0.0,0,209.65,301.7,3,Stayed,No,42,2878,,,0.96
9848-JQJTX,Male,52,No,No,No,No,0,United States,California,Venice,90291,33.991782,-118.479229,31021,Q3,0,0,72,Offer A,1,24.53,1,Yes,Fiber Optic,12,0,1,1,0,1,1,1,1,Two Year,1,Bank Withdrawal,100.9,7459.05,0.0,0,1766.16,9225.21,3,Stayed,No,54,5781,,,1.0
6198-ZFIOJ,Female,50,No,No,No,No,0,United States,California,Willits,95490,39.492046,-123.375818,13472,Q3,0,0,5,,1,19.3,1,Yes,Fiber Optic,25,0,0,0,0,0,0,0,0,Month-to-Month,0,Bank Withdrawal,75.6,402.5,0.0,10,96.5,509.0,3,Stayed,No,27,3469,,,0.71
3003-CMDUU,Female,22,Yes,No,Yes,No,0,United States,California,Santa Paula,93060,34.402343,-119.094824,32511,Q3,0,0,25,,1,29.81,0,Yes,Fiber Optic,52,0,0,0,1,1,1,1,0,Month-to-Month,1,Bank Withdrawal,95.15,2395.7,0.0,80,745.25,3220.95,3,Stayed,No,52,3273,,,0.97
4369-NYSCF,Male,61,No,No,No,No,0,United States,California,Oakland,94606,37.792489,-122.244314,41876,Q3,0,0,56,Offer B,1,18.42,0,Yes,DSL,13,0,1,0,1,1,1,1,0,One Year,1,Bank Withdrawal,75.75,4284.65,0.0,90,1031.52,5406.17,3,Stayed,No,56,6487,,,0.97
6734-CKRSM,Female,38,No,No,No,No,0,United States,California,Stirling City,95978,39.904002,-121.527823,28,Q3,0,0,3,,1,40.2,0,No,,0,0,0,0,0,0,0,0,0,Month-to-Month,0,Mailed Check,20.0,63.6,0.0,0,120.6,184.2,3,Joined,No,65,4258,,,0.97
7781-EWARA,Male,19,Yes,No,Yes,Yes,3,United States,California,Big Bend,96011,41.096569,-121.879082,265,Q3,1,1,70,Offer A,0,0.0,0,Yes,Cable,47,0,1,1,1,1,1,1,1,One Year,0,Bank Withdrawal,60.35,4138.7,49.23,0,0.0,4089.47,3,Stayed,No,56,4122,,,0.96
4983-CLMLV,Female,30,No,No,Yes,No,0,United States,California,Escondido,92027,33.141265,-116.967221,48690,Q3,0,0,52,,1,44.34,1,Yes,Fiber Optic,71,0,1,0,1,1,1,1,1,Month-to-Month,1,Credit Card,102.7,5138.1,0.0,0,2305.6800000000003,7443.780000000001,3,Stayed,No,63,4044,,,0.99
6464-KEXXH,Male,55,No,No,No,No,0,United States,California,Fillmore,93015,34.408161,-118.865111,16013,Q3,0,0,8,,0,0.0,0,Yes,Cable,16,0,0,0,0,0,0,0,1,Month-to-Month,1,Credit Card,25.25,186.3,0.0,0,0.0,186.3,3,Stayed,No,33,2372,,,0.8
7315-WYOAW,Male,29,Yes,No,No,No,0,United States,California,Santa Monica,90405,34.005439,-118.477507,26099,Q3,0,0,13,Offer D,1,44.43,1,Yes,Fiber Optic,41,0,0,0,1,1,1,1,0,Month-to-Month,0,Bank Withdrawal,100.75,1313.25,0.0,120,577.59,2010.84,3,Stayed,No,80,5985,,,0.92
0422-UXFAP,Female,34,No,No,Yes,No,0,United States,California,San Diego,92117,32.825086,-117.199424,51213,Q3,1,1,51,Offer B,1,47.72,1,Yes,Fiber Optic,23,0,0,1,0,1,1,1,0,One Year,1,Bank Withdrawal,98.85,4947.55,0.0,130,2433.72,7511.27,5,Stayed,No,43,6034,,,0.78
2209-XADXF,Female,40,No,No,No,No,0,United States,California,Willow Creek,95573,40.949012,-123.655847,1666,Q3,0,0,1,Offer E,0,0.0,0,Yes,DSL,15,0,0,0,0,0,0,0,0,Month-to-Month,0,Bank Withdrawal,25.25,25.25,0.0,10,0.0,35.25,5,Joined,No,28,4831,,,0.98
3320-VEOYC,Male,65,No,Yes,No,No,0,United States,California,Beverly Hills,90210,34.099891,-118.414338,21397,Q3,0,0,14,,1,37.62,1,Yes,Fiber Optic,10,0,0,0,0,1,1,1,1,Month-to-Month,1,Bank Withdrawal,95.6,1273.3,0.0,0,526.68,1799.98,3,Stayed,No,78,3502,,,0.96
1784-EZDKJ,Male,31,No,No,Yes,No,0,United States,California,Hemet,92544,33.644585,-116.871544,39264,Q3,1,3,51,Offer B,1,29.4,1,Yes,Fiber Optic,21,0,1,1,0,1,1,1,0,One Year,1,Bank Withdrawal,106.8,5498.8,0.0,140,1499.4,7138.2,3,Stayed,No,33,4640,,,0.85
9972-VAFJJ,Female,77,No,Yes,Yes,No,0,United States,California,San Diego,92116,32.765299,-117.122565,33083,Q3,1,1,53,,1,47.64,0,Yes,Fiber Optic,25,0,1,1,1,1,0,0,1,One Year,1,Bank Withdrawal,94.0,4871.45,0.0,0,2524.92,7396.37,3,Stayed,No,73,6355,,,0.96
4137-BTIKL,Male,55,No,No,No,No,0,United States,California,Daggett,92327,34.875144,-116.821698,678,Q3,0,0,2,Offer E,1,27.17,1,Yes,Fiber Optic,23,1,0,0,0,0,1,1,1,Month-to-Month,0,Credit Card,90.75,174.75,0.0,0,54.34,229.09,3,Joined,No,60,4766,,,0.79
2371-KFUOG,Male,54,No,No,No,No,0,United States,California,Escondido,92025,33.081478,-117.033814,49281,Q3,0,0,58,Offer B,1,32.67,0,Yes,Fiber Optic,14,1,1,0,0,1,1,1,1,One Year,0,Bank Withdrawal,99.15,5720.95,0.0,0,1894.86,7615.81,3,Stayed,No,26,6409,,,0.95
2220-IAHLS,Female,49,No,No,No,No,0,United States,California,Modesto,95356,37.716186,-121.025836,26055,Q3,0,0,1,,1,2.85,0,No,,0,0,0,0,0,0,0,0,0,Month-to-Month,0,Credit Card,19.4,19.4,0.0,0,2.85,22.25,3,Joined,No,21,5566,,,0.96
4781-ZXYGU,Male,25,Yes,No,Yes,Yes,2,United States,California,Sausalito,94965,37.848641,-122.515692,11213,Q3,1,7,1,Offer E,1,18.63,0,No,,0,0,0,0,0,0,0,0,0,Month-to-Month,1,Bank Withdrawal,20.15,20.15,0.0,0,18.63,38.78,3,Joined,No,40,3960,,,0.93
3278-FSIXX,Female,34,No,No,No,No,0,United States,California,Blue Lake,95525,40.94338,-123.831799,1584,Q3,0,0,2,Offer E,1,39.5,0,Yes,Cable,26,0,0,0,0,0,0,0,1,Month-to-Month,1,Credit Card,45.25,74.2,0.0,0,79.0,153.2,3,Joined,No,27,5441,,,0.94
2545-EBUPK,Female,70,No,Yes,No,No,0,United States,California,Los Angeles,90045,33.954017,-118.402447,39334,Q3,0,0,2,Offer E,1,21.9,1,Yes,Fiber Optic,22,0,0,0,0,0,1,0,1,Two Year,1,Bank Withdrawal,84.05,186.05,0.0,0,43.8,229.85,3,Joined,No,72,5039,,,0.96
7017-VFULY,Female,38,No,No,Yes,No,0,United States,California,Chatsworth,91311,34.294142,-118.603883,35325,Q3,1,9,2,,1,32.86,0,No,,0,0,0,0,0,0,0,0,0,Month-to-Month,0,Bank Withdrawal,20.1,43.15,0.0,0,65.72,108.87,3,Joined,No,26,4158,,,1.0
6435-SRWBJ,Female,21,Yes,No,No,No,0,United States,California,Los Angeles,90068,34.137411,-118.328915,21728,Q3,0,0,5,Offer E,1,29.74,1,Yes,Fiber Optic,42,0,0,1,1,0,0,0,1,Month-to-Month,1,Bank Withdrawal,82.75,417.75,0.0,0,148.7,566.45,4,Stayed,No,36,5269,,,0.97
0455-XFASS,Female,61,No,No,Yes,Yes,2,United States,California,Campbell,95008,37.279689,-121.954567,44976,Q3,1,3,3,,1,1.67,0,Yes,Fiber Optic,19,0,0,0,0,0,0,0,1,Month-to-Month,1,Bank Withdrawal,69.55,200.2,33.8,0,5.01,171.40999999999997,3,Joined,No,59,5998,,,0.93
8035-PWSEV,Female,60,No,No,No,No,0,United States,California,Hayward,94542,37.656695,-122.048361,11147,Q3,0,0,6,Offer E,1,35.88,0,Yes,Fiber Optic,10,0,0,1,1,0,1,1,1,Month-to-Month,1,Bank Withdrawal,89.25,487.05,0.0,0,215.28000000000003,702.33,3,Stayed,No,76,4430,,,0.86
0641-EVBOJ,Male,61,No,No,No,No,0,United States,California,Coarsegold,93614,37.212191,-119.749323,9395,Q3,0,0,3,,1,44.97,0,Yes,Fiber Optic,16,1,0,0,1,0,0,0,0,Month-to-Month,1,Credit Card,82.3,214.4,0.0,20,134.91,369.31,4,Joined,No,56,5755,,,0.84
2905-KFQUV,Female,61,No,No,Yes,No,0,United States,California,Moss Beach,94038,37.515556,-122.502311,3064,Q3,1,9,2,,1,7.49,0,Yes,Fiber Optic,14,0,0,0,0,0,0,0,1,Month-to-Month,1,Credit Card,70.4,154.8,0.0,0,14.98,169.78,3,Joined,No,39,5748,,,0.98
7410-OIEDU,Male,29,Yes,No,No,No,0,United States,California,Culver City,90230,33.993991,-118.39704,31963,Q3,0,0,10,,1,48.38,0,Yes,Fiber Optic,42,1,0,1,0,0,0,0,1,Month-to-Month,1,Credit Card,79.85,887.35,0.0,0,483.8,1371.15,3,Stayed,No,38,5983,,,0.98
6260-ONULR,Male,55,No,No,No,No,0,United States,California,Middletown,95461,38.787446,-122.58675,7789,Q3,0,0,1,,1,42.19,0,Yes,Cable,29,0,0,0,0,1,1,1,1,Month-to-Month,1,Credit Card,62.8,62.8,0.0,0,42.19,104.99,5,Joined,No,36,2438,,,0.97
8212-CRQXP,Female,20,Yes,No,Yes,No,0,United States,California,Alviso,95002,37.449537,-121.994813,2147,Q3,1,1,22,,1,45.1,0,Yes,Fiber Optic,41,0,0,0,0,1,0,0,0,Month-to-Month,1,Credit Card,80.0,1706.45,0.0,50,992.2,2748.65,3,Stayed,No,80,2640,,,0.99
7714-YXSMB,Female,60,No,No,No,No,0,United States,California,Irvine,92612,33.643095,-117.810896,41062,Q3,0,0,26,Offer C,1,25.66,1,Yes,Fiber Optic,3,0,0,1,0,1,1,1,1,Month-to-Month,1,Bank Withdrawal,100.5,2599.95,0.0,0,667.16,3267.1099999999997,3,Stayed,No,50,2921,,,0.98
5433-KYGHE,Female,53,No,No,No,Yes,1,United States,California,Avila Beach,93424,35.186644,-120.728305,812,Q3,0,0,14,Offer D,1,47.72,1,Yes,Fiber Optic,22,1,0,0,1,0,0,0,1,Month-to-Month,1,Mailed Check,86.0,1164.05,0.0,0,668.0799999999999,1832.13,3,Stayed,No,33,5494,,,0.95
4118-CEVPF,Female,74,No,Yes,No,No,0,United States,California,Redwood City,94062,37.410567,-122.297152,25569,Q3,0,0,35,,1,32.92,1,Yes,Fiber Optic,22,1,1,1,1,1,1,1,0,One Year,1,Bank Withdrawal,110.8,3836.3,0.0,110,1152.2,5098.5,3,Stayed,No,35,2125,,,0.96
0581-MDMPW,Female,63,No,No,No,No,0,United States,California,San Jose,95148,37.339533,-121.777179,44103,Q3,0,0,24,Offer C,1,44.09,1,Yes,Fiber Optic,9,0,0,1,0,1,0,0,1,Month-to-Month,1,Credit Card,88.95,2072.75,0.0,0,1058.16,3130.91,3,Stayed,No,37,5557,,,0.98
5399-ZIMKF,Male,58,No,No,No,No,0,United States,California,San Simeon,93452,35.746484,-121.223355,471,Q3,0,0,5,,1,32.81,0,Yes,Fiber Optic,16,0,1,0,0,0,0,0,1,Month-to-Month,1,Bank Withdrawal,74.65,383.65,0.0,0,164.05,547.7,3,Stayed,No,34,3319,,,0.94
9547-ITEFG,Male,32,No,No,Yes,Yes,3,United States,California,San Diego,92105,32.741859,-117.090353,73006,Q3,1,8,9,Offer E,1,23.42,1,Yes,Fiber Optic,30,0,1,1,0,1,1,1,1,Month-to-Month,1,Credit Card,102.6,897.75,0.0,0,210.78000000000003,1108.53,5,Stayed,No,32,4062,,,0.96
5302-BDJNT,Male,27,Yes,No,No,No,0,United States,California,Sutter Creek,95685,38.432145,-120.77069,4610,Q3,0,0,35,,1,45.62,1,Yes,Fiber Optic,59,0,0,1,1,1,0,0,1,Month-to-Month,0,Bank Withdrawal,95.5,3418.2,0.0,0,1596.6999999999998,5014.9,3,Stayed,No,27,3715,,,0.97
1766-GKNMI,Male,56,No,No,No,No,0,United States,California,Bakersfield,93307,35.280113,-118.962329,59195,Q3,0,0,29,,1,9.49,1,Yes,Fiber Optic,21,0,0,0,0,0,1,1,1,Month-to-Month,1,Bank Withdrawal,84.9,2516.2,47.04,0,275.21,2744.37,3,Stayed,No,69,4388,,,0.96
6242-MBHPK,Female,67,No,Yes,Yes,No,0,United States,California,Hathaway Pines,95233,38.184914,-120.364085,335,Q3,1,1,23,,1,41.88,0,Yes,Fiber Optic,12,1,0,0,0,1,1,1,1,One Year,1,Bank Withdrawal,95.1,2326.05,0.0,0,963.24,3289.29,3,Stayed,No,66,4025,,,0.97
2410-CIYFZ,Male,42,No,No,No,Yes,2,United States,California,Woodland,95776,38.694081,-121.694431,15022,Q3,0,0,2,,1,49.53,0,No,,0,0,0,0,0,0,0,0,0,Month-to-Month,0,Mailed Check,20.4,42.9,0.0,0,99.06,141.96,3,Joined,No,77,3000,,,1.0
6257-DTAYD,Male,27,Yes,No,Yes,No,0,United States,California,Fallbrook,92028,33.362575,-117.299644,42239,Q3,1,1,71,Offer A,1,3.86,1,Yes,Fiber Optic,85,0,1,0,1,1,1,1,1,Two Year,1,Credit Card,104.15,7365.3,0.0,0,274.06,7639.360000000001,4,Stayed,No,65,5973,,,0.98
7159-FVYPK,Female,23,Yes,No,Yes,Yes,3,United States,California,Beaumont,92223,33.946982,-116.977672,17721,Q3,1,3,3,,1,24.28,1,Yes,DSL,73,0,1,1,0,1,0,0,0,Month-to-Month,1,Bank Withdrawal,69.15,235.0,0.0,0,72.84,307.84000000000003,3,Joined,No,22,2301,,,0.83
6519-CFDBX,Female,31,No,No,No,No,0,United States,California,Torrance,90505,33.807882,-118.347957,34873,Q3,0,0,2,,1,10.81,0,Yes,Cable,13,0,0,0,0,0,0,0,1,Month-to-Month,1,Bank Withdrawal,45.4,80.95,0.0,0,21.62,102.57,3,Joined,No,45,4964,,,0.99
6469-QJKZW,Female,35,No,No,Yes,No,0,United States,California,Arroyo Grande,93420,35.176236,-120.483243,24499,Q3,1,5,4,,1,45.84,0,No,,0,0,0,0,0,0,0,0,0,Month-to-Month,0,Bank Withdrawal,20.15,91.4,0.0,0,183.36,274.76,3,Stayed,No,26,2198,,,0.94
5044-LRQAQ,Female,19,Yes,No,Yes,No,0,United States,California,Ladera Ranch,92694,33.569186,-117.640055,350,Q3,1,8,7,,1,41.22,0,Yes,Fiber Optic,73,0,0,0,0,0,0,0,1,Month-to-Month,1,Bank Withdrawal,69.2,477.55,0.0,0,288.53999999999996,766.0899999999999,3,Stayed,No,73,2551,,,0.93
0734-OXWBT,Male,44,No,No,No,Yes,1,United States,California,Covina,91722,34.097345,-117.906736,33817,Q3,0,0,3,Offer E,1,25.04,0,Yes,Cable,17,0,0,0,1,1,1,1,1,Month-to-Month,0,Credit Card,70.7,225.65,0.0,0,75.12,300.77,3,Joined,No,56,2584,,,0.88
5002-GCQFH,Male,30,No,No,Yes,No,0,United States,California,Hercules,94547,37.991259,-122.214945,22479,Q3,1,1,49,Offer B,1,47.17,1,Yes,Fiber Optic,26,1,1,0,0,1,0,0,0,Month-to-Month,1,Bank Withdrawal,93.85,4733.1,0.0,30,2311.33,7074.43,3,Stayed,No,62,5698,,,0.99
3191-CSNMG,Female,57,No,No,Yes,Yes,1,United States,California,Upland,91784,34.141146,-117.655583,23331,Q3,1,5,3,Offer E,1,23.72,0,Yes,Fiber Optic,17,0,0,0,0,1,0,0,1,Month-to-Month,1,Bank Withdrawal,80.7,239.45,0.0,0,71.16,310.61,4,Joined,No,46,2081,,,0.93
6103-BOCOU,Female,37,No,No,No,No,0,United States,California,San Francisco,94117,37.770533,-122.445121,38756,Q3,0,0,26,Offer C,1,20.64,1,Yes,Fiber Optic,22,0,0,1,0,0,0,0,1,Month-to-Month,1,Bank Withdrawal,80.7,2193.0,0.0,0,536.64,2729.64,3,Stayed,No,28,4501,,,0.98
5174-RNGBH,Female,27,Yes,No,No,No,0,United States,California,Live Oak,95953,39.258746,-121.77697,8695,Q3,0,0,9,,1,24.81,0,Yes,Cable,69,0,1,0,1,1,0,0,0,Month-to-Month,0,Mailed Check,66.25,620.55,0.0,10,223.29,853.8399999999999,3,Churned,Yes,67,5515,Dissatisfaction,Network reliability,0.99
3211-AAPKX,Male,26,Yes,No,No,No,0,United States,California,Woodland,95776,38.694081,-121.694431,15022,Q3,0,0,20,,1,23.22,1,Yes,Fiber Optic,59,0,0,0,1,1,1,1,1,Month-to-Month,1,Mailed Check,98.55,2031.95,0.0,0,464.4,2496.35,3,Stayed,No,42,3300,,,0.86
7241-AJHFS,Male,53,No,No,No,No,0,United States,California,Escondido,92027,33.141265,-116.967221,48690,Q3,0,0,32,,1,6.2,1,Yes,Fiber Optic,25,1,0,0,1,0,0,0,0,Month-to-Month,0,Bank Withdrawal,87.65,2766.4,47.87,150,198.4,3066.9300000000003,3,Stayed,No,66,2426,,,1.0
1406-PUQVY,Male,29,Yes,No,No,Yes,1,United States,California,Madison,95653,38.674276,-121.961866,844,Q3,0,0,1,Offer E,1,6.35,0,Yes,DSL,76,0,1,0,0,0,0,0,1,Month-to-Month,1,Bank Withdrawal,49.9,49.9,0.0,0,6.35,56.25,5,Joined,No,39,3239,,,0.89
9906-NHHVC,Female,75,No,Yes,No,No,0,United States,California,Macdoel,96058,41.769709,-121.92063,816,Q3,0,0,65,Offer B,0,0.0,0,Yes,Cable,9,0,1,1,0,1,1,0,1,Two Year,1,Bank Withdrawal,53.5,3517.9,0.0,0,0.0,3517.9,3,Stayed,No,76,5693,,,0.95
2252-JHJGE,Male,24,Yes,No,No,No,0,United States,California,Sun Valley,91352,34.231053,-118.338307,46639,Q3,0,0,61,Offer B,1,45.69,1,Yes,Fiber Optic,48,1,0,1,0,1,1,1,1,One Year,0,Bank Withdrawal,104.0,6363.45,0.0,0,2787.0899999999997,9150.54,3,Stayed,No,22,4344,,,0.92
8313-KTIHG,Male,54,No,No,No,No,0,United States,California,Thousand Palms,92276,33.849263,-116.382778,6242,Q3,0,0,4,,1,37.7,0,Yes,DSL,2,0,0,0,1,1,0,0,0,Month-to-Month,1,Bank Withdrawal,61.3,249.4,0.0,10,150.8,410.2,3,Stayed,No,58,5281,,,1.0
8064-RAVOH,Male,44,No,No,No,Yes,3,United States,California,Oxnard,93030,34.223244,-119.18012,79736,Q3,0,0,1,Offer E,1,42.55,0,Yes,DSL,25,0,0,1,0,0,0,0,1,Month-to-Month,1,Bank Withdrawal,49.85,49.85,0.0,0,42.55,92.4,4,Joined,No,49,5323,,,0.93
1104-TNLZA,Male,67,No,Yes,Yes,No,0,United States,California,Klamath River,96050,41.816595,-122.948287,482,Q3,1,8,28,Offer C,1,24.35,1,Yes,Fiber Optic,15,0,1,0,1,1,1,1,1,Month-to-Month,1,Bank Withdrawal,105.8,2998.0,0.0,0,681.8000000000001,3679.8,3,Stayed,No,73,4174,,,0.91
6569-KTMDU,Female,28,Yes,No,No,No,0,United States,California,Sacramento,95826,38.542532,-121.378826,38818,Q3,0,0,1,,1,5.02,0,No,,0,0,0,0,0,0,0,0,0,Month-to-Month,0,Mailed Check,19.1,19.1,0.0,0,5.02,24.12,5,Joined,No,26,3313,,,0.97
5886-VLQVU,Male,30,No,No,Yes,No,0,United States,California,Grand Terrace,92313,34.029175,-117.307211,11024,Q3,0,0,35,,1,24.83,1,Yes,Fiber Optic,51,0,0,0,1,0,1,1,0,Month-to-Month,1,Bank Withdrawal,89.85,3161.2,0.0,20,869.05,4050.25,3,Stayed,No,78,4945,,,0.83
2181-UAESM,Male,30,No,No,No,No,0,United States,California,Angelus Oaks,92305,34.1678,-116.86433,301,Q3,0,0,2,,1,12.59,0,Yes,Cable,76,1,0,1,0,0,0,0,1,Month-to-Month,0,Bank Withdrawal,53.45,119.5,0.0,0,25.18,144.68,4,Joined,No,25,3477,,,0.94
9365-SRSZE,Male,71,No,Yes,Yes,No,0,United States,California,Los Angeles,90036,34.070291,-118.349191,32901,Q3,0,0,27,Offer C,1,30.49,0,Yes,Fiber Optic,16,0,0,0,0,0,0,0,1,Two Year,1,Bank Withdrawal,70.55,1943.9,29.99,0,823.2299999999999,2737.14,3,Stayed,No,65,2534,,,0.92
6988-CJEYV,Male,56,No,No,No,No,0,United States,California,Crows Landing,95313,37.435664,-121.049056,1508,Q3,0,0,49,Offer B,1,45.46,1,Yes,Fiber Optic,27,0,1,0,0,1,1,1,1,Month-to-Month,0,Bank Withdrawal,98.7,4920.55,0.0,0,2227.54,7148.09,3,Stayed,No,79,6148,,,0.95
8950-MTZNV,Male,61,No,No,No,No,0,United States,California,Carson,90746,33.859171,-118.252272,25566,Q3,0,0,1,Offer E,1,13.63,0,Yes,DSL,13,0,0,0,0,0,0,0,1,Month-to-Month,1,Mailed Check,44.95,44.95,0.0,0,13.63,58.580000000000005,5,Joined,No,75,3256,,,0.99
1845-ZLLIG,Male,45,No,No,No,No,0,United States,California,Woodbridge,95258,38.169605,-121.310964,4176,Q3,0,0,1,Offer E,1,20.3,0,Yes,DSL,16,0,1,0,0,0,0,0,1,Month-to-Month,1,Credit Card,50.15,50.15,0.0,0,20.3,70.45,3,Joined,No,50,4014,,,0.95
9373-WSLOY,Male,80,No,Yes,Yes,No,0,United States,California,Carlsbad,92008,33.148116,-117.306043,35582,Q3,1,1,33,,0,0.0,0,Yes,DSL,4,0,1,1,1,1,0,0,1,Two Year,1,Bank Withdrawal,50.0,1750.85,0.0,0,0.0,1750.85,3,Stayed,No,65,5600,,,0.99
5461-QKNTN,Male,71,No,Yes,Yes,No,0,United States,California,Catheys Valley,95306,37.394411,-120.127262,986,Q3,1,1,43,,1,4.59,1,Yes,Fiber Optic,5,0,1,0,1,1,0,0,1,One Year,1,Bank Withdrawal,94.3,3953.15,0.0,0,197.37,4150.52,3,Stayed,No,63,2040,,,0.9
7750-EYXWZ,Female,62,No,No,No,No,0,United States,California,Yucca Valley,92284,34.159534,-116.425984,20486,Q3,0,0,12,,0,0.0,0,Yes,Cable,24,0,1,1,1,1,1,1,1,One Year,0,Bank Withdrawal,60.65,743.3,40.41,0,0.0,702.89,3,Stayed,No,24,3740,,,0.9
2038-OEQZH,Male,63,No,No,No,No,0,United States,California,Menifee,92584,33.653338,-117.178271,14068,Q3,0,0,4,,1,44.36,0,Yes,Fiber Optic,20,0,0,1,0,0,1,1,1,Month-to-Month,0,Bank Withdrawal,86.05,308.1,0.0,0,177.44,485.54,5,Stayed,No,55,3653,,,0.91
7206-PQBBZ,Male,76,No,Yes,Yes,No,0,United States,California,Fontana,92336,34.136367,-117.460803,54586,Q3,1,7,11,Offer D,1,24.42,0,Yes,Fiber Optic,29,0,0,0,0,0,0,0,1,Two Year,1,Bank Withdrawal,70.2,834.7,0.0,0,268.62,1103.3200000000002,3,Stayed,No,29,2848,,,1.0
3798-EPWRR,Female,74,No,Yes,No,No,0,United States,California,Beverly Hills,90212,34.062095,-118.401508,11355,Q3,0,0,2,Offer E,1,19.09,0,Yes,DSL,30,0,0,0,0,0,0,0,1,Month-to-Month,0,Bank Withdrawal,43.95,85.1,0.0,0,38.18,123.28,5,Joined,No,55,4057,,,0.99
3345-JHUEO,Male,29,Yes,No,No,No,0,United States,California,Windsor,95492,38.527297,-122.810044,23701,Q3,0,0,4,,1,46.53,0,No,,0,0,0,0,0,0,0,0,0,Month-to-Month,1,Bank Withdrawal,20.2,55.7,0.0,0,186.12,241.82,3,Stayed,No,45,4267,,,0.97
2625-TRCZQ,Female,21,Yes,No,Yes,No,0,United States,California,Auburn,95602,38.99003,-121.114408,18197,Q3,0,0,51,Offer B,0,0.0,0,Yes,DSL,42,0,1,0,0,1,1,1,1,Month-to-Month,1,Bank Withdrawal,49.65,2553.35,0.0,0,0.0,2553.35,3,Stayed,No,30,5528,,,0.96
1485-YDHMM,Male,49,No,No,Yes,Yes,1,United States,California,San Ardo,93450,35.996008,-120.85305,670,Q3,1,1,52,,1,11.3,1,Yes,Fiber Optic,10,0,1,0,1,0,1,1,1,Month-to-Month,1,Bank Withdrawal,93.25,4631.7,0.0,0,587.6,5219.3,3,Stayed,No,56,4740,,,0.94
5043-TRZWM,Female,32,No,No,No,No,0,United States,California,Los Angeles,90022,34.02381,-118.156582,68701,Q3,0,0,1,,1,7.11,0,Yes,Fiber Optic,26,0,0,1,0,0,0,0,1,Month-to-Month,0,Bank Withdrawal,75.55,75.55,0.0,0,7.11,82.66,5,Joined,No,34,3503,,,0.96
3071-VBYPO,Male,38,No,No,Yes,Yes,2,United States,California,Whittier,90604,33.929704,-118.01208,37887,Q3,1,1,3,Offer E,1,33.3,0,Yes,Fiber Optic,12,1,1,0,0,1,0,0,1,Month-to-Month,0,Bank Withdrawal,89.85,248.4,0.0,0,99.9,348.3,3,Joined,No,22,4648,,,0.93
6215-NQCPY,Male,53,No,No,No,No,0,United States,California,Yreka,96097,41.764869,-122.671316,9538,Q3,0,0,15,Offer D,1,10.12,1,Yes,Fiber Optic,15,1,0,0,0,1,1,1,1,Month-to-Month,1,Bank Withdrawal,99.7,1566.75,0.0,0,151.79999999999998,1718.55,3,Stayed,No,60,4157,,,0.97
7346-MEDWM,Female,48,No,No,No,No,0,United States,California,Cathedral City,92234,33.829583,-116.474131,43141,Q3,0,0,59,Offer B,1,31.23,1,Yes,Fiber Optic,16,0,1,1,0,0,0,0,1,Month-to-Month,1,Bank Withdrawal,83.25,4949.1,0.0,0,1842.57,6791.67,3,Stayed,No,32,4094,,,0.73
5955-EPOAZ,Female,40,No,No,No,No,0,United States,California,Livermore,94550,37.571748,-121.659562,75929,Q3,0,0,6,,1,43.19,0,No,,0,0,0,0,0,0,0,0,0,Month-to-Month,1,Credit Card,20.95,109.5,0.0,0,259.14,368.64,3,Stayed,No,77,5554,,,0.9
9272-LSVYH,Male,23,Yes,No,No,No,0,United States,California,Courtland,95615,38.311609,-121.554034,699,Q3,0,0,10,,1,4.29,0,Yes,Fiber Optic,85,0,0,0,0,0,0,0,1,Month-to-Month,0,Credit Card,70.15,735.5,0.0,0,42.9,778.4,3,Stayed,No,78,3963,,,0.96
6339-YPSAH,Male,54,No,No,No,No,0,United States,California,Tehama,96090,40.021787,-122.127576,405,Q3,0,0,9,,1,1.85,0,Yes,Fiber Optic,22,0,0,1,0,0,0,0,0,Month-to-Month,1,Bank Withdrawal,73.8,704.3,0.0,50,16.650000000000002,770.9499999999999,3,Stayed,No,52,4895,,,0.95
1215-FIGMP,Male,27,Yes,No,No,No,0,United States,California,Los Angeles,90077,34.102084,-118.451629,10470,Q3,0,0,60,Offer B,1,42.88,1,Yes,Fiber Optic,52,0,1,0,0,1,0,0,1,Month-to-Month,1,Bank Withdrawal,89.9,5450.7,0.0,0,2572.8,8023.5,3,Stayed,No,35,6292,,,0.91
5351-QESIO,Male,64,No,No,No,Yes,2,United States,California,San Diego,92122,32.85723,-117.209774,34902,Q3,0,0,1,Offer E,0,0.0,0,Yes,Cable,17,0,0,0,0,0,0,0,1,Month-to-Month,0,Mailed Check,24.2,24.2,0.0,0,0.0,24.2,5,Joined,No,80,4276,,,0.97
9355-NPPFS,Female,70,No,Yes,No,No,0,United States,California,Fremont,94538,37.505768,-121.962472,56126,Q3,0,0,26,,1,19.21,0,Yes,Fiber Optic,15,0,0,0,0,0,1,1,1,Month-to-Month,1,Bank Withdrawal,78.8,2006.1,0.0,0,499.46,2505.56,3,Stayed,No,37,4509,,,0.8
6164-HXUGH,Female,40,No,No,Yes,Yes,1,United States,California,Raymond,93653,37.252057,-119.95783,972,Q3,1,1,6,Offer E,1,6.48,0,No,,0,0,0,0,0,0,0,0,0,Month-to-Month,0,Credit Card,19.85,119.3,0.0,0,38.88,158.18,3,Stayed,No,31,5060,,,0.99
5950-AAAGJ,Male,19,Yes,No,No,No,0,United States,California,Playa Del Rey,90293,33.947305,-118.439841,11264,Q3,0,0,18,Offer D,1,2.26,1,Yes,Fiber Optic,73,0,0,0,0,1,0,0,1,Month-to-Month,0,Bank Withdrawal,84.3,1537.9,0.0,0,40.67999999999999,1578.5800000000002,3,Stayed,No,72,4612,,,0.94
0396-HUJBP,Female,34,No,No,No,No,0,United States,California,Gardena,90247,33.890853,-118.297967,47758,Q3,0,0,2,,1,49.91,0,No,,0,0,0,0,0,0,0,0,0,Month-to-Month,0,Credit Card,19.3,44.4,0.0,0,99.82,144.22,3,Joined,No,43,3009,,,0.98
3945-GFWQL,Female,33,No,No,No,Yes,1,United States,California,San Jose,95113,37.333851,-121.891147,561,Q3,0,0,12,,1,5.16,0,Yes,DSL,16,0,0,0,0,0,0,0,0,Month-to-Month,1,Bank Withdrawal,44.55,480.6,18.21,0,61.92,524.3100000000001,3,Churned,Yes,89,4162,Price,Extra data charges,0.99
4367-NHWMM,Female,37,No,No,No,No,0,United States,California,Corte Madera,94925,37.924014,-122.511694,9038,Q3,0,0,1,,0,0.0,0,Yes,Cable,13,0,0,0,0,0,0,0,1,Month-to-Month,1,Credit Card,24.9,24.9,0.0,0,0.0,24.9,4,Joined,No,61,5318,,,0.96
1685-BQULA,Female,54,No,No,No,No,0,United States,California,La Quinta,92253,33.695532,-116.310571,23971,Q3,0,0,40,Offer B,1,2.83,1,Yes,Fiber Optic,22,0,1,1,0,1,0,0,1,Month-to-Month,1,Bank Withdrawal,93.4,3756.4,4.18,0,113.2,3865.42,3,Stayed,No,53,3819,,,0.96
0447-RXSGD,Male,39,No,No,No,No,0,United States,California,Monterey,93940,36.362741,-121.869685,32857,Q3,0,0,24,Offer C,1,25.68,1,Yes,Fiber Optic,6,0,1,0,0,1,1,1,1,Month-to-Month,1,Bank Withdrawal,99.65,2404.85,0.0,0,616.3199999999999,3021.17,3,Stayed,No,47,5207,,,0.98
7126-RBHSD,Female,53,No,No,Yes,No,0,United States,California,Lathrop,95330,37.80821,-121.308401,10834,Q3,1,1,17,Offer D,1,21.15,1,Yes,Fiber Optic,4,1,0,0,0,0,0,0,1,Month-to-Month,0,Bank Withdrawal,78.9,1348.95,0.0,0,359.54999999999995,1708.5,3,Stayed,No,38,2362,,,0.9
4374-YMUSQ,Male,64,No,No,No,No,0,United States,California,Lake Elsinore,92530,33.655421,-117.391751,38519,Q3,0,0,34,Offer C,1,22.41,1,Yes,Fiber Optic,13,1,1,1,1,1,1,1,1,One Year,0,Credit Card,116.25,3899.05,0.0,0,761.94,4660.99,3,Stayed,No,22,4022,,,0.98
2101-RANCD,Female,50,No,No,No,No,0,United States,California,El Dorado Hills,95762,38.684437,-121.055634,22028,Q3,0,0,55,,1,8.93,1,Yes,Fiber Optic,26,0,0,0,0,0,0,0,1,Month-to-Month,1,Bank Withdrawal,73.1,4144.9,0.0,0,491.15,4636.049999999999,4,Stayed,No,46,5832,,,0.95
8120-JDCAM,Male,42,No,No,Yes,Yes,1,United States,California,Vallejo,94589,38.161321,-122.271588,42209,Q3,1,1,4,,1,37.23,0,Yes,Fiber Optic,23,0,0,0,0,0,0,0,1,Month-to-Month,1,Credit Card,69.55,284.9,0.0,0,148.92,433.81999999999994,4,Stayed,No,44,3708,,,0.99
2233-TXSIU,Male,20,Yes,No,Yes,Yes,2,United States,California,Grass Valley,95945,39.194539,-120.988066,23990,Q3,1,1,17,,0,0.0,0,Yes,DSL,52,1,0,1,0,1,0,0,1,One Year,0,Credit Card,44.45,792.15,0.0,0,0.0,792.15,3,Stayed,No,73,3522,,,0.94
5934-RMPOV,Female,32,No,No,No,Yes,2,United States,California,Pescadero,94060,37.22565,-122.297533,2055,Q3,0,0,22,Offer D,1,33.73,1,Yes,Fiber Optic,19,0,0,0,0,0,1,1,1,Month-to-Month,1,Bank Withdrawal,84.75,1816.75,0.0,0,742.06,2558.81,3,Stayed,No,79,4240,,,0.99
1629-DQQVB,Female,19,Yes,No,No,No,0,United States,California,Keeler,93530,36.560498,-117.962461,71,Q3,0,0,14,,1,36.22,0,Yes,Cable,59,1,0,0,0,0,0,0,1,Month-to-Month,0,Bank Withdrawal,50.1,709.5,0.0,0,507.08,1216.58,3,Stayed,No,25,2331,,,0.97
4661-NJEUX,Male,42,No,No,No,No,0,United States,California,Portola Valley,94028,37.369709,-122.215844,6601,Q3,0,0,1,,1,3.23,0,No,,0,0,0,0,0,0,0,0,0,Month-to-Month,1,Credit Card,20.05,20.05,0.0,0,3.23,23.28,3,Joined,No,52,5368,,,0.95
0793-TWELN,Female,27,Yes,No,No,No,0,United States,California,Los Angeles,90026,34.078991,-118.263804,73686,Q3,0,0,4,Offer E,1,6.5,1,Yes,Fiber Optic,73,1,0,0,0,0,0,0,1,Month-to-Month,1,Bank Withdrawal,80.15,319.85,0.0,0,26.0,345.85,3,Stayed,No,62,2841,,,0.98
6693-FRIRW,Male,61,No,No,No,No,0,United States,California,Newport Beach,92661,33.601309,-117.902304,4242,Q3,0,0,18,,1,7.56,0,Yes,Fiber Optic,20,0,1,1,0,1,1,1,1,Month-to-Month,0,Credit Card,101.3,1794.65,0.0,0,136.07999999999998,1930.73,3,Stayed,No,80,5948,,,0.97
4350-ZTLPI,Female,36,No,No,Yes,No,0,United States,California,Van Nuys,91401,34.178483,-118.431791,40376,Q3,1,1,53,Offer B,1,18.0,1,Yes,Fiber Optic,20,0,1,1,1,1,1,1,1,One Year,1,Bank Withdrawal,108.95,5718.2,0.0,0,954.0,6672.2,4,Stayed,No,36,4163,,,0.9
7018-WBJNK,Male,55,No,No,No,Yes,3,United States,California,San Fernando,91340,34.286131,-118.435969,33389,Q3,0,0,13,Offer D,1,31.93,0,Yes,Fiber Optic,22,0,0,0,0,1,0,0,0,Month-to-Month,1,Credit Card,78.3,1033.95,0.0,150,415.09,1599.04,3,Stayed,No,26,5566,,,0.98
8982-NHAVY,Male,23,Yes,No,No,No,0,United States,California,Littlerock,93543,34.505273,-117.955054,11198,Q3,0,0,27,Offer C,1,8.86,1,Yes,Fiber Optic,73,0,0,1,0,1,1,1,0,One Year,1,Bank Withdrawal,100.5,2673.45,0.0,70,239.21999999999997,2982.6699999999996,3,Stayed,No,50,5939,,,0.73
1028-FFNJK,Male,79,No,Yes,Yes,No,0,United States,California,Burbank,91504,34.213049,-118.317651,25882,Q3,1,1,30,Offer C,1,48.02,1,Yes,Fiber Optic,24,0,0,0,1,1,1,0,1,Month-to-Month,1,Bank Withdrawal,101.5,2917.65,0.0,0,1440.6,4358.25,5,Stayed,No,73,4828,,,0.9
4860-IJUDE,Male,34,No,No,No,No,0,United States,California,Ripon,95366,37.750778,-121.13238,12646,Q3,0,0,13,,1,30.06,0,Yes,Fiber Optic,5,1,0,0,0,0,0,0,1,Month-to-Month,1,Credit Card,73.75,956.65,0.0,0,390.78,1347.4299999999998,3,Stayed,No,78,2070,,,0.99
8617-ENBDS,Male,29,Yes,No,No,No,0,United States,California,Helendale,92342,34.757783,-117.33997,4948,Q3,0,0,3,,1,27.34,0,Yes,Fiber Optic,71,0,0,1,0,0,0,0,0,Month-to-Month,1,Credit Card,73.6,232.5,0.0,10,82.02,324.52,5,Joined,No,53,5510,,,0.96
7537-RBWEA,Female,19,Yes,No,No,No,0,United States,California,Petrolia,95558,40.274302,-124.210902,300,Q3,0,0,1,,0,0.0,0,Yes,Cable,52,0,0,0,0,0,0,0,1,Month-to-Month,1,Credit Card,25.15,25.15,0.0,0,0.0,25.15,5,Joined,No,45,3513,,,0.98
3797-FKOGQ,Male,31,No,No,No,Yes,2,United States,California,Canoga Park,91303,34.19829,-118.602203,23519,Q3,0,0,11,,1,5.84,1,Yes,Fiber Optic,10,0,0,0,0,0,1,1,0,Month-to-Month,0,Bank Withdrawal,86.2,893.2,0.0,30,64.24,987.44,5,Stayed,No,41,3157,,,0.99
2862-PFNIK,Male,47,No,No,No,Yes,3,United States,California,San Leandro,94578,37.704384,-122.126703,36568,Q3,0,0,1,,0,0.0,0,Yes,Cable,21,0,0,0,0,0,0,0,0,Month-to-Month,1,Bank Withdrawal,24.7,24.7,0.0,0,0.0,24.7,4,Joined,No,29,3518,,,0.97
2967-MXRAV,Male,29,Yes,No,Yes,No,0,United States,California,Los Angeles,90003,33.964131,-118.272783,58198,Q3,1,9,1,,1,43.57,0,No,,0,0,0,0,0,0,0,0,0,One Year,0,Mailed Check,18.8,18.8,0.0,0,43.57,62.370000000000005,3,Joined,No,51,5160,,,0.99
0670-ANMUU,Male,47,No,No,No,No,0,United States,California,Chino Hills,91709,33.942895,-117.725644,66754,Q3,0,0,71,,1,16.57,1,Yes,Fiber Optic,5,1,0,0,1,0,1,1,1,One Year,0,Credit Card,97.65,6687.85,0.0,0,1176.47,7864.320000000001,3,Stayed,No,37,5319,,,0.97
0239-OXEXL,Female,37,No,No,No,No,0,United States,California,Oakland,94619,37.787186,-122.14633,24518,Q3,0,0,46,,1,43.27,1,Yes,Fiber Optic,21,1,1,0,0,0,0,0,0,Month-to-Month,0,Credit Card,84.25,3847.6,0.0,100,1990.42,5938.02,4,Stayed,No,49,3509,,,0.94
9537-VHDTA,Female,42,No,No,No,Yes,3,United States,California,Corona,92879,33.893823,-117.531446,44875,Q3,0,0,1,,1,2.98,0,Yes,Cable,26,1,0,0,0,0,0,0,1,Month-to-Month,0,Credit Card,51.2,51.2,0.0,0,2.98,54.18,3,Joined,No,51,3699,,,0.95
8356-WUAOJ,Female,25,Yes,No,Yes,No,0,United States,California,Glendale,91205,34.13658,-118.245839,41390,Q3,1,7,1,Offer E,1,40.63,0,Yes,DSL,52,0,0,0,0,0,0,0,0,Month-to-Month,1,Bank Withdrawal,45.0,45.0,0.0,10,40.63,95.63,5,Joined,No,63,5669,,,0.94
9629-NHXFW,Female,58,No,No,Yes,Yes,2,United States,California,Downey,90241,33.940884,-118.128628,40152,Q3,1,6,1,,1,48.79,0,No,,0,0,0,0,0,0,0,0,0,Month-to-Month,1,Credit Card,19.4,19.4,0.0,0,48.79,68.19,5,Joined,No,72,3160,,,0.95
1051-GEJLJ,Female,19,Yes,No,No,No,0,United States,California,San Gregorio,94074,37.331762,-122.341444,291,Q3,0,0,2,,1,27.17,0,No,,0,0,0,0,0,0,0,0,0,Month-to-Month,0,Mailed Check,19.5,27.55,0.0,0,54.34,81.89,5,Joined,No,74,4836,,,0.97
3247-MHJKM,Male,27,Yes,No,No,No,0,United States,California,Upland,91784,34.141146,-117.655583,23331,Q3,0,0,1,,1,42.15,0,No,,0,0,0,0,0,0,0,0,0,Month-to-Month,0,Mailed Check,20.2,20.2,0.0,0,42.15,62.349999999999994,3,Joined,No,72,3586,,,0.94
8547-NSBBO,Male,62,No,No,No,No,0,United States,California,San Pedro,90731,33.736387,-118.284363,58639,Q3,0,0,35,Offer C,1,39.87,1,Yes,Fiber Optic,23,1,1,1,1,0,0,0,0,Month-to-Month,1,Credit Card,96.75,3403.4,0.0,130,1395.4499999999998,4928.85,3,Stayed,No,37,5154,,,0.97
9445-ZUEQE,Male,33,No,No,Yes,Yes,1,United States,California,Buena Park,90621,33.874224,-117.993368,33528,Q3,1,1,27,Offer C,1,48.17,1,Yes,Fiber Optic,15,0,1,0,1,0,0,0,0,Month-to-Month,1,Credit Card,85.2,2151.6,0.0,30,1300.59,3482.19,3,Stayed,No,28,3796,,,0.99
5339-PXDVH,Male,43,No,No,No,No,0,United States,California,Clipper Mills,95930,39.562239,-121.14836,282,Q3,0,0,4,Offer E,1,31.57,1,Yes,Fiber Optic,18,1,0,0,0,1,0,0,1,Month-to-Month,0,Bank Withdrawal,90.65,367.95,0.0,0,126.28,494.23,3,Stayed,No,70,3559,,,0.97
3312-ZWLGF,Male,69,No,Yes,Yes,No,0,United States,California,Acton,93510,34.501452,-118.207862,7831,Q3,0,0,29,,1,10.55,1,Yes,Fiber Optic,2,0,0,0,1,0,0,0,1,Month-to-Month,1,Bank Withdrawal,79.3,2414.55,0.0,0,305.95000000000005,2720.5,5,Stayed,No,21,3172,,,0.97
8818-DOPVL,Female,65,No,Yes,No,No,0,United States,California,El Cerrito,94530,37.924838,-122.289145,23141,Q3,0,0,46,Offer B,1,41.17,1,Yes,Fiber Optic,30,0,1,1,0,1,1,1,1,Two Year,1,Bank Withdrawal,104.45,4863.85,36.78,0,1893.82,6720.890000000001,3,Stayed,No,76,4103,,,0.95
4063-EIKNQ,Male,33,No,No,Yes,Yes,2,United States,California,Canyon Country,91351,34.422519,-118.420717,59259,Q3,1,1,11,,1,15.73,0,No,,0,0,0,0,0,0,0,0,0,Month-to-Month,0,Bank Withdrawal,20.95,267.35,18.17,0,173.03,422.21,3,Stayed,No,31,4075,,,0.89
2692-PFYTJ,Female,23,Yes,No,No,No,0,United States,California,Hercules,94547,37.991259,-122.214945,22479,Q3,0,0,1,,1,15.22,1,No,,0,0,0,0,0,0,0,0,0,Month-to-Month,1,Credit Card,25.75,25.75,0.0,0,15.22,40.97,4,Joined,No,67,2569,,,0.98
5555-RNPGT,Male,61,No,No,No,Yes,3,United States,California,Bloomington,92316,34.059722,-117.39104,25995,Q3,0,0,10,Offer D,1,34.47,1,No,,0,0,0,0,0,0,0,0,0,Month-to-Month,0,Credit Card,24.8,223.9,0.0,0,344.7,568.6,3,Stayed,No,36,5212,,,0.88
9050-IKDZA,Female,66,No,Yes,No,No,0,United States,California,Clovis,93611,36.917652,-119.593757,46858,Q3,0,0,2,,1,24.95,0,Yes,Fiber Optic,22,0,0,0,0,1,0,0,1,Two Year,0,Credit Card,81.5,162.55,0.0,0,49.9,212.45,4,Joined,No,59,4267,,,0.71
1197-BVMVG,Female,65,No,Yes,No,No,0,United States,California,Friant,93626,37.027663,-119.69056,1125,Q3,0,0,4,,1,4.29,1,Yes,Fiber Optic,7,0,0,0,0,0,0,0,1,Two Year,1,Bank Withdrawal,74.45,294.45,0.0,0,17.16,311.61,3,Stayed,No,50,4093,,,0.98
4859-ZSRDZ,Female,58,No,No,Yes,No,0,United States,California,Vacaville,95687,38.333133,-121.920151,63157,Q3,1,1,58,Offer B,0,0.0,0,Yes,Cable,11,0,0,1,1,1,1,1,1,Two Year,1,Credit Card,55.5,3166.9,0.0,0,0.0,3166.9,3,Stayed,No,69,4080,,,0.96
5671-UUNXD,Female,79,No,Yes,Yes,No,0,United States,California,Nicasio,94946,38.065359,-122.665566,607,Q3,1,1,50,,1,36.58,1,Yes,Fiber Optic,23,0,0,0,1,1,1,1,1,One Year,1,Bank Withdrawal,100.65,5189.75,0.0,0,1829.0,7018.75,3,Stayed,No,40,5791,,,0.97
2800-VEQXM,Female,48,No,No,No,No,0,United States,California,Lebec,93243,34.845861,-118.885163,1247,Q3,0,0,3,,1,12.5,0,Yes,Fiber Optic,4,0,0,1,0,0,0,0,1,Month-to-Month,1,Mailed Check,74.75,238.1,38.84,0,37.5,236.76,3,Joined,No,21,3319,,,0.73
6486-LHTMA,Female,67,No,Yes,Yes,No,0,United States,California,California City,93505,35.151491,-117.927597,8316,Q3,1,1,31,,1,44.26,1,Yes,Fiber Optic,22,0,0,1,0,1,0,0,1,One Year,1,Bank Withdrawal,90.7,2835.5,0.0,0,1372.06,4207.5599999999995,3,Stayed,No,34,2364,,,0.85
2604-IJPDU,Female,32,No,No,Yes,No,0,United States,California,Encino,91316,34.150354,-118.518292,27614,Q3,0,0,20,Offer D,1,28.57,0,Yes,Fiber Optic,15,1,1,0,1,1,0,0,1,Month-to-Month,1,Bank Withdrawal,96.55,1901.65,0.0,0,571.4,2473.05,3,Stayed,No,36,4382,,,0.85
8393-JMVMB,Male,34,No,No,No,No,0,United States,California,Thousand Oaks,91360,34.214054,-118.88109,42526,Q3,0,0,1,Offer E,1,29.15,0,No,,0,0,0,0,0,0,0,0,0,Month-to-Month,0,Credit Card,19.45,19.45,0.0,0,29.15,48.599999999999994,3,Joined,No,48,2133,,,0.92
4083-BFNYK,Female,74,No,Yes,Yes,No,0,United States,California,Acton,93510,34.501452,-118.207862,7831,Q3,1,1,38,,1,49.82,1,Yes,Fiber Optic,27,1,1,0,0,0,1,1,0,One Year,0,Credit Card,95.0,3591.25,0.0,70,1893.16,5554.41,4,Stayed,No,71,5148,,,0.96
0917-EZOLA,Male,66,No,Yes,Yes,No,0,United States,California,Lakewood,90713,33.847755,-118.112532,27563,Q3,0,0,72,,1,6.03,1,Yes,Fiber Optic,2,0,1,1,0,1,1,0,1,Two Year,1,Bank Withdrawal,104.15,7689.95,0.0,0,434.16,8124.11,3,Churned,Yes,74,5925,Price,Extra data charges,0.95
5168-MSWXT,Male,26,Yes,No,Yes,Yes,3,United States,California,Essex,92332,34.9436,-115.287901,115,Q3,1,4,8,,1,22.14,0,Yes,Fiber Optic,82,0,0,1,0,1,1,1,1,Month-to-Month,1,Bank Withdrawal,94.75,759.55,0.0,0,177.12,936.67,5,Stayed,No,44,5505,,,0.98
2018-QKYGT,Male,19,Yes,No,Yes,Yes,3,United States,California,San Gabriel,91775,34.114772,-118.089431,23444,Q3,1,1,1,,1,36.32,0,Yes,Fiber Optic,85,0,0,0,0,0,1,1,1,Month-to-Month,1,Bank Withdrawal,81.05,81.05,0.0,0,36.32,117.37,5,Joined,No,27,4396,,,0.96
8050-WYBND,Female,55,No,No,No,Yes,2,United States,California,Whittier,90606,33.976678,-118.065875,32148,Q3,0,0,22,,0,0.0,0,Yes,DSL,29,0,0,1,0,1,1,1,1,One Year,1,Credit Card,49.45,1031.4,0.0,0,0.0,1031.4,3,Stayed,No,28,5941,,,0.99
7853-OETYL,Female,40,No,No,Yes,No,0,United States,California,West Covina,91790,34.066964,-117.937007,44099,Q3,1,2,4,Offer E,0,0.0,0,Yes,DSL,13,1,0,0,0,0,0,0,1,Month-to-Month,1,Bank Withdrawal,29.05,129.6,0.0,0,0.0,129.6,3,Stayed,No,35,3306,,,0.93
7239-HZZCX,Male,21,Yes,No,No,No,0,United States,California,Lancaster,93535,34.712708,-117.889656,57794,Q3,0,0,1,,1,29.33,0,No,,0,0,0,0,0,0,0,0,0,Month-to-Month,0,Credit Card,19.75,19.75,0.0,0,29.33,49.08,3,Churned,Yes,91,4851,Competitor,Competitor made better offer,0.96
4116-IQRFR,Male,55,No,No,Yes,Yes,2,United States,California,Cressey,95312,37.420273,-120.66527,55,Q3,1,1,4,Offer E,1,16.68,1,No,,0,0,0,0,0,0,0,0,0,One Year,0,Credit Card,24.1,73.1,0.0,0,66.72,139.82,3,Stayed,No,21,4463,,,1.0
2018-PZKMU,Male,32,No,No,Yes,Yes,3,United States,California,Santa Ana,92701,33.748478,-117.858918,58157,Q3,1,10,9,Offer E,1,44.37,0,Yes,Fiber Optic,57,0,0,1,1,1,1,1,1,Month-to-Month,0,Bank Withdrawal,103.1,970.45,18.62,0,399.33,1351.16,4,Stayed,No,61,4171,,,0.9
7245-JMTTQ,Female,19,Yes,No,No,No,0,United States,California,Baldwin Park,91706,34.098275,-117.967399,76890,Q3,0,0,51,Offer B,1,43.79,1,Yes,Fiber Optic,82,0,1,1,1,1,1,1,1,One Year,1,Bank Withdrawal,111.5,5703.25,0.0,0,2233.29,7936.54,4,Stayed,No,47,4363,,,0.91
4686-UXDML,Female,24,Yes,No,No,No,0,United States,California,Cutler,93615,36.497895,-119.285484,5519,Q3,0,0,21,,1,24.86,1,Yes,Fiber Optic,48,0,1,0,0,1,1,1,1,Month-to-Month,1,Credit Card,99.85,1992.55,0.0,0,522.06,2514.6099999999997,3,Stayed,No,74,2113,,,0.98
8541-QVFKM,Female,22,Yes,No,No,No,0,United States,California,Long Beach,90807,33.830099,-118.182239,31556,Q3,0,0,8,,1,17.3,1,Yes,Fiber Optic,41,0,0,0,0,0,0,0,1,Month-to-Month,1,Bank Withdrawal,73.5,632.2,0.0,0,138.4,770.6,3,Stayed,No,61,5777,,,0.95
6994-KERXL,Male,51,No,No,No,No,0,United States,California,Avalon,90704,33.391181,-118.421305,3699,Q3,0,0,4,,1,17.7,0,Yes,DSL,22,0,0,0,0,0,1,1,1,Month-to-Month,1,Bank Withdrawal,55.9,238.5,0.0,0,70.8,309.3,3,Stayed,No,25,3545,,,0.87
3413-DHLPB,Male,57,No,No,Yes,Yes,1,United States,California,Oceano,93445,35.059695,-120.604741,7435,Q3,1,1,60,Offer B,1,2.83,1,Yes,Fiber Optic,19,0,1,0,1,1,1,1,1,Month-to-Month,1,Bank Withdrawal,103.75,5969.95,0.0,0,169.8,6139.75,4,Stayed,No,53,6237,,,0.97
4389-UEFCZ,Female,25,Yes,No,Yes,No,0,United States,California,Monte Rio,95462,38.471049,-123.015549,1537,Q3,0,0,72,,1,21.96,1,Yes,Fiber Optic,59,1,0,1,0,1,1,1,1,Two Year,1,Bank Withdrawal,105.5,7544.0,0.0,0,1581.12,9125.12,3,Stayed,No,62,5551,,,0.97
3365-SAIGS,Female,60,No,No,No,No,0,United States,California,Rancho Santa Fe,92067,33.012751,-117.200617,7615,Q3,0,0,17,,1,22.61,0,Yes,Fiber Optic,19,0,1,0,0,1,0,0,1,Month-to-Month,1,Bank Withdrawal,83.55,1329.15,0.0,0,384.37,1713.52,5,Stayed,No,59,5564,,,0.88
7929-DMBCV,Female,45,No,No,Yes,No,0,United States,California,Arroyo Grande,93420,35.176236,-120.483243,24499,Q3,1,6,20,Offer D,1,11.39,0,Yes,Fiber Optic,21,0,0,1,1,0,0,0,1,Month-to-Month,1,Mailed Check,81.0,1683.7,0.0,0,227.8,1911.5,3,Stayed,No,22,4741,,,0.74
4174-LPGTI,Female,49,No,No,Yes,No,0,United States,California,Beaumont,92223,33.946982,-116.977672,17721,Q3,1,1,41,,1,32.02,0,Yes,DSL,28,0,1,0,1,0,1,1,1,One Year,1,Bank Withdrawal,66.5,2728.6,0.0,0,1312.8200000000002,4041.42,3,Churned,Yes,65,2517,Other,Moved,0.93
4332-MUOEZ,Male,78,No,Yes,Yes,No,0,United States,California,Moreno Valley,92553,33.923149,-117.244933,61205,Q3,1,1,20,,1,32.54,0,Yes,Fiber Optic,5,1,0,1,1,0,1,0,1,One Year,0,Credit Card,94.3,1818.3,0.0,0,650.8,2469.1,3,Stayed,No,32,2574,,,0.95
4826-TZEVA,Female,50,No,No,No,No,0,United States,California,O Neals,93645,37.140104,-119.657092,173,Q3,0,0,40,Offer B,1,18.57,0,Yes,Fiber Optic,15,0,1,0,0,0,0,0,1,Month-to-Month,0,Credit Card,74.8,2971.7,0.0,0,742.8,3714.5,3,Stayed,No,52,3258,,,0.97
0030-FNXPP,Female,22,Yes,No,No,No,0,United States,California,Keeler,93530,36.560498,-117.962461,71,Q3,0,0,3,,1,3.12,0,No,,0,0,0,0,0,0,0,0,0,Month-to-Month,0,Credit Card,19.85,57.2,0.0,0,9.36,66.56,4,Joined,No,59,5634,,,0.8
0674-EYYZV,Female,41,No,No,No,No,0,United States,California,Los Angeles,90065,34.108833,-118.229715,47534,Q3,0,0,1,,1,36.33,0,Yes,DSL,4,0,0,0,0,1,0,0,1,Month-to-Month,1,Bank Withdrawal,54.65,54.65,0.0,0,36.33,90.98,3,Joined,No,74,5882,,,0.97
1064-FBXNK,Male,55,No,No,Yes,Yes,1,United States,California,Sacramento,95831,38.494832,-121.529447,42832,Q3,1,5,1,,1,47.46,0,No,,0,0,0,0,0,0,0,0,0,One Year,0,Credit Card,19.85,19.85,0.0,0,47.46,67.31,3,Joined,No,20,2618,,,0.99
7623-HKYRK,Male,46,No,No,No,Yes,1,United States,California,Caliente,93518,35.358953,-118.527064,1022,Q3,0,0,6,,1,27.78,0,No,,0,0,0,0,0,0,0,0,0,Month-to-Month,0,Mailed Check,19.7,111.65,0.0,0,166.68,278.33000000000004,3,Stayed,No,44,2276,,,0.97
0233-FTHAV,Female,24,Yes,No,No,No,0,United States,California,Livingston,95334,37.361987,-120.748394,12672,Q3,0,0,60,,1,15.29,1,Yes,Fiber Optic,48,0,0,1,0,0,0,0,1,One Year,1,Bank Withdrawal,79.2,4765.0,0.0,0,917.4,5682.4,3,Stayed,No,49,5687,,,0.83
3597-MVHJT,Female,49,No,No,No,No,0,United States,California,Brawley,92227,33.03933,-115.191857,23394,Q3,0,0,27,,1,35.17,1,Yes,Fiber Optic,24,0,0,0,0,1,1,1,1,Month-to-Month,1,Bank Withdrawal,95.6,2595.25,0.0,0,949.59,3544.84,4,Stayed,No,21,2026,,,0.97
3001-UNBTL,Male,69,No,Yes,Yes,Yes,1,United States,California,Burbank,91506,34.169706,-118.323548,18539,Q3,1,1,29,Offer C,1,49.36,1,Yes,Fiber Optic,19,0,0,1,0,1,1,0,1,Month-to-Month,1,Bank Withdrawal,103.95,2964.8,0.0,0,1431.44,4396.24,4,Stayed,No,58,3733,,,0.98
4608-LCIMN,Male,45,No,No,Yes,Yes,3,United States,California,Pismo Beach,93449,35.165668,-120.655842,8564,Q3,1,1,8,,1,30.77,0,Yes,DSL,75,0,0,0,0,0,0,0,1,Month-to-Month,0,Bank Withdrawal,44.65,369.15,0.0,0,246.16,615.31,3,Stayed,No,63,5724,,,0.73
5213-TWWJU,Male,26,Yes,No,No,No,0,United States,California,Richmond,94804,37.921034,-122.341798,39089,Q3,0,0,28,,1,45.24,0,Yes,Fiber Optic,59,0,0,1,1,0,1,1,1,Month-to-Month,0,Bank Withdrawal,91.0,2626.15,0.0,0,1266.72,3892.87,3,Stayed,No,66,2448,,,0.95
4989-LIXVT,Male,66,No,Yes,No,No,0,United States,California,Santa Monica,90404,34.026334,-118.474222,19975,Q3,0,0,68,,1,19.67,1,Yes,Fiber Optic,28,0,1,1,0,0,1,0,1,Month-to-Month,1,Bank Withdrawal,95.9,6503.2,0.0,0,1337.5600000000002,7840.76,3,Stayed,No,68,5080,,,0.84
2853-CWQFQ,Male,20,Yes,No,No,Yes,1,United States,California,Eureka,95503,40.737431,-124.108897,23570,Q3,0,0,1,,1,41.39,0,Yes,Cable,48,0,0,0,1,0,1,1,1,Month-to-Month,1,Credit Card,59.55,59.55,0.0,0,41.39,100.94,3,Joined,No,47,5824,,,0.85
9821-BESNZ,Male,43,No,No,No,No,0,United States,California,Northridge,91325,34.236683,-118.517588,32307,Q3,0,0,66,Offer A,1,33.02,1,Yes,Fiber Optic,6,0,1,0,1,1,1,1,1,One Year,1,Bank Withdrawal,104.25,6860.6,44.0,0,2179.32,8995.92,4,Stayed,No,42,4915,,,0.98
1548-ARAGG,Female,28,Yes,No,Yes,Yes,3,United States,California,Cedar Glen,92321,34.255203,-117.175654,455,Q3,1,9,4,,1,35.2,1,Yes,DSL,52,0,1,0,1,0,0,0,1,Month-to-Month,1,Credit Card,58.5,224.85,0.0,0,140.8,365.65,3,Stayed,No,23,5605,,,0.88
5649-RXQTV,Male,34,No,No,No,No,0,United States,California,Alderpoint,95511,40.166028,-123.584144,261,Q3,0,0,51,Offer B,1,42.33,0,Yes,Fiber Optic,2,0,1,1,0,1,1,1,1,Month-to-Month,1,Bank Withdrawal,99.0,5038.15,0.0,0,2158.83,7196.98,5,Stayed,No,78,5787,,,0.73
0928-JMXNP,Male,78,No,Yes,Yes,No,0,United States,California,Los Molinos,96055,40.059385,-122.091481,3756,Q3,1,3,4,Offer E,0,0.0,0,Yes,DSL,5,0,0,1,0,0,0,0,1,Two Year,1,Bank Withdrawal,29.9,118.25,0.0,0,0.0,118.25,4,Stayed,No,46,2914,,,0.95
7251-LJBQN,Female,74,No,Yes,No,No,0,United States,California,Strathmore,93267,36.141319,-119.129075,5689,Q3,0,0,40,,1,28.54,1,Yes,Fiber Optic,24,0,0,1,1,1,1,0,1,One Year,1,Credit Card,103.75,4188.4,0.0,0,1141.6,5330.0,3,Stayed,No,20,3568,,,0.91
1015-JPFYW,Male,47,No,No,No,Yes,2,United States,California,Clements,95227,38.227285,-121.02789,722,Q3,0,0,7,,1,49.16,0,No,,0,0,0,0,0,0,0,0,0,One Year,0,Credit Card,19.45,136.75,0.0,0,344.12,480.87,3,Stayed,No,29,5084,,,0.95
7129-AZJDE,Male,59,No,No,Yes,Yes,1,United States,California,Huntington Beach,92647,33.723579,-118.005441,58764,Q3,1,1,34,Offer C,1,3.54,0,Yes,Fiber Optic,12,0,0,0,0,0,1,1,1,One Year,1,Bank Withdrawal,78.95,2647.2,0.0,0,120.36,2767.56,3,Stayed,No,43,2074,,,0.96
5035-BVCXS,Male,20,Yes,No,No,No,0,United States,California,Loyalton,96118,39.637471,-120.226338,1822,Q3,0,0,11,,1,13.55,0,Yes,Fiber Optic,27,0,1,0,0,0,0,0,1,Month-to-Month,1,Credit Card,75.9,866.4,0.0,0,149.05,1015.45,4,Stayed,No,70,4278,,,0.77
8974-OVACP,Female,40,No,No,No,No,0,United States,California,Yermo,92398,35.013299,-116.834092,1195,Q3,0,0,1,,1,27.59,0,No,,0,0,0,0,0,0,0,0,0,Month-to-Month,0,Mailed Check,20.15,20.15,0.0,0,27.59,47.739999999999995,4,Joined,No,31,3167,,,0.8
1471-GIQKQ,Female,37,No,No,No,No,0,United States,California,Niland,92257,33.345825,-115.596574,2753,Q3,0,0,1,,1,44.98,0,Yes,DSL,27,0,1,0,0,0,0,0,1,Month-to-Month,0,Bank Withdrawal,49.95,49.95,0.0,0,44.98,94.93,3,Joined,No,32,5230,,,0.84
6967-QIQRV,Male,23,Yes,No,Yes,Yes,1,United States,California,Mission Viejo,92692,33.60693,-117.644253,46227,Q3,1,8,15,,1,2.12,0,Yes,Fiber Optic,30,1,0,0,1,1,1,1,0,One Year,0,Bank Withdrawal,101.9,1667.25,0.0,120,31.8,1819.05,3,Stayed,No,28,3707,,,0.93
7698-YFGEZ,Male,55,No,No,No,No,0,United States,California,Riverside,92509,34.004379,-117.447864,63999,Q3,0,0,1,Offer E,1,25.99,0,No,,0,0,0,0,0,0,0,0,0,Month-to-Month,0,Credit Card,20.0,20.0,0.0,0,25.99,45.989999999999995,4,Joined,No,38,5650,,,0.92
8180-AKMJV,Female,27,Yes,No,No,No,0,United States,California,Litchfield,96117,40.507272,-120.338228,385,Q3,0,0,1,Offer E,1,23.04,0,Yes,Cable,82,0,0,0,0,0,0,0,1,Month-to-Month,1,Credit Card,44.55,44.55,0.0,0,23.04,67.59,5,Joined,No,45,5825,,,0.93
1423-BMPBQ,Female,62,No,No,Yes,Yes,1,United States,California,Anaheim,92808,33.850452,-117.726668,19629,Q3,1,1,1,Offer E,1,28.28,0,No,,0,0,0,0,0,0,0,0,0,Month-to-Month,1,Credit Card,19.0,19.0,0.0,0,28.28,47.28,4,Joined,No,44,2400,,,0.96
9505-SQFSW,Female,59,No,No,Yes,Yes,3,United States,California,Tehachapi,93561,35.073777,-118.652112,25805,Q3,1,6,3,Offer E,0,0.0,0,Yes,Cable,53,0,1,0,0,0,1,1,1,Month-to-Month,0,Credit Card,40.3,92.5,0.0,0,0.0,92.5,4,Joined,No,65,5651,,,0.98
7402-PWYJJ,Female,21,Yes,No,Yes,No,0,United States,California,Sacramento,95841,38.660442,-121.346321,20993,Q3,1,2,53,Offer B,1,42.18,1,Yes,Fiber Optic,53,0,0,0,1,0,1,1,0,One Year,1,Bank Withdrawal,91.15,4862.5,0.0,150,2235.54,7248.04,5,Stayed,No,44,6439,,,0.99
6022-KOUQO,Female,51,No,No,Yes,Yes,2,United States,California,Eagleville,96110,41.280341,-120.150381,132,Q3,1,4,2,Offer E,0,0.0,0,Yes,Cable,27,0,0,0,1,0,0,0,1,Month-to-Month,0,Bank Withdrawal,29.05,44.75,0.0,0,0.0,44.75,4,Joined,No,22,4998,,,0.95
9943-VSZUV,Male,75,No,Yes,No,No,0,United States,California,Alamo,94507,37.855717,-121.994813,15187,Q3,0,0,67,Offer A,1,39.89,1,Yes,Fiber Optic,19,0,0,0,0,0,0,0,1,Month-to-Month,1,Mailed Check,75.7,5060.85,0.0,0,2672.63,7733.48,4,Stayed,No,30,5823,,,0.97
3914-FDRHP,Male,25,Yes,No,No,No,0,United States,California,Warner Springs,92086,33.323705,-116.626907,1205,Q3,0,0,9,,1,46.34,0,Yes,Fiber Optic,59,0,0,0,1,1,0,0,1,Month-to-Month,0,Bank Withdrawal,86.25,770.5,0.0,0,417.06000000000006,1187.56,5,Stayed,No,42,4754,,,0.97
7808-DVWEP,Male,51,No,No,Yes,No,0,United States,California,Chico,95926,39.745712,-121.84333,35808,Q3,1,3,3,,1,31.06,0,No,,0,0,0,0,0,0,0,0,0,Month-to-Month,0,Bank Withdrawal,20.0,49.65,0.0,0,93.18,142.82999999999998,3,Joined,No,44,3985,,,0.81
7365-BVCJH,Male,40,No,No,No,No,0,United States,California,Trinity Center,96091,41.081847,-122.700545,734,Q3,0,0,1,Offer E,0,0.0,0,Yes,DSL,6,0,0,0,0,0,0,0,1,Month-to-Month,1,Bank Withdrawal,24.4,24.4,0.0,0,0.0,24.4,5,Joined,No,66,3145,,,0.95
6838-YAUVY,Female,26,Yes,No,No,No,0,United States,California,Petaluma,94952,38.237018,-122.77872,31930,Q3,0,0,54,,1,11.76,1,Yes,Fiber Optic,52,0,0,1,1,0,1,1,1,Two Year,1,Bank Withdrawal,95.1,5064.85,0.0,0,635.04,5699.89,3,Stayed,No,67,4825,,,0.97
3744-ZBHON,Female,64,No,No,No,No,0,United States,California,Highland,92346,34.129677,-117.154277,48245,Q3,0,0,3,,1,31.81,0,No,,0,0,0,0,0,0,0,0,0,Month-to-Month,0,Bank Withdrawal,20.2,65.95,0.0,0,95.43,161.38,5,Joined,No,24,4369,,,0.9
5447-WZAFP,Female,22,Yes,No,No,No,0,United States,California,Carlsbad,92008,33.148116,-117.306043,35582,Q3,0,0,53,Offer B,1,8.33,0,Yes,Fiber Optic,73,0,1,1,0,1,1,1,1,One Year,1,Mailed Check,100.3,5200.8,0.0,0,441.49,5642.29,4,Stayed,No,71,5377,,,0.93
4282-ACRXS,Male,69,No,Yes,Yes,No,0,United States,California,Covina,91723,34.084747,-117.886844,17554,Q3,1,2,38,Offer C,0,0.0,0,Yes,Cable,30,0,0,0,0,0,0,0,1,Month-to-Month,1,Bank Withdrawal,24.85,955.75,0.0,0,0.0,955.75,3,Stayed,No,33,3511,,,0.71
4003-FUSHP,Male,62,No,No,No,No,0,United States,California,Santa Cruz,95060,36.993451,-122.098858,43192,Q3,0,0,19,Offer D,1,46.49,0,Yes,Cable,8,0,0,0,1,1,0,0,1,Month-to-Month,1,Credit Card,61.55,1093.2,0.0,0,883.3100000000001,1976.51,3,Stayed,No,60,5831,,,0.77
5424-RLQLC,Male,36,No,No,No,No,0,United States,California,Bonsall,92003,33.290907,-117.202895,3849,Q3,0,0,10,Offer D,1,1.48,0,Yes,DSL,25,0,1,0,0,1,0,0,0,Month-to-Month,1,Credit Card,59.65,638.95,0.0,90,14.8,743.75,3,Stayed,No,20,2385,,,1.0
9099-FTUHS,Female,40,No,No,No,No,0,United States,California,Grass Valley,95945,39.194539,-120.988066,23990,Q3,0,0,23,,1,48.63,1,Yes,Cable,11,1,0,0,0,0,0,0,1,Month-to-Month,0,Bank Withdrawal,54.4,1249.25,0.0,0,1118.49,2367.74,3,Stayed,No,22,2989,,,1.0
2603-HVKCG,Male,20,Yes,No,No,No,0,United States,California,Meridian,95957,39.068071,-121.832638,776,Q3,0,0,31,Offer C,1,19.38,0,Yes,Fiber Optic,76,0,1,1,0,1,1,1,1,Month-to-Month,1,Bank Withdrawal,101.4,3143.65,0.0,0,600.78,3744.43,4,Stayed,No,72,2025,,,0.9
8490-BXHEO,Male,67,No,Yes,No,No,0,United States,California,Lucerne Valley,92356,34.508417,-116.856103,5256,Q3,0,0,18,,1,38.79,1,Yes,Fiber Optic,14,0,1,0,0,0,0,0,1,Month-to-Month,1,Credit Card,80.55,1411.65,0.0,0,698.22,2109.87,5,Stayed,No,27,5137,,,0.95
2669-OIDSD,Female,58,No,No,Yes,No,0,United States,California,Long Beach,90810,33.819814,-118.222416,35656,Q3,1,3,48,Offer B,1,1.02,0,Yes,Fiber Optic,2,0,0,1,1,1,1,1,1,Month-to-Month,1,Credit Card,100.05,4834.0,37.45,0,48.96,4845.51,5,Stayed,No,34,3468,,,0.9
0112-QAWRZ,Male,49,No,No,Yes,Yes,2,United States,California,Palo Verde,92266,33.3249,-114.758334,291,Q3,1,8,16,Offer D,1,48.71,1,Yes,Fiber Optic,12,0,0,1,0,1,0,0,1,Month-to-Month,1,Bank Withdrawal,90.8,1442.2,0.0,0,779.36,2221.56,3,Stayed,No,66,5560,,,0.92
9133-AYJZG,Female,40,No,No,No,No,0,United States,California,Mill Valley,94941,37.901371,-122.572024,28727,Q3,0,0,23,,1,14.45,1,Yes,Fiber Optic,19,0,1,0,0,1,1,1,1,Month-to-Month,1,Credit Card,98.7,2249.1,0.0,0,332.34999999999997,2581.45,5,Stayed,No,71,5781,,,0.94
7404-JLKQG,Female,21,Yes,No,No,No,0,United States,California,Glennville,93226,35.735694,-118.738483,296,Q3,0,0,3,,1,48.3,0,Yes,Cable,42,0,0,1,0,1,0,0,1,Month-to-Month,0,Bank Withdrawal,57.55,161.45,0.0,0,144.89999999999998,306.34999999999997,3,Joined,No,47,4099,,,0.99
4057-FKCZK,Male,40,No,No,Yes,Yes,2,United States,California,Prather,93651,37.007238,-119.505661,1314,Q3,1,1,58,,1,29.93,1,Yes,Fiber Optic,24,0,0,0,0,1,0,0,1,Two Year,0,Bank Withdrawal,82.5,4828.05,0.0,0,1735.94,6563.99,3,Stayed,No,25,4348,,,0.98
6563-VNPMN,Female,80,No,Yes,No,No,0,United States,California,Sylmar,91342,34.321621,-118.399841,81986,Q3,0,0,45,,1,4.14,0,Yes,Fiber Optic,20,1,1,0,1,0,0,0,0,Month-to-Month,1,Bank Withdrawal,85.7,3778.1,0.0,50,186.3,4014.4,4,Stayed,No,44,5397,,,0.87
2266-SJNAT,Female,21,Yes,No,Yes,No,0,United States,California,Temecula,92592,33.507255,-117.029473,46171,Q3,1,2,72,Offer A,1,11.85,1,Yes,Fiber Optic,82,0,1,1,1,1,1,1,1,One Year,0,Credit Card,109.15,7789.6,0.0,0,853.1999999999999,8642.800000000001,4,Stayed,No,46,4807,,,0.85
8645-KWHJO,Male,47,No,No,No,No,0,United States,California,San Gabriel,91776,34.089927,-118.095645,38041,Q3,0,0,14,Offer D,0,0.0,0,Yes,DSL,4,0,0,1,1,1,1,1,1,Month-to-Month,1,Bank Withdrawal,55.0,771.95,0.0,0,0.0,771.95,3,Stayed,No,23,4900,,,0.95
1356-MKYSK,Male,44,No,No,No,No,0,United States,California,Castro Valley,94546,37.708327,-122.083473,41698,Q3,0,0,6,Offer E,1,46.59,0,Yes,DSL,7,1,0,1,1,1,1,1,0,Month-to-Month,0,Credit Card,78.65,483.3,0.0,10,279.54,772.84,3,Stayed,No,68,2724,,,0.82
5808-TOTXO,Female,37,No,No,No,Yes,2,United States,California,Oakland,94605,37.758019,-122.138678,42854,Q3,0,0,3,,1,11.27,0,No,,0,0,0,0,0,0,0,0,0,One Year,1,Credit Card,20.55,57.4,0.0,0,33.81,91.21,3,Joined,No,69,2774,,,0.95
3961-SXAXY,Male,49,No,No,No,No,0,United States,California,Thousand Oaks,91362,34.191842,-118.822796,33057,Q3,0,0,1,Offer E,1,30.73,0,Yes,Cable,10,0,0,0,0,0,0,0,1,Month-to-Month,1,Bank Withdrawal,44.05,44.05,0.0,0,30.73,74.78,5,Joined,No,54,5925,,,0.97
8990-ZXLSU,Female,63,No,No,No,No,0,United States,California,Sun City,92586,33.707483,-117.200006,18161,Q3,0,0,9,Offer E,1,29.87,0,Yes,Fiber Optic,5,0,0,0,0,0,0,0,1,Month-to-Month,0,Bank Withdrawal,69.05,651.5,0.0,0,268.83,920.33,3,Stayed,No,50,5121,,,0.99
9732-EQMWY,Female,20,Yes,No,Yes,No,0,United States,California,Concord,94518,37.950248,-122.022455,27394,Q3,1,1,49,,1,12.39,0,Yes,Fiber Optic,46,0,1,1,0,1,1,1,0,Month-to-Month,0,Bank Withdrawal,99.4,5025.0,0.0,10,607.11,5642.11,4,Stayed,No,59,4725,,,0.89
5606-AMZBO,Female,23,Yes,No,Yes,No,0,United States,California,Rosamond,93560,34.903052,-118.411251,14931,Q3,1,4,10,,1,38.03,1,Yes,Fiber Optic,42,1,0,0,0,0,0,0,1,Month-to-Month,1,Credit Card,78.15,765.15,0.0,0,380.3,1145.45,3,Stayed,No,26,3403,,,0.97
7586-ZATGZ,Male,59,No,No,No,No,0,United States,California,Ravendale,96123,40.845738,-120.322219,61,Q3,0,0,40,,1,17.83,1,Yes,Fiber Optic,27,0,0,0,0,1,0,0,1,Month-to-Month,1,Bank Withdrawal,84.9,3369.05,0.0,0,713.1999999999999,4082.25,4,Stayed,No,37,2904,,,0.93
1222-LRYKO,Male,21,Yes,No,No,Yes,3,United States,California,Posey,93260,35.861928,-118.636698,266,Q3,0,0,6,Offer E,1,38.28,1,No,,0,0,0,0,0,0,0,0,0,Month-to-Month,0,Credit Card,26.35,184.05,0.0,0,229.68,413.73,3,Stayed,No,22,2189,,,0.92
7878-JGDKK,Male,38,No,No,No,No,0,United States,California,Selma,93662,36.545322,-119.642281,26213,Q3,0,0,4,Offer E,1,30.07,0,Yes,Cable,29,0,0,0,0,0,0,0,1,Month-to-Month,0,Credit Card,44.55,220.75,0.0,0,120.28,341.03,3,Stayed,No,45,2124,,,0.89
4132-KALRO,Female,31,No,No,No,No,0,United States,California,Davis Creek,96108,41.750354,-120.403885,104,Q3,0,0,4,Offer E,1,7.94,1,Yes,Fiber Optic,3,0,0,0,1,1,1,1,0,Month-to-Month,1,Credit Card,100.85,399.25,0.0,10,31.76,441.01,4,Stayed,No,21,5354,,,0.99
8778-LMWTJ,Female,28,Yes,No,No,No,0,United States,California,River Pines,95675,38.545775,-120.743325,364,Q3,0,0,9,,1,13.05,0,Yes,Fiber Optic,73,1,0,0,0,0,0,0,1,Month-to-Month,1,Bank Withdrawal,74.85,708.2,0.0,0,117.45,825.6500000000001,3,Stayed,No,66,5770,,,0.85
1910-FMXJM,Female,59,No,No,Yes,No,0,United States,California,Colton,92324,34.030915,-117.273201,52202,Q3,1,8,36,,1,49.33,0,Yes,Fiber Optic,23,0,0,0,0,0,1,1,1,Month-to-Month,0,Bank Withdrawal,80.4,2937.65,0.0,0,1775.88,4713.53,3,Stayed,No,35,5544,,,1.0
8104-OSKWT,Female,61,No,No,No,No,0,United States,California,Anaheim,92804,33.818,-117.974404,81333,Q3,0,0,12,Offer D,1,14.42,1,Yes,Fiber Optic,14,1,0,0,0,0,0,0,1,Month-to-Month,1,Bank Withdrawal,79.8,1001.2,21.53,0,173.04,1152.71,3,Stayed,No,43,5906,,,0.98
1866-OBPNR,Male,28,Yes,No,Yes,Yes,1,United States,California,Sacramento,95833,38.619049,-121.517552,31422,Q3,1,5,1,,1,42.99,0,Yes,Fiber Optic,59,0,1,0,0,0,0,0,1,Month-to-Month,0,Credit Card,74.6,74.6,0.0,0,42.99,117.59,5,Joined,No,22,5494,,,0.88
7787-BNTZM,Male,56,No,No,No,No,0,United States,California,Comptche,95427,39.239818,-123.565432,371,Q3,0,0,6,,1,6.93,0,No,,0,0,0,0,0,0,0,0,0,Month-to-Month,0,Bank Withdrawal,20.15,130.5,0.0,0,41.58,172.07999999999998,5,Stayed,No,76,5761,,,0.98
1077-HUUJM,Female,48,No,No,No,Yes,1,United States,California,Rancho Cucamonga,91730,34.10097,-117.57882,51970,Q3,0,0,7,Offer E,1,28.5,0,Yes,Fiber Optic,13,0,0,0,0,0,0,0,0,Month-to-Month,1,Bank Withdrawal,71.05,472.65,0.0,10,199.5,682.15,5,Stayed,No,49,4668,,,0.98
1784-BXEFA,Female,63,No,No,No,No,0,United States,California,Vacaville,95688,38.419088,-122.024568,32564,Q3,0,0,10,,1,4.76,0,No,,0,0,0,0,0,0,0,0,0,Month-to-Month,1,Mailed Check,20.55,187.35,0.0,0,47.599999999999994,234.95,3,Stayed,No,43,3595,,,0.87
9137-UIYPG,Female,33,No,No,Yes,Yes,3,United States,California,Butte City,95920,39.449794,-121.936372,303,Q3,1,1,35,,1,26.09,0,Yes,Fiber Optic,56,1,0,1,1,1,1,1,0,Month-to-Month,1,Bank Withdrawal,106.9,3756.45,34.47,150,913.15,4785.13,3,Stayed,No,80,5447,,,0.85
9758-MFWGD,Female,75,No,Yes,Yes,Yes,2,United States,California,Hawthorne,90250,33.914775,-118.348083,93315,Q3,0,0,48,,0,0.0,0,Yes,DSL,19,0,1,0,0,0,0,0,1,One Year,0,Bank Withdrawal,29.9,1388.75,0.0,0,0.0,1388.75,5,Stayed,No,49,2617,,,0.76
7820-ZYGNY,Male,33,No,No,No,No,0,United States,California,La Puente,91746,34.038983,-117.991372,30802,Q3,0,0,63,,1,9.21,1,Yes,Fiber Optic,28,0,1,0,0,0,1,1,0,One Year,0,Credit Card,90.45,5825.5,0.0,100,580.23,6505.73,3,Stayed,No,23,4616,,,0.79
5996-DAOQL,Male,28,Yes,No,No,No,0,United States,California,Penngrove,94951,38.325599,-122.642352,3777,Q3,0,0,1,Offer E,1,42.17,0,No,,0,0,0,0,0,0,0,0,0,Month-to-Month,1,Credit Card,20.45,20.45,0.0,0,42.17,62.620000000000005,3,Joined,No,80,2184,,,0.94
3195-TQDZX,Male,19,Yes,No,No,No,0,United States,California,Elk Creek,95939,39.53222,-122.594879,587,Q3,0,0,3,,1,1.57,0,No,,0,0,0,0,0,0,0,0,0,Month-to-Month,1,Bank Withdrawal,20.25,61.45,0.0,0,4.71,66.16,5,Joined,No,42,4050,,,0.99
2475-MROZF,Male,36,No,No,No,No,0,United States,California,Murrieta,92562,33.548869,-117.334165,36149,Q3,0,0,30,Offer C,1,2.87,1,Yes,Fiber Optic,29,1,1,1,1,0,0,0,1,Month-to-Month,1,Credit Card,95.0,2852.4,0.0,0,86.10000000000001,2938.5,3,Stayed,No,64,3597,,,0.99
0178-CIIKR,Female,60,No,No,No,No,0,United States,California,Crows Landing,95313,37.435664,-121.049056,1508,Q3,0,0,3,,1,2.69,0,No,,0,0,0,0,0,0,0,0,0,Month-to-Month,0,Credit Card,19.95,58.0,0.0,0,8.07,66.07,3,Joined,No,74,5949,,,0.94
2501-XWWTZ,Male,51,No,No,No,No,0,United States,California,San Clemente,92673,33.4725,-117.584273,15297,Q3,0,0,11,,1,1.01,0,Yes,Fiber Optic,8,0,0,0,0,0,0,0,1,Month-to-Month,0,Bank Withdrawal,70.2,760.05,0.0,0,11.11,771.16,5,Stayed,No,34,2535,,,0.98
1304-BCCFO,Male,24,Yes,No,Yes,No,0,United States,California,Redlands,92374,34.064073,-117.166158,36675,Q3,1,2,9,,1,14.91,0,Yes,Cable,82,0,0,1,0,1,1,1,1,Month-to-Month,1,Mailed Check,70.05,564.4,0.0,0,134.19,698.5899999999999,3,Stayed,No,69,4900,,,0.96
2985-FMWYF,Female,46,No,No,No,No,0,United States,California,Myers Flat,95554,40.267158,-123.805913,644,Q3,0,0,23,Offer D,1,18.12,1,Yes,Fiber Optic,23,0,0,0,0,1,1,1,1,Month-to-Month,1,Bank Withdrawal,93.5,2341.55,0.0,0,416.7600000000001,2758.3100000000004,3,Stayed,No,73,4861,,,0.96
4948-WBBKL,Female,80,No,Yes,No,No,0,United States,California,Dunnigan,95937,38.931425,-121.946081,19,Q3,0,0,36,Offer C,1,41.57,1,Yes,Fiber Optic,10,0,0,0,0,0,0,0,1,Two Year,1,Bank Withdrawal,74.9,2659.45,0.0,0,1496.52,4155.969999999999,3,Stayed,No,23,5041,,,0.9
0440-MOGPM,Female,51,No,No,No,No,0,United States,California,Petaluma,94954,38.235021,-122.557332,35419,Q3,0,0,41,,1,6.16,1,Yes,DSL,12,0,1,1,0,1,1,1,1,One Year,1,Bank Withdrawal,80.55,3263.9,0.0,0,252.56,3516.46,3,Stayed,No,29,4176,,,0.95
2560-PPCHE,Female,22,Yes,No,No,No,0,United States,California,Huntington Beach,92649,33.721917,-118.043237,32304,Q3,0,0,65,,1,26.83,1,Yes,Fiber Optic,59,0,1,0,1,1,1,1,1,One Year,1,Bank Withdrawal,105.05,6744.25,0.0,0,1743.9499999999998,8488.2,5,Stayed,No,73,5742,,,0.81
3845-FXCYS,Male,55,No,No,No,No,0,United States,California,Long Barn,95335,38.109125,-120.078597,683,Q3,0,0,2,,1,7.8,0,No,,0,0,0,0,0,0,0,0,0,Month-to-Month,1,Bank Withdrawal,19.65,31.2,0.0,0,15.6,46.8,5,Joined,No,26,4841,,,0.97
0804-XBFBV,Female,49,No,No,No,Yes,1,United States,California,Foothill Ranch,92610,33.698728,-117.67768,10936,Q3,0,0,11,,0,0.0,0,Yes,DSL,19,0,0,0,0,0,0,0,1,Month-to-Month,0,Bank Withdrawal,25.2,321.05,0.0,0,0.0,321.05,3,Stayed,No,57,5916,,,0.99
0221-WMXNQ,Male,66,No,Yes,No,No,0,United States,California,Chino,91710,33.990646,-117.663025,75319,Q3,0,0,4,Offer E,1,36.4,0,Yes,Fiber Optic,29,1,0,0,0,0,0,0,1,One Year,0,Bank Withdrawal,75.35,273.4,0.0,0,145.6,419.0,3,Stayed,No,40,4033,,,0.99
2676-OXPPQ,Male,22,Yes,No,No,No,0,United States,California,Irvine,92612,33.643095,-117.810896,41062,Q3,0,0,6,,1,3.16,0,Yes,DSL,41,1,1,0,0,0,0,0,1,Month-to-Month,1,Bank Withdrawal,55.7,335.65,0.0,0,18.96,354.60999999999996,3,Stayed,No,45,2482,,,0.99
4195-NZGTA,Female,40,No,No,No,No,0,United States,California,Valencia,91354,34.457005,-118.573726,17846,Q3,0,0,1,,0,0.0,0,Yes,Cable,2,0,0,0,0,0,0,0,1,Month-to-Month,0,Bank Withdrawal,25.25,25.25,0.0,0,0.0,25.25,4,Joined,No,73,5858,,,0.94
8048-DSDFQ,Male,63,No,No,No,No,0,United States,California,Midway City,92655,33.744439,-117.98588,8660,Q3,0,0,1,,1,13.08,0,No,,0,0,0,0,0,0,0,0,0,Month-to-Month,0,Credit Card,20.2,20.2,0.0,0,13.08,33.28,5,Joined,No,42,4496,,,0.92
3489-HHPFY,Female,40,No,No,Yes,No,0,United States,California,Amboy,92304,34.559882,-115.637164,42,Q3,1,9,2,,1,22.23,1,Yes,Fiber Optic,13,0,0,0,0,1,0,0,1,Month-to-Month,1,Bank Withdrawal,84.05,134.05,0.0,0,44.46,178.51000000000002,5,Joined,No,78,2115,,,0.94
9761-XUJWD,Male,22,Yes,No,No,No,0,United States,California,Fresno,93650,36.841655,-119.797113,3258,Q3,0,0,5,,1,8.6,0,Yes,DSL,59,0,1,0,1,0,1,1,1,Month-to-Month,1,Bank Withdrawal,65.6,339.9,0.0,0,43.0,382.9,4,Stayed,No,65,5636,,,0.98
5968-VXZLG,Male,45,No,No,No,No,0,United States,California,Calabasas,91302,34.130861,-118.68346,23661,Q3,0,0,2,,1,1.87,0,Yes,DSL,12,0,0,0,0,0,0,0,1,Month-to-Month,1,Bank Withdrawal,46.6,87.9,0.0,0,3.74,91.64,4,Joined,No,54,5096,,,0.74
7721-DVEKZ,Female,42,No,No,No,No,0,United States,California,Thousand Oaks,91360,34.214054,-118.88109,42526,Q3,0,0,1,Offer E,1,23.67,0,No,,0,0,0,0,0,0,0,0,0,Month-to-Month,0,Credit Card,19.65,19.65,0.0,0,23.67,43.32,3,Joined,No,73,4639,,,0.97
3976-NLDEZ,Male,55,No,No,No,No,0,United States,California,Mira Loma,91752,33.999992,-117.535395,18980,Q3,0,0,1,Offer E,1,1.48,0,No,,0,0,0,0,0,0,0,0,0,Month-to-Month,0,Credit Card,20.6,20.6,0.0,0,1.48,22.08,3,Joined,No,52,5370,,,0.96
2960-NKRSO,Male,60,No,No,No,No,0,United States,California,Mad River,95552,40.390301,-123.412327,265,Q3,0,0,24,,1,9.53,0,Yes,Fiber Optic,24,0,1,1,1,0,0,0,1,Month-to-Month,1,Bank Withdrawal,85.95,2107.15,0.0,0,228.71999999999997,2335.87,3,Stayed,No,52,5421,,,0.94
6233-HXJMX,Female,42,No,No,No,No,0,United States,California,Alpine,91901,32.827184,-116.703729,16486,Q3,0,0,45,Offer B,1,13.82,1,Yes,Fiber Optic,8,0,0,1,0,0,1,1,1,Month-to-Month,1,Credit Card,89.3,4192.15,0.0,0,621.9,4814.049999999999,3,Stayed,No,32,5470,,,0.78
5995-SNNEW,Male,80,No,Yes,Yes,No,0,United States,California,Whittier,90605,33.960891,-118.032222,38181,Q3,1,1,23,,1,45.21,1,Yes,Fiber Optic,14,0,1,1,0,1,1,1,0,Month-to-Month,1,Bank Withdrawal,104.45,2184.85,0.0,60,1039.83,3284.68,5,Stayed,No,37,5883,,,0.95
2393-DIVAI,Female,40,No,No,No,No,0,United States,California,Brea,92821,33.930199,-117.862898,34055,Q3,0,0,3,Offer E,1,15.37,0,No,,0,0,0,0,0,0,0,0,0,Month-to-Month,1,Credit Card,20.0,61.7,0.0,0,46.11,107.81,3,Joined,No,21,5575,,,0.97
6598-RFFVI,Male,56,No,No,No,No,0,United States,California,San Bernardino,92405,34.142747,-117.300864,24644,Q3,0,0,2,,1,15.79,0,No,,0,0,0,0,0,0,0,0,0,One Year,0,Credit Card,19.3,28.3,0.0,0,31.58,59.879999999999995,3,Churned,Yes,94,2279,Price,Long distance charges,0.9
4129-LYCOI,Female,28,Yes,No,No,Yes,1,United States,California,Guinda,95637,38.830739,-122.196202,228,Q3,0,0,67,,1,12.54,1,Yes,Fiber Optic,59,0,1,0,1,1,1,1,1,Two Year,1,Bank Withdrawal,104.0,7039.05,0.0,0,840.18,7879.23,3,Stayed,No,39,4741,,,0.75
4098-NAUKP,Male,70,No,Yes,Yes,Yes,1,United States,California,Oceano,93445,35.059695,-120.604741,7435,Q3,1,1,68,Offer A,1,20.31,1,Yes,Fiber Optic,13,0,1,1,0,0,0,0,1,Two Year,1,Bank Withdrawal,84.65,5683.6,0.0,0,1381.08,7064.68,3,Stayed,No,72,6404,,,0.83
9708-KFDBY,Male,29,Yes,No,No,No,0,United States,California,Oceanside,92054,33.351059,-117.420557,98239,Q3,0,0,1,Offer E,1,7.32,0,No,,0,0,0,0,0,0,0,0,0,Month-to-Month,0,Credit Card,20.55,20.55,0.0,0,7.32,27.87,4,Joined,No,28,4801,,,0.95
2277-VWCNI,Female,65,No,Yes,No,No,0,United States,California,Brookdale,95007,37.106902,-122.100006,1007,Q3,0,0,4,,1,31.13,1,Yes,DSL,15,0,0,0,0,0,0,0,1,Two Year,0,Mailed Check,48.75,179.85,0.0,0,124.52,304.37,3,Stayed,No,25,3048,,,0.96
6078-VESFR,Male,78,No,Yes,Yes,No,0,United States,California,Vista,92084,33.22784,-117.200024,44692,Q3,1,1,13,,1,36.57,0,Yes,Fiber Optic,26,0,0,0,0,0,0,0,1,Month-to-Month,0,Bank Withdrawal,70.45,849.1,0.0,0,475.41,1324.51,5,Stayed,No,53,5225,,,0.84
6133-OZILE,Female,45,No,No,No,No,0,United States,California,Santa Monica,90403,34.031529,-118.491156,23559,Q3,0,0,18,Offer D,0,0.0,0,Yes,DSL,11,0,0,1,1,0,0,0,0,Month-to-Month,1,Bank Withdrawal,35.2,607.3,0.0,50,0.0,657.3,3,Stayed,No,32,5381,,,0.97
4801-JZAZL,Female,32,No,No,Yes,Yes,2,United States,California,Angelus Oaks,92305,34.1678,-116.86433,301,Q3,1,1,11,,0,0.0,0,Yes,DSL,17,1,0,0,0,0,0,0,1,Month-to-Month,1,Bank Withdrawal,29.6,346.45,27.24,0,0.0,319.21,4,Stayed,No,59,2793,,,0.84
3955-JBZZM,Male,45,No,No,No,No,0,United States,California,Hermosa Beach,90254,33.86532,-118.396336,18693,Q3,0,0,20,Offer D,1,45.39,0,Yes,Fiber Optic,24,0,0,0,0,1,0,0,1,Month-to-Month,0,Bank Withdrawal,78.8,1641.3,0.0,0,907.8,2549.1,3,Stayed,No,80,2317,,,0.94
9699-UBQFS,Female,76,No,Yes,Yes,No,0,United States,California,Los Angeles,90065,34.108833,-118.229715,47534,Q3,1,4,43,,1,3.66,1,Yes,Fiber Optic,22,1,1,0,0,1,0,0,1,Month-to-Month,1,Bank Withdrawal,94.5,4156.8,0.0,0,157.38,4314.18,3,Stayed,No,32,4745,,,1.0
9584-EXCDZ,Female,53,No,No,No,No,0,United States,California,San Francisco,94103,37.773147,-122.411287,23036,Q3,0,0,17,Offer D,1,41.78,0,Yes,Fiber Optic,16,0,0,0,0,0,0,0,1,Month-to-Month,0,Bank Withdrawal,70.5,1165.6,0.0,0,710.26,1875.86,3,Stayed,No,53,3650,,,0.99
2259-OUUSZ,Male,28,Yes,No,No,No,0,United States,California,San Diego,92106,32.71346,-117.236378,18525,Q3,0,0,7,Offer E,0,0.0,0,Yes,DSL,48,0,0,1,1,0,0,0,1,One Year,1,Credit Card,35.5,249.55,0.0,0,0.0,249.55,3,Stayed,No,48,5124,,,0.93
0690-SRQID,Male,20,Yes,No,No,No,0,United States,California,Stockton,95203,37.954089,-121.329761,16357,Q3,0,0,4,Offer E,1,18.28,0,No,,0,0,0,0,0,0,0,0,0,Month-to-Month,1,Credit Card,19.65,67.55,0.0,0,73.12,140.67000000000002,3,Stayed,No,72,4925,,,0.96
0980-PVMRC,Female,27,Yes,No,Yes,Yes,3,United States,California,Squaw Valley,93675,36.719141,-119.202677,3146,Q3,0,0,40,,0,0.0,0,Yes,DSL,52,0,1,0,0,1,1,1,1,Month-to-Month,1,Bank Withdrawal,50.85,2036.55,0.0,0,0.0,2036.55,3,Stayed,No,35,2819,,,0.83
9129-UXERG,Female,65,No,Yes,No,No,0,United States,California,Van Nuys,91405,34.202494,-118.448048,51348,Q3,0,0,18,,1,1.27,1,Yes,Fiber Optic,3,0,1,0,1,1,1,1,0,Month-to-Month,1,Credit Card,103.6,1806.35,0.0,10,22.86,1839.21,4,Stayed,No,73,2094,,,0.96
6815-ABQFQ,Male,53,No,No,Yes,No,0,United States,California,Silverado,92676,33.782346,-117.635263,1859,Q3,1,1,56,,1,14.43,1,Yes,Fiber Optic,25,0,1,0,1,1,1,1,1,One Year,1,Bank Withdrawal,107.25,6033.3,0.0,0,808.0799999999999,6841.38,3,Stayed,No,70,5800,,,0.93
5647-FXOTP,Female,71,No,Yes,Yes,No,0,United States,California,Santa Ysabel,92070,33.174725,-116.743329,1143,Q3,1,1,60,Offer B,1,36.71,1,Yes,Fiber Optic,25,0,1,1,0,1,1,1,0,Month-to-Month,1,Bank Withdrawal,105.9,6401.25,0.0,110,2202.6,8713.85,5,Stayed,No,40,5084,,,0.75
2690-DVRVK,Male,27,Yes,No,Yes,Yes,2,United States,California,San Diego,92120,32.807867,-117.060993,25569,Q3,1,1,5,,1,41.21,0,No,,0,0,0,0,0,0,0,0,0,One Year,0,Bank Withdrawal,20.55,99.45,0.0,0,206.05,305.5,3,Stayed,No,54,3629,,,0.93
8993-IZEUX,Male,54,No,No,No,No,0,United States,California,Adin,96006,41.171578,-120.913161,615,Q3,0,0,7,,1,21.12,0,Yes,Fiber Optic,7,0,0,0,0,0,0,0,1,Month-to-Month,0,Bank Withdrawal,69.15,488.65,0.0,0,147.84,636.49,3,Stayed,No,20,4320,,,0.98
4853-OITSN,Male,33,No,No,Yes,No,0,United States,California,Oakland,94606,37.792489,-122.244314,41876,Q3,1,8,5,Offer E,1,15.74,1,Yes,Fiber Optic,28,1,0,0,0,0,1,1,1,Month-to-Month,1,Bank Withdrawal,89.15,413.25,0.0,0,78.7,491.95,3,Stayed,No,27,2576,,,0.93
2792-LSHWX,Female,49,No,No,No,No,0,United States,California,Fremont,94555,37.555473,-122.080312,33883,Q3,0,0,1,,1,43.06,0,Yes,Fiber Optic,9,1,1,0,1,0,0,0,1,Month-to-Month,1,Credit Card,83.4,83.4,0.0,0,43.06,126.46,3,Joined,No,26,5960,,,0.82
6789-HJBWG,Female,20,Yes,No,No,No,0,United States,California,Livingston,95334,37.361987,-120.748394,12672,Q3,0,0,12,Offer D,1,17.14,0,Yes,DSL,48,0,1,0,0,0,0,0,0,Month-to-Month,1,Bank Withdrawal,49.4,611.65,0.0,90,205.68,907.33,3,Stayed,No,70,5007,,,0.74
5175-WLYXL,Male,56,No,No,No,No,0,United States,California,Fallbrook,92028,33.362575,-117.299644,42239,Q3,0,0,22,Offer D,1,30.35,1,Yes,Fiber Optic,10,0,1,0,0,0,0,0,0,Month-to-Month,1,Credit Card,78.85,1600.25,0.0,50,667.7,2317.95,5,Stayed,No,75,2444,,,0.77
4191-XOVOM,Male,25,Yes,No,No,No,0,United States,California,Oakland,94611,37.828416,-122.216005,36517,Q3,0,0,63,Offer B,1,22.73,1,Yes,Fiber Optic,73,0,1,0,1,1,1,1,0,Month-to-Month,0,Bank Withdrawal,105.4,6713.2,0.0,130,1431.99,8275.19,4,Stayed,No,66,4551,,,0.95
3318-ISQFQ,Female,23,Yes,No,No,No,0,United States,California,Newark,94560,37.504133,-122.032347,42491,Q3,0,0,20,Offer D,1,10.97,0,No,,0,0,0,0,0,0,0,0,0,Month-to-Month,1,Bank Withdrawal,19.5,413.0,0.0,0,219.4,632.4,3,Stayed,No,28,5409,,,0.77
0129-KPTWJ,Male,39,No,No,Yes,No,0,United States,California,North Highlands,95660,38.671295,-121.388251,32202,Q3,1,9,72,,1,33.22,0,Yes,Fiber Optic,23,0,0,1,0,1,1,1,1,Month-to-Month,1,Bank Withdrawal,94.65,6747.35,0.0,0,2391.84,9139.19,3,Stayed,No,20,5943,,,0.89
6362-QHAFM,Male,53,No,No,Yes,No,0,United States,California,Sacramento,95825,38.590035,-121.412455,30715,Q3,1,1,42,,1,42.45,1,Yes,Fiber Optic,11,0,0,1,1,1,1,1,1,One Year,1,Bank Withdrawal,108.3,4586.15,0.0,0,1782.9,6369.049999999999,3,Stayed,No,63,5106,,,0.92
2692-BUCFV,Male,79,No,Yes,No,No,0,United States,California,Shingle Springs,95682,38.598936,-120.963092,24738,Q3,0,0,29,Offer C,1,6.59,0,Yes,Fiber Optic,21,0,1,1,0,1,1,0,0,One Year,1,Bank Withdrawal,101.45,2948.6,0.0,60,191.11,3199.71,4,Stayed,No,76,5285,,,0.99
8622-ZLFKO,Female,56,No,No,Yes,No,0,United States,California,Fresno,93710,36.822715,-119.761826,29337,Q3,1,1,6,,1,23.35,1,Yes,Fiber Optic,8,0,1,0,0,0,1,1,1,Month-to-Month,1,Bank Withdrawal,90.75,512.25,0.0,0,140.10000000000002,652.35,4,Stayed,No,54,4297,,,0.9
7814-LEEVE,Female,60,No,No,Yes,No,0,United States,California,Grass Valley,95949,39.099204,-121.137962,17922,Q3,1,7,1,,1,6.64,0,No,,0,0,0,0,0,0,0,0,0,Month-to-Month,1,Bank Withdrawal,20.3,20.3,0.0,0,6.64,26.94,5,Joined,No,54,4215,,,0.98
1100-DDVRV,Male,27,Yes,No,Yes,No,0,United States,California,Twain Harte,95383,38.107441,-120.230625,4848,Q3,1,1,17,,0,0.0,0,Yes,DSL,52,0,1,0,0,1,1,1,1,Month-to-Month,1,Credit Card,49.8,836.35,0.0,0,0.0,836.35,5,Stayed,No,24,5575,,,0.85
0439-IFYUN,Female,78,No,Yes,No,No,0,United States,California,Escondido,92027,33.141265,-116.967221,48690,Q3,0,0,18,Offer D,1,21.09,0,Yes,Fiber Optic,18,0,1,0,0,0,0,0,0,Month-to-Month,1,Bank Withdrawal,74.7,1294.6,0.0,20,379.62,1694.2199999999998,4,Stayed,No,62,3896,,,0.96
3796-ENZGF,Male,52,No,No,Yes,No,0,United States,California,The Sea Ranch,95497,38.696659,-123.436861,752,Q3,1,2,63,,1,48.14,1,Yes,Cable,28,0,1,0,1,0,1,1,0,Two Year,0,Credit Card,67.25,4234.15,0.0,150,3032.82,7416.969999999999,4,Stayed,No,36,6438,,,0.96
1258-YMZNM,Female,70,No,Yes,No,No,0,United States,California,Montara,94037,37.540582,-122.509594,2346,Q3,0,0,27,Offer C,1,35.76,1,Yes,Fiber Optic,4,1,1,1,0,1,1,0,1,One Year,1,Bank Withdrawal,110.5,2857.6,0.0,0,965.52,3823.12,3,Stayed,No,56,4997,,,0.93
1194-SPVSP,Male,20,Yes,No,No,No,0,United States,California,Soquel,95073,37.023669,-121.946461,9823,Q3,0,0,1,,1,27.88,0,No,,0,0,0,0,0,0,0,0,0,Month-to-Month,0,Bank Withdrawal,19.65,19.65,0.0,0,27.88,47.53,3,Joined,No,79,3625,,,1.0
5285-MVEHD,Female,35,No,No,Yes,No,0,United States,California,Sunnyvale,94087,37.3511,-122.037311,50070,Q3,1,1,56,Offer B,1,34.1,0,Yes,Fiber Optic,13,1,1,1,0,1,1,1,1,One Year,1,Credit Card,105.6,6068.65,0.0,0,1909.6,7978.25,4,Stayed,No,24,4196,,,0.93
8805-JNRAZ,Female,44,No,No,No,No,0,United States,California,Huntington Beach,92646,33.666301,-117.969501,56517,Q3,0,0,2,Offer E,1,29.28,0,Yes,Cable,4,0,1,0,0,0,0,0,1,Month-to-Month,0,Credit Card,49.2,103.7,0.0,0,58.56,162.26,5,Joined,No,75,2342,,,0.96
1897-RCFUM,Female,31,No,No,Yes,Yes,2,United States,California,Point Arena,95468,38.911299,-123.609588,1352,Q3,1,1,39,,1,5.88,1,No,,0,0,0,0,0,0,0,0,0,One Year,1,Credit Card,24.2,914.6,0.0,0,229.32,1143.92,3,Stayed,No,67,3109,,,0.82
0188-GWFLE,Male,33,No,No,No,No,0,United States,California,Redwood City,94065,37.527497,-122.230941,10658,Q3,0,0,2,,1,1.81,0,No,,0,0,0,0,0,0,0,0,0,Month-to-Month,0,Credit Card,20.05,33.7,0.0,0,3.62,37.32,3,Joined,No,59,4978,,,0.98
0577-WHMEV,Female,19,Yes,No,Yes,No,0,United States,California,San Jose,95133,37.371862,-121.860349,26032,Q3,1,2,16,Offer D,1,27.83,1,Yes,Fiber Optic,52,1,1,1,0,0,0,1,1,Month-to-Month,0,Bank Withdrawal,90.7,1374.9,0.0,0,445.28,1820.18,3,Stayed,No,73,4839,,,0.94
5863-OOKCL,Female,60,No,No,No,No,0,United States,California,Cayucos,93430,35.511833,-120.918713,3220,Q3,0,0,10,Offer D,1,41.04,0,No,,0,0,0,0,0,0,0,0,0,Month-to-Month,0,Credit Card,18.85,163.2,0.0,0,410.4,573.5999999999999,3,Stayed,No,62,5949,,,0.93
4123-DVHPH,Male,49,No,No,Yes,No,0,United States,California,Orinda,94563,37.873916,-122.20522,17964,Q3,1,3,9,,1,22.41,1,Yes,Fiber Optic,21,1,0,0,0,0,1,1,1,Month-to-Month,1,Bank Withdrawal,88.05,801.3,0.0,0,201.69,1002.99,3,Stayed,No,30,2715,,,0.8
6633-SYEUS,Female,23,Yes,No,No,No,0,United States,California,San Diego,92127,33.017518,-117.118456,20046,Q3,0,0,23,,1,19.96,0,Yes,Fiber Optic,76,0,1,1,1,0,0,0,1,Month-to-Month,0,Bank Withdrawal,83.2,2032.3,23.79,0,459.08,2467.59,3,Stayed,No,28,2061,,,0.9
8992-CEUEN,Female,59,No,No,No,No,0,United States,California,Arnold,95223,38.32153,-120.236358,5159,Q3,0,0,1,,1,7.8,0,No,,0,0,0,0,0,0,0,0,0,Month-to-Month,0,Bank Withdrawal,18.85,18.85,0.0,0,7.8,26.65,4,Joined,No,37,5084,,,1.0
1038-ZAGBI,Female,59,No,No,Yes,No,0,United States,California,Fresno,93711,36.833002,-119.82947,36274,Q3,1,1,12,,1,37.65,0,No,,0,0,0,0,0,0,0,0,0,One Year,0,Bank Withdrawal,19.8,229.6,0.0,0,451.7999999999999,681.4,3,Churned,Yes,94,2653,Attitude,Attitude of support person,0.95
9314-QDMDW,Male,29,Yes,No,No,No,0,United States,California,Los Alamos,93440,34.758699,-120.275839,1328,Q3,0,0,11,Offer D,1,27.84,0,Yes,Cable,59,0,1,0,0,1,0,0,1,One Year,1,Bank Withdrawal,61.25,729.95,0.0,0,306.24,1036.19,3,Stayed,No,58,2738,,,0.98
7020-OZKXZ,Female,65,No,Yes,No,No,0,United States,California,Vista,92084,33.22784,-117.200024,44692,Q3,0,0,9,,1,24.96,0,Yes,Fiber Optic,9,0,0,1,0,0,0,0,1,Two Year,0,Credit Card,75.5,637.4,0.0,0,224.64,862.04,3,Stayed,No,30,3021,,,0.96
0208-BPQEJ,Female,48,No,No,Yes,Yes,1,United States,California,Middletown,95461,38.787446,-122.58675,7789,Q3,0,0,12,Offer D,1,8.25,0,No,,0,0,0,0,0,0,0,0,0,Month-to-Month,0,Bank Withdrawal,19.4,198.1,0.0,0,99.0,297.1,3,Stayed,No,29,3713,,,1.0
3199-XGZCY,Female,51,No,No,No,No,0,United States,California,Granada Hills,91344,34.291273,-118.505104,48867,Q3,0,0,8,,1,18.82,1,Yes,Fiber Optic,3,0,0,0,0,0,0,0,1,Month-to-Month,1,Bank Withdrawal,75.25,576.7,0.0,0,150.56,727.26,4,Stayed,No,74,2332,,,0.94
1251-STYSZ,Female,66,No,Yes,No,No,0,United States,California,Glenhaven,95443,39.045246,-122.743181,175,Q3,0,0,4,,1,8.75,1,Yes,Fiber Optic,4,1,0,0,0,0,0,0,0,One Year,1,Bank Withdrawal,80.25,303.7,0.0,30,35.0,368.7,4,Stayed,No,20,3828,,,0.96
2252-ISRNH,Male,22,Yes,No,Yes,Yes,3,United States,California,Covelo,95428,39.83307,-123.178765,2296,Q3,1,9,9,Offer E,1,30.46,1,Yes,Fiber Optic,82,0,0,1,0,1,0,0,1,One Year,1,Bank Withdrawal,90.35,767.9,0.0,0,274.14,1042.04,3,Stayed,No,27,2993,,,0.98
6145-NNPNO,Female,45,No,No,No,No,0,United States,California,Santa Rosa,95404,38.526941,-122.709096,35057,Q3,0,0,1,Offer E,1,9.82,0,Yes,Cable,13,0,0,0,0,0,0,0,1,Month-to-Month,0,Bank Withdrawal,44.15,44.15,0.0,0,9.82,53.97,4,Joined,No,64,3103,,,0.9
4468-YDOVK,Male,57,No,No,No,Yes,2,United States,California,Richmond,94805,37.941456,-122.320968,13984,Q3,0,0,5,,1,13.54,0,Yes,DSL,21,0,0,0,1,0,0,0,1,Month-to-Month,1,Bank Withdrawal,48.65,235.2,0.0,0,67.69999999999999,302.9,5,Stayed,No,68,3307,,,0.99
8089-UZWLX,Female,75,No,Yes,No,No,0,United States,California,El Nido,95317,37.127386,-120.506422,808,Q3,0,0,71,Offer A,1,47.86,1,Yes,Fiber Optic,16,0,0,1,0,1,1,0,1,Two Year,0,Bank Withdrawal,104.05,7413.55,0.0,0,3398.06,10811.61,5,Stayed,No,70,4113,,,0.96
1282-IHQAC,Male,68,No,Yes,No,No,0,United States,California,Sheep Ranch,95250,38.244806,-120.417301,88,Q3,0,0,70,Offer A,0,0.0,0,Yes,Cable,13,0,1,1,0,1,0,0,1,One Year,1,Credit Card,44.05,3011.65,0.0,0,0.0,3011.65,3,Stayed,No,68,4022,,,0.92
9391-YZEJW,Female,42,No,No,No,No,0,United States,California,Mountain View,94043,37.419725,-122.062947,27822,Q3,0,0,62,Offer B,1,32.29,1,Yes,Fiber Optic,26,0,0,0,0,1,1,1,1,One Year,1,Bank Withdrawal,94.0,5757.2,0.0,0,2001.98,7759.18,3,Stayed,No,25,4778,,,0.91
7401-RUBNK,Female,25,Yes,No,Yes,No,0,United States,California,South Dos Palos,93665,36.959731,-120.653519,343,Q3,1,1,18,Offer D,1,43.29,0,Yes,Fiber Optic,41,1,0,0,0,0,0,0,1,Month-to-Month,0,Bank Withdrawal,74.8,1438.05,0.0,0,779.22,2217.27,3,Stayed,No,39,4809,,,0.98
9626-WEQRM,Female,53,No,No,No,No,0,United States,California,Cedarville,96104,41.505916,-120.152505,857,Q3,0,0,4,,0,0.0,0,Yes,DSL,2,1,0,0,0,0,0,0,0,Month-to-Month,1,Credit Card,29.15,110.05,0.0,10,0.0,120.05,4,Stayed,No,78,2657,,,1.0
4558-CGYCZ,Male,20,Yes,No,No,No,0,United States,California,San Fernando,91340,34.286131,-118.435969,33389,Q3,0,0,4,,1,41.94,0,No,,0,0,0,0,0,0,0,0,0,Month-to-Month,0,Credit Card,19.75,78.3,0.0,0,167.76,246.06,3,Stayed,No,25,4987,,,0.93
6288-LBEAR,Female,22,Yes,No,No,No,0,United States,California,Yountville,94599,38.421458,-122.365048,2873,Q3,0,0,23,,1,15.18,0,Yes,Fiber Optic,46,0,1,0,1,0,0,0,1,Month-to-Month,1,Credit Card,79.1,1783.75,0.0,0,349.14,2132.89,5,Stayed,No,75,3619,,,0.84
4104-PVRPS,Male,56,No,No,Yes,No,0,United States,California,Rialto,92376,34.109775,-117.378904,75882,Q3,1,7,24,Offer C,1,1.02,0,Yes,Cable,3,1,0,0,1,0,0,0,0,Month-to-Month,0,Mailed Check,53.6,1315.35,0.0,120,24.48,1459.83,3,Stayed,No,47,2977,,,0.95
8294-UIMBA,Female,64,No,No,No,No,0,United States,California,Northridge,91325,34.236683,-118.517588,32307,Q3,0,0,30,,1,2.67,0,Yes,Fiber Optic,27,0,0,0,1,1,1,1,1,One Year,1,Bank Withdrawal,94.4,2638.1,0.0,0,80.1,2718.2,5,Stayed,No,68,4584,,,0.95
7601-WFVZV,Male,35,No,No,No,No,0,United States,California,Downieville,95936,39.578792,-120.780786,404,Q3,0,0,1,Offer E,1,17.94,0,No,,0,0,0,0,0,0,0,0,0,Month-to-Month,0,Credit Card,19.55,19.55,0.0,0,17.94,37.49,4,Joined,No,79,3718,,,0.98
3427-GGZZI,Female,30,No,No,Yes,No,0,United States,California,Midpines,95345,37.581496,-119.972762,433,Q3,1,1,19,,1,45.37,1,Yes,Fiber Optic,52,0,1,0,0,0,1,1,1,Month-to-Month,1,Bank Withdrawal,89.1,1620.8,0.0,0,862.03,2482.83,5,Stayed,No,66,3624,,,0.94
8087-LGYHQ,Male,40,No,No,No,No,0,United States,California,Crestline,92325,34.248061,-117.29028,10484,Q3,0,0,9,Offer E,1,15.53,0,Yes,Fiber Optic,14,0,0,1,0,1,1,1,1,Month-to-Month,1,Bank Withdrawal,94.05,811.65,0.0,0,139.76999999999998,951.42,4,Stayed,No,42,3475,,,0.9
0730-KOAVE,Male,53,No,No,No,No,0,United States,California,Redwood City,94062,37.410567,-122.297152,25569,Q3,0,0,30,Offer C,1,41.66,1,Yes,Fiber Optic,28,1,1,0,0,0,1,1,1,Month-to-Month,1,Credit Card,94.3,2679.7,0.0,0,1249.8,3929.5,3,Stayed,No,75,4219,,,0.92
3002-WQZWT,Female,25,Yes,No,No,No,0,United States,California,Murrieta,92563,33.581045,-117.14719,18311,Q3,0,0,29,Offer C,1,16.38,1,Yes,Fiber Optic,82,0,0,0,0,0,0,0,1,Month-to-Month,1,Bank Withdrawal,74.2,1993.25,0.0,0,475.02,2468.27,5,Stayed,No,55,3982,,,0.93
7997-EASSD,Female,56,No,No,Yes,No,0,United States,California,Redwood City,94061,37.461251,-122.235414,35737,Q3,1,1,63,Offer B,1,38.85,1,Yes,Fiber Optic,27,0,0,0,1,0,0,0,1,One Year,1,Credit Card,81.2,4965.1,0.0,0,2447.55,7412.650000000001,3,Stayed,No,64,6063,,,0.96
2974-GGUXS,Female,74,No,Yes,Yes,No,0,United States,California,Granite Bay,95746,38.749466,-121.184196,20675,Q3,0,0,36,Offer C,1,11.32,1,Yes,Fiber Optic,16,0,1,0,0,1,0,0,1,Month-to-Month,1,Credit Card,91.95,3301.05,17.76,0,407.52,3690.81,5,Stayed,No,48,3273,,,0.97
9178-JHUVJ,Male,19,Yes,No,Yes,Yes,3,United States,California,Newbury Park,91320,34.172071,-118.946262,37779,Q3,1,1,24,Offer C,1,1.14,1,No,,0,0,0,0,0,0,0,0,0,Two Year,1,Bank Withdrawal,24.1,587.4,0.0,0,27.36,614.76,3,Stayed,No,26,4634,,,0.88
2916-BQZLN,Male,29,Yes,No,No,No,0,United States,California,Reseda,91335,34.200175,-118.540958,68018,Q3,0,0,19,,1,11.42,1,Yes,Fiber Optic,41,1,0,1,0,0,0,0,1,Month-to-Month,1,Bank Withdrawal,84.75,1651.95,49.38,0,216.98,1819.55,4,Stayed,No,24,5157,,,0.98
6253-WRFHY,Male,59,No,No,Yes,Yes,1,United States,California,Marshall,94940,38.129308,-122.834815,406,Q3,1,1,13,,1,13.32,0,Yes,DSL,21,0,0,0,0,1,1,1,1,One Year,1,Bank Withdrawal,64.75,877.35,0.0,0,173.16,1050.51,3,Stayed,No,73,4741,,,0.77
5712-VBOXD,Female,53,No,No,No,No,0,United States,California,Santa Barbara,93108,34.457541,-119.631072,12741,Q3,0,0,4,Offer E,1,1.3,0,No,,0,0,0,0,0,0,0,0,0,Month-to-Month,1,Credit Card,20.15,68.45,0.0,0,5.2,73.65,3,Stayed,No,74,5221,,,0.97
4159-NAAIX,Female,24,Yes,No,No,No,0,United States,California,Saratoga,95070,37.257772,-122.051824,30589,Q3,0,0,63,,1,37.76,1,Yes,Fiber Optic,48,0,1,0,0,1,1,1,1,Two Year,0,Bank Withdrawal,97.45,6253.0,0.0,0,2378.8799999999997,8631.88,3,Stayed,No,67,4769,,,0.95
4815-GBTCD,Female,55,No,No,Yes,No,0,United States,California,Wishon,93669,37.287758,-119.548156,327,Q3,1,1,4,,0,0.0,0,Yes,DSL,29,0,0,0,0,0,0,0,1,Month-to-Month,1,Bank Withdrawal,25.15,99.95,0.0,0,0.0,99.95,4,Stayed,No,31,3891,,,0.71
9578-FOMUK,Male,53,No,No,No,Yes,3,United States,California,Santa Clara,95054,37.393554,-121.965114,13031,Q3,0,0,15,,1,32.54,1,No,,0,0,0,0,0,0,0,0,0,Month-to-Month,1,Bank Withdrawal,24.8,324.15,12.8,0,488.1,799.4499999999999,3,Stayed,No,57,3965,,,0.96
3806-YAZOV,Female,44,No,No,No,No,0,United States,California,Lagunitas,94938,38.021772,-122.691744,821,Q3,0,0,3,Offer E,1,6.61,0,No,,0,0,0,0,0,0,0,0,0,Month-to-Month,0,Credit Card,18.8,56.0,0.0,0,19.83,75.83,4,Joined,No,67,3010,,,0.72
8566-YPRGL,Female,57,No,No,No,No,0,United States,California,Long Beach,90806,33.802664,-118.179971,49647,Q3,0,0,1,Offer E,1,33.02,0,No,,0,0,0,0,0,0,0,0,0,Month-to-Month,1,Credit Card,19.5,19.5,0.0,0,33.02,52.52,4,Joined,No,23,5279,,,0.96
1270-XKUCC,Female,24,Yes,No,Yes,Yes,1,United States,California,San Diego,92122,32.85723,-117.209774,34902,Q3,1,1,30,,1,12.85,0,No,,0,0,0,0,0,0,0,0,0,Two Year,0,Credit Card,19.7,599.25,49.79,0,385.5,934.96,3,Stayed,No,38,5045,,,0.82
6891-JPYFF,Female,57,No,No,Yes,Yes,3,United States,California,San Jose,95121,37.304681,-121.809955,37127,Q3,1,1,48,Offer B,1,30.41,1,Yes,Fiber Optic,53,1,1,0,0,1,1,1,1,Month-to-Month,1,Credit Card,105.25,4997.5,1.66,0,1459.68,6455.52,3,Stayed,No,79,4275,,,0.81
3594-IVHJZ,Female,31,No,No,No,No,0,United States,California,French Gulch,96033,40.740138,-122.587476,373,Q3,0,0,2,,1,47.19,0,No,,0,0,0,0,0,0,0,0,0,Month-to-Month,1,Mailed Check,20.45,42.45,0.0,0,94.38,136.82999999999998,5,Joined,No,56,2606,,,0.96
1850-AKQEP,Male,61,No,No,No,Yes,1,United States,California,Santa Cruz,95064,37.007882,-122.065975,4563,Q3,0,0,8,,1,14.37,0,No,,0,0,0,0,0,0,0,0,0,Month-to-Month,0,Credit Card,20.35,178.7,0.0,0,114.96,293.65999999999997,3,Stayed,No,42,4577,,,0.85
5118-MUEYH,Female,22,Yes,No,Yes,No,0,United States,California,Grand Terrace,92313,34.029175,-117.307211,11024,Q3,1,4,48,Offer B,1,39.25,1,Yes,Fiber Optic,51,0,1,0,1,1,1,1,1,Month-to-Month,1,Credit Card,105.1,5083.55,0.0,0,1884.0,6967.55,3,Stayed,No,42,3109,,,0.86
8562-GHPPI,Female,50,No,No,No,No,0,United States,California,San Leandro,94577,37.717196,-122.159338,41871,Q3,0,0,1,,1,11.96,0,No,,0,0,0,0,0,0,0,0,0,Month-to-Month,0,Credit Card,19.8,19.8,0.0,0,11.96,31.76,5,Joined,No,22,3129,,,0.97
4396-KLSEH,Male,26,Yes,No,No,No,0,United States,California,Bakersfield,93311,35.16207,-119.194488,20440,Q3,0,0,4,Offer E,1,6.88,0,No,,0,0,0,0,0,0,0,0,0,Month-to-Month,1,Bank Withdrawal,19.85,63.0,0.0,0,27.52,90.52,5,Stayed,No,71,5918,,,0.98
6180-YBIQI,Male,35,No,No,No,No,0,United States,California,Santa Monica,90404,34.026334,-118.474222,19975,Q3,0,0,5,Offer E,0,0.0,0,Yes,DSL,21,0,0,0,0,0,0,0,1,Month-to-Month,0,Credit Card,24.3,100.2,0.0,0,0.0,100.2,3,Stayed,No,61,4015,,,0.98
5522-JBWMO,Male,62,No,No,No,Yes,2,United States,California,Blythe,92225,33.674583,-114.71612,24659,Q3,0,0,1,,1,15.66,0,Yes,DSL,29,0,0,0,0,0,0,0,1,Month-to-Month,0,Bank Withdrawal,44.0,44.0,0.0,0,15.66,59.66,5,Joined,No,29,4020,,,0.73
4079-ULGFR,Male,22,Yes,No,No,No,0,United States,California,Paicines,95043,36.525703,-120.952122,813,Q3,0,0,16,Offer D,1,4.13,0,No,,0,0,0,0,0,0,0,0,0,Month-to-Month,0,Credit Card,20.0,275.7,0.0,0,66.08,341.78,3,Stayed,No,75,3705,,,0.95
2615-YVMYX,Male,68,No,Yes,Yes,No,0,United States,California,Chula Vista,91915,32.605012,-116.97595,9278,Q3,1,7,71,,1,30.59,1,Yes,Fiber Optic,19,1,1,1,0,1,1,0,0,Month-to-Month,1,Bank Withdrawal,107.5,7713.55,0.0,140,2171.89,10025.44,3,Stayed,No,64,5775,,,0.96
8203-XJZRC,Male,44,No,No,No,No,0,United States,California,Chula Vista,91914,32.688506,-116.938632,2606,Q3,0,0,1,Offer E,1,40.46,0,No,,0,0,0,0,0,0,0,0,0,Month-to-Month,0,Credit Card,20.25,20.25,0.0,0,40.46,60.71,3,Joined,No,57,5384,,,0.94
0960-HUWBM,Male,40,No,No,Yes,Yes,3,United States,California,Pleasant Grove,95668,38.833554,-121.498102,901,Q3,0,0,65,Offer B,1,39.52,1,Yes,Fiber Optic,57,0,0,1,1,1,1,1,1,Two Year,1,Bank Withdrawal,104.1,6700.05,0.0,0,2568.8,9268.85,4,Stayed,No,25,4024,,,0.99
5206-XZZQI,Male,56,No,No,No,No,0,United States,California,Orange,92867,33.81859,-117.821288,40915,Q3,0,0,53,Offer B,1,49.21,0,Yes,Fiber Optic,29,0,1,0,1,0,0,0,0,Month-to-Month,1,Credit Card,80.6,4348.1,39.45,90,2608.13,7006.780000000001,4,Stayed,No,73,6113,,,1.0
7926-IJOOU,Male,50,No,No,No,No,0,United States,California,San Francisco,94116,37.74441,-122.486764,42959,Q3,0,0,1,Offer E,1,16.36,0,No,,0,0,0,0,0,0,0,0,0,Month-to-Month,0,Credit Card,19.3,19.3,0.0,0,16.36,35.66,5,Joined,No,47,5626,,,0.9
7251-XFOIL,Female,60,No,No,No,No,0,United States,California,Coulterville,95311,37.722127,-120.110174,2271,Q3,0,0,61,Offer B,1,14.52,1,Yes,Fiber Optic,27,0,0,1,0,0,1,1,1,Month-to-Month,0,Credit Card,89.2,5500.6,0.0,0,885.72,6386.320000000001,3,Stayed,No,23,5536,,,0.98
4538-WNTMJ,Female,39,No,No,Yes,No,0,United States,California,Isleton,95641,38.154823,-121.601358,2010,Q3,0,0,46,Offer B,1,4.6,1,No,,0,0,0,0,0,0,0,0,0,One Year,0,Credit Card,24.95,1165.9,0.0,0,211.6,1377.5,3,Stayed,No,58,3979,,,0.99
1226-IENZN,Male,68,No,Yes,No,No,0,United States,California,Los Angeles,90024,34.066303,-118.435479,44150,Q3,0,0,16,Offer D,1,39.52,0,Yes,Fiber Optic,17,0,0,0,0,0,1,1,1,Month-to-Month,1,Bank Withdrawal,78.75,1218.25,0.0,0,632.32,1850.57,4,Stayed,No,74,4351,,,1.0
6728-VOIFY,Female,20,Yes,No,Yes,No,0,United States,California,Palo Cedro,96073,40.582399,-122.195512,4931,Q3,1,5,63,Offer B,1,20.51,0,Yes,Fiber Optic,51,0,1,0,0,1,1,1,0,One Year,1,Bank Withdrawal,96.0,6109.75,0.0,30,1292.13,7431.88,3,Stayed,No,80,5016,,,0.89
4232-JGKIY,Male,22,Yes,No,No,No,0,United States,California,Los Angeles,90011,34.00709,-118.258681,101215,Q3,0,0,1,,1,26.37,0,No,,0,0,0,0,0,0,0,0,0,Month-to-Month,0,Bank Withdrawal,19.2,19.2,0.0,0,26.37,45.57,4,Joined,No,27,2716,,,0.93
2087-QAREY,Female,60,No,No,Yes,No,0,United States,California,Sequoia National Park,93262,36.527243,-118.594938,56,Q3,1,1,22,Offer D,1,39.83,0,Yes,Cable,16,0,1,1,0,0,0,0,1,Month-to-Month,1,Credit Card,54.7,1178.75,0.0,0,876.26,2055.01,3,Stayed,No,53,5722,,,0.99
2135-DQWAQ,Female,37,No,No,No,No,0,United States,California,Santa Barbara,93111,34.460197,-119.802602,16477,Q3,0,0,5,Offer E,1,45.74,0,Yes,Fiber Optic,30,0,1,0,0,1,0,0,0,Month-to-Month,1,Credit Card,85.3,420.45,0.0,10,228.7,659.15,4,Stayed,No,67,2689,,,0.99
2105-PHWON,Female,41,No,No,Yes,No,0,United States,California,Navarro,95463,39.182916,-123.552571,148,Q3,1,1,33,,1,10.34,1,Yes,Fiber Optic,22,0,0,1,1,0,1,1,0,Month-to-Month,1,Credit Card,95.0,3008.15,0.0,60,341.21999999999997,3409.37,3,Stayed,No,76,4639,,,0.96
7905-TVXTA,Female,63,No,No,No,No,0,United States,California,Salinas,93907,36.77462,-121.664714,22292,Q3,0,0,5,Offer E,1,8.32,0,Yes,DSL,22,1,0,0,1,1,0,0,1,Month-to-Month,1,Bank Withdrawal,64.35,352.65,0.0,0,41.6,394.25,4,Stayed,No,35,4771,,,0.95
6917-IAYHD,Male,44,No,No,No,Yes,1,United States,California,La Honda,94020,37.285677,-122.224165,1622,Q3,0,0,1,Offer E,0,0.0,0,Yes,Cable,19,0,1,0,1,0,0,0,0,Month-to-Month,0,Credit Card,33.6,33.6,0.0,50,0.0,83.6,5,Joined,No,27,4369,,,0.89
4488-KQFDT,Female,21,Yes,No,No,No,0,United States,California,Lemon Grove,91945,32.733564,-117.033713,24961,Q3,0,0,61,Offer B,1,15.44,1,Yes,Fiber Optic,30,0,1,1,0,1,1,1,1,One Year,1,Bank Withdrawal,103.95,6423.0,0.0,0,941.84,7364.84,4,Stayed,No,59,4148,,,0.95
5088-QZLRL,Male,50,No,No,No,No,0,United States,California,Corona,92881,33.833686,-117.513063,21911,Q3,0,0,1,Offer E,1,1.47,0,No,,0,0,0,0,0,0,0,0,0,Month-to-Month,0,Bank Withdrawal,20.65,20.65,0.0,0,1.47,22.119999999999997,5,Joined,No,56,2729,,,0.99
3665-JATSN,Female,19,Yes,No,No,No,0,United States,California,Mount Shasta,96067,41.33832,-122.290756,7309,Q3,0,0,19,,0,0.0,0,Yes,DSL,59,0,1,0,0,0,1,1,0,Month-to-Month,1,Bank Withdrawal,39.7,710.05,0.0,110,0.0,820.05,5,Stayed,No,65,4034,,,0.96
1628-BIZYP,Male,60,No,No,No,No,0,United States,California,Brentwood,94513,37.908242,-121.682472,26577,Q3,0,0,1,,1,15.2,0,Yes,Fiber Optic,2,0,1,0,0,0,1,1,1,Month-to-Month,1,Bank Withdrawal,85.0,85.0,0.0,0,15.2,100.2,4,Joined,No,46,5754,,,0.95
9978-HYCIN,Male,72,No,Yes,Yes,Yes,1,United States,California,Bakersfield,93301,35.383937,-119.020428,12963,Q3,1,1,47,,1,42.29,0,Yes,Fiber Optic,22,0,1,0,0,1,0,0,0,One Year,1,Bank Withdrawal,84.95,4018.05,0.0,80,1987.63,6085.68,3,Stayed,No,68,3384,,,0.99
9360-OMDZZ,Male,60,No,No,No,No,0,United States,California,Herald,95638,38.313447,-121.123886,1745,Q3,0,0,24,Offer C,1,30.42,1,Yes,Fiber Optic,14,0,0,0,0,1,1,1,0,Month-to-Month,1,Bank Withdrawal,94.1,2322.85,0.0,110,730.08,3162.93,3,Stayed,No,69,3192,,,0.97
2832-SCUCO,Female,52,No,No,No,No,0,United States,California,Kirkwood,95646,38.631489,-120.015167,129,Q3,0,0,2,Offer E,1,26.9,0,No,,0,0,0,0,0,0,0,0,0,Month-to-Month,0,Bank Withdrawal,19.9,57.4,0.0,0,53.8,111.2,4,Joined,No,40,2822,,,0.96
4828-FAZPK,Female,30,No,No,Yes,Yes,2,United States,California,Inglewood,90301,33.956445,-118.358634,37527,Q3,1,1,16,Offer D,1,49.85,1,Yes,Fiber Optic,69,0,1,0,0,0,0,0,1,Month-to-Month,1,Credit Card,79.95,1267.95,0.0,0,797.6,2065.55,4,Stayed,No,65,3855,,,0.95
0541-FITGH,Female,59,No,No,Yes,No,0,United States,California,Hornitos,95325,37.479926,-120.230424,128,Q3,1,6,2,Offer E,1,48.39,0,Yes,Cable,24,1,0,0,0,0,1,1,1,Month-to-Month,1,Mailed Check,62.15,113.1,0.0,0,96.78,209.88,3,Joined,No,34,5766,,,0.98
3537-HPKQT,Female,20,Yes,No,Yes,No,0,United States,California,Mentone,92359,34.103578,-117.04054,7324,Q3,1,3,55,,1,23.45,1,Yes,Fiber Optic,53,0,1,0,0,0,0,0,1,Month-to-Month,1,Credit Card,77.75,4266.4,0.0,0,1289.75,5556.15,3,Stayed,No,46,4621,,,0.98
9039-ZVJDC,Male,49,No,No,No,No,0,United States,California,Pauma Valley,92061,33.313828,-116.940501,2615,Q3,0,0,3,,1,16.32,0,No,,0,0,0,0,0,0,0,0,0,Month-to-Month,1,Credit Card,19.1,53.05,0.0,0,48.96,102.01,3,Joined,No,68,4905,,,0.87
0480-BIXDE,Female,58,No,No,Yes,No,0,United States,California,Beale Afb,95903,39.125311,-121.392283,5654,Q3,1,9,19,Offer D,1,10.68,0,Yes,Fiber Optic,23,0,0,1,0,1,1,1,1,Month-to-Month,1,Bank Withdrawal,96.8,1743.05,0.0,0,202.92,1945.97,5,Stayed,No,66,3249,,,0.95
6705-LXORM,Female,79,No,Yes,Yes,No,0,United States,California,Perris,92570,33.787298,-117.320676,36817,Q3,1,1,5,Offer E,1,5.42,0,Yes,Fiber Optic,23,0,0,0,0,0,0,0,1,One Year,0,Bank Withdrawal,70.05,302.6,0.0,0,27.1,329.70000000000005,4,Stayed,No,24,2064,,,0.91
9244-ZVAPM,Male,36,No,No,No,No,0,United States,California,Garden Grove,92845,33.782955,-118.026456,15878,Q3,0,0,1,,1,37.44,0,Yes,DSL,9,0,0,0,0,0,0,0,1,Month-to-Month,0,Credit Card,45.6,45.6,0.0,0,37.44,83.03999999999999,3,Joined,No,50,2352,,,0.97
2075-RMJIK,Female,54,No,No,Yes,Yes,3,United States,California,Santa Ysabel,92070,33.174725,-116.743329,1143,Q3,1,3,5,,1,47.06,0,Yes,Cable,52,1,0,0,0,0,0,0,0,Month-to-Month,1,Mailed Check,49.4,232.55,0.0,10,235.3,477.85,4,Stayed,No,44,5756,,,0.76
6840-RESVB,Male,38,No,No,Yes,Yes,2,United States,California,Adelanto,92301,34.667815,-117.536183,18980,Q3,1,1,24,Offer C,1,36.05,1,Yes,Cable,24,1,0,1,1,1,1,1,1,One Year,1,Mailed Check,84.8,1990.5,48.23,0,865.1999999999999,2807.47,3,Stayed,No,59,2140,,,0.99
7181-OQCUT,Male,60,No,No,No,No,0,United States,California,Fresno,93706,36.654614,-119.903674,35790,Q3,0,0,21,Offer D,1,15.89,1,Yes,Fiber Optic,3,1,0,1,0,1,1,1,1,Month-to-Month,0,Credit Card,103.85,2215.0,0.0,0,333.69,2548.69,3,Stayed,No,77,4520,,,0.93
0921-OHLVP,Male,35,No,No,No,No,0,United States,California,Paradise,95969,39.69676,-121.644379,28318,Q3,0,0,22,Offer D,1,11.46,1,Yes,Fiber Optic,16,0,0,0,0,0,1,1,1,Month-to-Month,0,Bank Withdrawal,83.05,1799.3,0.0,0,252.12,2051.42,4,Stayed,No,59,5357,,,0.94
7954-MLBUN,Male,41,No,No,No,No,0,United States,California,Santa Barbara,93111,34.460197,-119.802602,16477,Q3,0,0,31,,1,10.05,0,Yes,Fiber Optic,14,0,0,1,1,1,1,1,1,Two Year,0,Bank Withdrawal,99.45,3109.9,43.38,0,311.55,3378.07,5,Stayed,No,64,2021,,,0.96
4115-NZRKS,Female,72,No,Yes,No,No,0,United States,California,San Diego,92102,32.716007,-117.117462,47140,Q3,0,0,7,,1,16.36,0,Yes,Fiber Optic,28,0,0,0,0,1,1,0,1,One Year,1,Bank Withdrawal,89.15,574.35,0.0,0,114.52,688.87,5,Stayed,No,25,2415,,,0.97
2480-JZOSN,Female,64,No,No,Yes,No,0,United States,California,Woody,93287,35.710244,-118.881679,88,Q3,1,8,1,,1,35.24,0,No,,0,0,0,0,0,0,0,0,0,Month-to-Month,1,Credit Card,20.65,20.65,0.0,0,35.24,55.89,4,Joined,No,59,4517,,,0.97
0114-PEGZZ,Female,39,No,No,No,No,0,United States,California,Round Mountain,96084,40.923558,-122.059933,459,Q3,0,0,33,,1,49.69,1,Yes,Fiber Optic,12,0,1,1,0,1,1,1,1,Month-to-Month,0,Bank Withdrawal,107.55,3645.5,0.0,0,1639.77,5285.27,3,Stayed,No,33,4800,,,0.94
3966-HRMZA,Female,74,No,Yes,No,No,0,United States,California,Bishop,93514,37.04584,-118.397236,13309,Q3,0,0,3,Offer E,1,41.44,0,Yes,Fiber Optic,13,0,0,1,0,0,0,0,0,One Year,0,Credit Card,75.05,202.9,5.49,10,124.32,331.73,4,Joined,No,56,3545,,,0.88
1580-BMCMR,Male,66,No,Yes,No,No,0,United States,California,Tehachapi,93561,35.073777,-118.652112,25805,Q3,0,0,19,,1,29.8,0,Yes,Fiber Optic,16,1,0,0,0,0,1,1,1,Month-to-Month,1,Bank Withdrawal,87.3,1637.3,0.0,0,566.2,2203.5,3,Stayed,No,70,4447,,,1.0
9501-UKKNL,Male,43,No,No,No,No,0,United States,California,Diamond Bar,91765,33.992416,-117.807874,46532,Q3,0,0,59,,0,0.0,0,Yes,DSL,7,0,0,0,1,1,1,1,1,Month-to-Month,1,Bank Withdrawal,51.7,3005.8,0.0,0,0.0,3005.8,3,Stayed,No,30,6107,,,0.9
3050-GBUSH,Female,25,Yes,No,No,No,0,United States,California,Burlingame,94010,37.57028,-122.365778,40346,Q3,0,0,3,,0,0.0,0,Yes,DSL,46,0,0,0,0,1,0,0,1,Month-to-Month,1,Credit Card,34.8,113.95,0.0,0,0.0,113.95,4,Joined,No,67,2496,,,0.97
2792-VPPET,Male,28,Yes,No,No,No,0,United States,California,San Gabriel,91776,34.089927,-118.095645,38041,Q3,0,0,3,,1,37.01,0,No,,0,0,0,0,0,0,0,0,0,Month-to-Month,1,Bank Withdrawal,20.5,76.95,0.0,0,111.03,187.98,5,Joined,No,35,5296,,,0.99
0319-QZTCO,Female,25,Yes,No,Yes,Yes,2,United States,California,Santa Rosa,95401,38.460517,-122.790335,36125,Q3,1,9,3,Offer E,1,11.47,0,Yes,DSL,51,0,1,0,0,1,0,0,1,Month-to-Month,1,Credit Card,58.7,168.6,0.0,0,34.410000000000004,203.01,3,Joined,No,52,3654,,,0.96
4634-JLRJT,Female,30,No,No,No,No,0,United States,California,Ontario,91764,34.074087,-117.605618,49474,Q3,0,0,1,Offer E,1,29.86,0,No,,0,0,0,0,0,0,0,0,0,Month-to-Month,1,Credit Card,20.35,20.35,0.0,0,29.86,50.21,4,Joined,No,40,2183,,,0.97
3594-KADLU,Male,33,No,No,Yes,No,0,United States,California,Witter Springs,95493,39.222323,-122.985488,240,Q3,1,3,3,Offer E,0,0.0,0,Yes,Cable,25,1,0,0,1,0,0,0,1,Month-to-Month,0,Credit Card,35.1,101.1,0.0,0,0.0,101.1,3,Joined,No,35,3610,,,0.94
5269-NRGDP,Male,54,No,No,Yes,Yes,2,United States,California,Concord,94521,37.971421,-121.971504,39888,Q3,1,1,42,,1,14.8,0,Yes,DSL,23,0,0,1,1,1,1,1,1,One Year,0,Bank Withdrawal,73.15,3088.25,0.0,0,621.6,3709.85,3,Stayed,No,58,2531,,,0.99
8198-RKSZG,Female,43,No,No,Yes,Yes,3,United States,California,El Cerrito,94530,37.924838,-122.289145,23141,Q3,1,8,14,Offer D,1,9.77,1,Yes,DSL,21,0,1,0,1,1,1,1,1,Month-to-Month,0,Credit Card,80.45,1137.05,0.0,0,136.78,1273.83,3,Stayed,No,26,5772,,,0.97
9522-ZSINC,Male,34,No,No,No,No,0,United States,California,Santa Rosa,95409,38.468893,-122.580539,25718,Q3,0,0,13,Offer D,1,7.33,0,No,,0,0,0,0,0,0,0,0,0,One Year,1,Bank Withdrawal,19.95,253.8,0.0,0,95.29,349.09000000000003,3,Stayed,No,24,2252,,,0.97
3590-TCXTB,Male,50,No,No,No,No,0,United States,California,Cerritos,90703,33.8681,-118.067402,51556,Q3,0,0,1,,1,31.97,0,No,,0,0,0,0,0,0,0,0,0,Month-to-Month,0,Credit Card,20.35,20.35,0.0,0,31.97,52.32,5,Joined,No,56,2648,,,0.9
3572-UOLYZ,Female,28,Yes,No,No,Yes,2,United States,California,San Jose,95118,37.255479,-121.889838,31926,Q3,0,0,46,,1,4.08,1,Yes,Fiber Optic,59,0,0,1,1,0,0,0,1,Month-to-Month,1,Bank Withdrawal,84.8,3958.85,0.0,0,187.68,4146.53,3,Stayed,No,39,5756,,,0.99
1399-UBQIU,Male,35,No,No,No,No,0,United States,California,Orange,92867,33.81859,-117.821288,40915,Q3,0,0,11,,1,16.14,0,Yes,DSL,8,0,0,1,0,1,1,1,1,Month-to-Month,1,Bank Withdrawal,69.35,712.25,0.0,0,177.54000000000002,889.79,3,Stayed,No,47,2288,,,0.97
1216-JWVUX,Male,51,No,No,Yes,Yes,3,United States,California,San Miguel,93451,35.886767,-120.608661,2666,Q3,1,4,25,,1,4.46,0,Yes,Fiber Optic,58,0,1,0,0,0,0,0,1,Month-to-Month,1,Bank Withdrawal,75.5,1901.05,0.0,0,111.5,2012.55,3,Stayed,No,33,5985,,,0.92
1169-WCVAK,Male,42,No,No,Yes,No,0,United States,California,Fresno,93710,36.822715,-119.761826,29337,Q3,1,1,19,Offer D,1,34.05,1,Yes,Fiber Optic,20,1,1,0,1,0,0,0,1,Month-to-Month,1,Credit Card,88.8,1672.35,0.0,0,646.9499999999999,2319.2999999999997,3,Stayed,No,63,4600,,,0.95
2303-PJYHN,Female,27,Yes,No,Yes,No,0,United States,California,Los Angeles,90015,34.039224,-118.266293,15140,Q3,1,8,2,Offer E,1,36.05,0,No,,0,0,0,0,0,0,0,0,0,Month-to-Month,0,Bank Withdrawal,19.85,52.0,0.0,0,72.1,124.1,5,Joined,No,80,4107,,,0.97
3506-OVLKD,Male,40,No,No,No,No,0,United States,California,Wilmington,90744,33.782068,-118.262263,53323,Q3,0,0,35,,1,49.13,1,No,,0,0,0,0,0,0,0,0,0,One Year,0,Bank Withdrawal,26.2,954.9,0.0,0,1719.5500000000002,2674.4500000000003,3,Stayed,No,80,4419,,,0.88
9003-CPATH,Male,53,No,No,No,No,0,United States,California,Carson,90745,33.822295,-118.26411,55486,Q3,0,0,42,,1,9.46,1,Yes,Fiber Optic,14,0,0,1,0,0,0,0,1,Month-to-Month,0,Bank Withdrawal,79.9,3313.4,23.47,0,397.3200000000001,3687.250000000001,4,Stayed,No,70,2583,,,0.98
0853-NWIFK,Female,27,Yes,No,No,No,0,United States,California,Woodacre,94973,38.005839,-122.638155,1449,Q3,0,0,45,,1,1.03,0,Yes,Fiber Optic,47,1,1,0,0,1,1,1,1,One Year,1,Bank Withdrawal,100.3,4483.95,0.0,0,46.35,4530.3,3,Stayed,No,64,4868,,,0.97
1635-FJFCC,Female,46,No,No,No,No,0,United States,California,Acton,93510,34.501452,-118.207862,7831,Q3,0,0,5,,1,10.99,0,Yes,DSL,29,0,0,0,0,0,0,0,1,Month-to-Month,1,Credit Card,44.05,202.15,0.0,0,54.95,257.1,5,Stayed,No,74,5846,,,0.79
9281-PKKZE,Female,47,No,No,Yes,No,0,United States,California,Azusa,91702,34.174493,-117.87068,57775,Q3,1,1,46,,0,0.0,0,Yes,DSL,8,0,0,0,0,1,1,1,1,Month-to-Month,1,Bank Withdrawal,43.95,2007.85,0.0,0,0.0,2007.85,3,Stayed,No,47,4818,,,0.97
9588-YRFHY,Male,19,Yes,No,No,No,0,United States,California,Santee,92071,32.847336,-116.997605,53510,Q3,0,0,49,Offer B,1,6.26,0,No,,0,0,0,0,0,0,0,0,0,Two Year,1,Credit Card,19.9,1022.6,0.0,0,306.74,1329.34,3,Stayed,No,71,5240,,,0.98
6048-QBXKL,Female,68,No,Yes,No,No,0,United States,California,Madison,95653,38.674276,-121.961866,844,Q3,0,0,2,Offer E,1,31.74,1,Yes,DSL,25,0,1,0,0,0,0,0,1,Month-to-Month,1,Credit Card,56.55,118.25,0.0,0,63.48,181.73,4,Joined,No,33,2069,,,0.97
8709-KRDVL,Female,44,No,No,No,No,0,United States,California,Scott Bar,96085,41.737962,-123.07557,88,Q3,0,0,33,,1,16.57,1,Yes,Fiber Optic,30,0,1,0,0,1,1,1,1,Month-to-Month,1,Bank Withdrawal,100.0,3320.6,0.0,0,546.8100000000001,3867.41,5,Stayed,No,76,4643,,,0.86
9054-FOWNV,Male,53,No,No,Yes,Yes,3,United States,California,Brentwood,94513,37.908242,-121.682472,26577,Q3,1,1,22,Offer D,1,11.39,1,Yes,Fiber Optic,56,0,0,1,0,1,0,0,1,Month-to-Month,1,Bank Withdrawal,88.75,1885.15,0.0,0,250.58,2135.73,4,Stayed,No,48,5585,,,0.76
9714-EDSUC,Male,25,Yes,No,No,No,0,United States,California,Alviso,95002,37.449537,-121.994813,2147,Q3,0,0,4,,1,11.5,0,Yes,Fiber Optic,41,1,1,0,1,0,1,1,1,Month-to-Month,1,Credit Card,94.9,360.55,0.0,0,46.0,406.55,4,Stayed,No,22,3094,,,0.96
5895-QSXOD,Male,42,No,No,No,No,0,United States,California,Alleghany,95910,39.467828,-120.841386,118,Q3,0,0,9,,1,48.25,0,Yes,Fiber Optic,24,0,0,0,0,0,0,0,1,Month-to-Month,0,Credit Card,70.05,657.5,0.0,0,434.25,1091.75,3,Stayed,No,63,3522,,,0.99
8008-ESFLK,Female,43,No,No,Yes,No,0,United States,California,Capitola,95010,36.977025,-121.952864,9673,Q3,1,1,53,,1,6.68,0,Yes,Fiber Optic,25,1,1,1,1,1,1,1,1,One Year,0,Bank Withdrawal,110.5,5835.5,0.0,0,354.03999999999996,6189.54,3,Stayed,No,59,4135,,,0.86
3363-EWLGO,Female,33,No,No,No,No,0,United States,California,Freedom,95019,36.936228,-121.785559,4753,Q3,0,0,5,,1,34.8,0,No,,0,0,0,0,0,0,0,0,0,Month-to-Month,0,Credit Card,19.95,109.6,0.0,0,174.0,283.6,3,Stayed,No,67,5252,,,0.97
2378-HTWFW,Male,78,No,Yes,No,No,0,United States,California,Newman,95360,37.343846,-121.039391,8504,Q3,0,0,35,,1,26.19,1,Yes,Fiber Optic,19,1,0,0,0,0,1,0,0,Month-to-Month,0,Credit Card,91.0,3180.5,0.0,40,916.65,4137.15,3,Stayed,No,35,5527,,,0.96
9919-YLNNG,Female,38,No,No,No,No,0,United States,California,Malibu,90263,34.037037,-118.705803,11,Q3,0,0,42,Offer B,1,40.15,0,Yes,Fiber Optic,28,0,1,1,1,1,1,1,0,Month-to-Month,1,Bank Withdrawal,103.8,4327.5,0.0,110,1686.3,6123.8,4,Stayed,No,37,4005,,,0.96
5937-EORGB,Male,79,No,Yes,Yes,No,0,United States,California,Five Points,93624,36.397745,-120.119911,1852,Q3,1,9,15,,1,22.83,1,Yes,Fiber Optic,26,1,0,1,0,1,0,0,1,Month-to-Month,1,Bank Withdrawal,96.5,1392.25,0.0,0,342.45,1734.7,4,Stayed,No,61,2394,,,1.0
2700-LUEVA,Male,49,No,No,No,No,0,United States,California,Oakland,94618,37.84551,-122.235181,15438,Q3,0,0,1,,1,36.28,0,No,,0,0,0,0,0,0,0,0,0,Month-to-Month,0,Credit Card,20.75,20.75,0.0,0,36.28,57.03,3,Joined,No,76,2791,,,0.99
3439-GVUSX,Male,45,No,No,No,No,0,United States,California,Lookout,96054,41.280478,-121.160249,386,Q3,0,0,1,,0,0.0,0,Yes,DSL,29,0,0,0,0,0,0,0,1,Month-to-Month,0,Credit Card,24.4,24.4,0.0,0,0.0,24.4,3,Joined,No,80,4570,,,0.97
5760-IFJOZ,Male,57,No,No,No,No,0,United States,California,Richgrove,93261,35.809921,-119.127437,2956,Q3,0,0,3,,1,47.5,1,Yes,Fiber Optic,22,0,1,1,0,1,1,1,1,Month-to-Month,0,Mailed Check,107.95,313.6,0.0,0,142.5,456.1,4,Joined,No,77,3449,,,0.98
2077-MPJQO,Male,80,No,Yes,Yes,No,0,United States,California,Menlo Park,94025,37.449551,-122.183762,39062,Q3,1,2,7,,1,21.37,1,Yes,Fiber Optic,21,0,0,0,0,0,0,0,1,Month-to-Month,1,Bank Withdrawal,75.4,533.05,0.0,0,149.59,682.64,4,Stayed,No,41,3533,,,0.93
3785-NRHYR,Male,40,No,No,No,No,0,United States,California,Bridgeport,93517,38.184583,-119.286558,826,Q3,0,0,1,,1,16.91,0,No,,0,0,0,0,0,0,0,0,0,Month-to-Month,0,Credit Card,19.65,19.65,0.0,0,16.91,36.56,3,Joined,No,31,3192,,,0.99
0650-BWOZN,Female,71,No,Yes,No,No,0,United States,California,Aguanga,92536,33.482243,-116.827173,2433,Q3,0,0,18,,1,7.51,0,Yes,Fiber Optic,24,0,1,0,0,0,0,0,1,Two Year,1,Bank Withdrawal,73.55,1359.45,0.0,0,135.18,1494.63,3,Stayed,No,66,5313,,,0.79
3771-PZOBW,Male,38,No,No,No,No,0,United States,California,Solvang,93463,34.624399,-120.137875,7958,Q3,0,0,20,Offer D,1,25.41,1,Yes,Fiber Optic,27,0,0,1,0,1,0,0,1,Month-to-Month,1,Credit Card,90.7,1781.35,0.0,0,508.2,2289.5499999999997,4,Stayed,No,77,2927,,,0.74
9903-LYSAB,Male,42,No,No,Yes,No,0,United States,California,Studio City,91604,34.139082,-118.39275,26157,Q3,1,5,18,Offer D,1,16.78,1,Yes,Fiber Optic,23,0,0,0,0,0,0,0,1,Month-to-Month,1,Bank Withdrawal,73.15,1305.95,0.0,0,302.04,1607.99,4,Stayed,No,73,4283,,,0.96
5898-IGSLP,Male,37,No,No,Yes,Yes,3,United States,California,Mountain View,94041,37.388349,-122.075299,13483,Q3,1,1,31,Offer C,1,20.76,1,Yes,Fiber Optic,57,1,0,1,1,0,0,0,1,Month-to-Month,0,Bank Withdrawal,89.3,2823.0,0.0,0,643.5600000000001,3466.56,3,Stayed,No,46,2132,,,0.99
6557-BZXLQ,Male,66,No,Yes,No,No,0,United States,California,Cabazon,92230,33.929812,-116.76058,2355,Q3,0,0,16,Offer D,1,22.9,0,Yes,Fiber Optic,24,0,0,0,0,0,0,0,1,Two Year,0,Bank Withdrawal,69.65,1043.3,0.0,0,366.4,1409.6999999999998,3,Stayed,No,63,5610,,,0.94
3549-ZTMNH,Male,56,No,No,Yes,Yes,1,United States,California,San Mateo,94402,37.556634,-122.317723,23393,Q3,0,0,12,,1,26.17,1,No,,0,0,0,0,0,0,0,0,0,Two Year,1,Bank Withdrawal,24.0,269.65,0.0,0,314.04,583.69,3,Stayed,No,69,3705,,,0.99
9350-ZXYJC,Female,24,Yes,No,No,No,0,United States,California,La Crescenta,91214,34.239636,-118.245259,29110,Q3,0,0,4,Offer E,1,9.75,1,No,,0,0,0,0,0,0,0,0,0,Two Year,1,Credit Card,25.3,116.95,0.0,0,39.0,155.95,3,Stayed,No,63,3808,,,0.98
9332-GYWLO,Female,23,Yes,No,Yes,Yes,2,United States,California,Fall River Mills,96028,41.017282,-121.468945,1902,Q3,1,3,6,,1,30.17,0,Yes,DSL,48,0,0,0,0,1,0,0,1,Month-to-Month,0,Bank Withdrawal,54.85,355.1,39.15,0,181.02,496.97,3,Stayed,No,80,5729,,,0.98
0013-MHZWF,Female,23,Yes,No,No,Yes,3,United States,California,Midpines,95345,37.581496,-119.972762,433,Q3,0,0,9,Offer E,1,16.77,0,Yes,Cable,73,0,0,0,1,1,1,1,1,Month-to-Month,1,Credit Card,69.4,571.45,0.0,0,150.93,722.3800000000001,3,Stayed,No,55,5108,,,0.75
3780-YVMFA,Female,33,No,No,Yes,Yes,1,United States,California,Long Beach,90803,33.760458,-118.129725,31352,Q3,1,1,8,,1,29.94,0,Yes,Cable,17,0,0,0,1,1,1,1,1,Month-to-Month,1,Bank Withdrawal,68.55,564.35,0.0,0,239.52,803.87,3,Stayed,No,58,3123,,,0.86
8564-LDKFL,Male,37,No,No,Yes,No,0,United States,California,Big Bar,96010,40.775272,-123.287414,269,Q3,1,1,40,Offer B,1,29.46,1,Yes,Fiber Optic,28,0,1,1,0,1,1,1,1,One Year,1,Bank Withdrawal,106.0,4178.65,47.02,0,1178.4,5310.029999999999,5,Stayed,No,77,5118,,,0.9
9620-ENEJV,Female,52,No,No,No,No,0,United States,California,Vina,96092,39.955164,-122.018567,439,Q3,0,0,6,Offer E,1,30.54,0,Yes,Fiber Optic,27,0,0,0,0,0,0,0,1,Month-to-Month,0,Credit Card,70.55,433.95,0.0,0,183.24,617.19,3,Stayed,No,52,4059,,,0.9
2957-JIRMN,Female,69,No,Yes,No,No,0,United States,California,Vallejo,94591,38.105733,-122.186338,51665,Q3,0,0,62,,1,19.52,1,Yes,Fiber Optic,3,0,0,0,0,1,0,0,1,One Year,0,Bank Withdrawal,84.45,4959.15,0.0,0,1210.24,6169.389999999999,4,Stayed,No,60,4166,,,0.87
7310-EGVHZ,Male,35,No,No,No,No,0,United States,California,Los Angeles,90036,34.070291,-118.349191,32901,Q3,0,0,1,Offer E,1,24.48,0,No,,0,0,0,0,0,0,0,0,0,Month-to-Month,0,Bank Withdrawal,20.2,20.2,0.0,0,24.48,44.68,5,Joined,No,77,5526,,,1.0
9842-EFSYY,Female,31,No,No,No,Yes,3,United States,California,Markleeville,96120,38.735789,-119.85798,957,Q3,0,0,4,Offer E,0,0.0,0,Yes,Cable,52,1,1,1,0,1,1,1,1,Month-to-Month,1,Credit Card,57.2,223.75,0.0,0,0.0,223.75,3,Stayed,No,26,2421,,,0.82
9837-FWLCH,Male,39,No,No,Yes,Yes,1,United States,California,Palm Springs,92262,33.839989,-116.659215,24924,Q3,1,2,12,,1,25.33,0,No,,0,0,0,0,0,0,0,0,0,Month-to-Month,1,Bank Withdrawal,19.2,239.0,45.46,0,303.96,497.5,3,Stayed,No,73,3101,,,0.97
0620-DLSLK,Female,47,No,No,No,No,0,United States,California,Pasadena,91103,34.167465,-118.165327,27891,Q3,0,0,13,,1,34.18,0,Yes,Fiber Optic,19,0,0,0,0,1,0,0,1,Month-to-Month,1,Credit Card,81.9,1028.9,0.0,0,444.34,1473.24,3,Stayed,No,71,2054,,,1.0
5014-WUQMG,Male,23,Yes,No,Yes,Yes,2,United States,California,Hornbrook,96044,41.962127,-122.527696,1026,Q3,1,1,47,Offer B,1,15.59,0,Yes,Fiber Optic,52,1,1,1,0,0,1,1,1,One Year,1,Bank Withdrawal,96.1,4391.45,0.0,0,732.73,5124.18,3,Stayed,No,68,5793,,,0.87
8313-NDOIA,Female,48,No,No,No,No,0,United States,California,Green Valley Lake,92341,34.244411,-117.072654,317,Q3,0,0,24,,1,38.79,1,Yes,Fiber Optic,4,0,1,1,0,1,1,1,0,Month-to-Month,1,Bank Withdrawal,104.15,2494.65,0.0,40,930.96,3465.61,5,Stayed,No,61,5813,,,0.95
4647-MUZON,Female,56,No,No,Yes,No,0,United States,California,Port Hueneme,93041,34.110124,-119.100972,25634,Q3,1,9,18,Offer D,1,29.6,0,Yes,Fiber Optic,7,0,0,1,0,1,1,1,1,Month-to-Month,1,Credit Card,95.95,1745.5,6.72,0,532.8000000000001,2271.58,3,Stayed,No,20,5009,,,0.9
4291-SHSBH,Male,25,Yes,No,No,No,0,United States,California,Modesto,95354,37.639029,-120.964772,27135,Q3,0,0,7,Offer E,1,8.95,0,Yes,Fiber Optic,52,0,0,0,0,0,0,0,1,Month-to-Month,1,Bank Withdrawal,69.55,521.35,0.0,0,62.64999999999999,584.0,3,Stayed,No,71,4704,,,0.88
0771-WLCLA,Female,49,No,No,Yes,Yes,1,United States,California,Big Bear Lake,92315,34.242058,-116.89802,5447,Q3,1,8,16,Offer D,1,46.45,1,Yes,Fiber Optic,12,1,0,1,1,1,1,1,1,Month-to-Month,1,Bank Withdrawal,112.95,1882.55,0.0,0,743.2,2625.75,3,Stayed,No,70,2683,,,0.83
4884-ZTHVF,Female,80,No,Yes,No,No,0,United States,California,Santa Cruz,95065,37.031404,-121.981865,8365,Q3,0,0,8,,1,39.01,0,Yes,Fiber Optic,28,0,1,0,0,1,0,0,1,Month-to-Month,1,Bank Withdrawal,87.1,713.6,0.0,0,312.08,1025.68,5,Stayed,No,65,3950,,,0.95
1379-FRVEB,Male,31,No,No,No,Yes,1,United States,California,San Bernardino,92401,34.105935,-117.2914,1779,Q3,0,0,15,Offer D,1,30.22,1,Yes,Fiber Optic,12,0,1,0,0,1,0,0,1,Month-to-Month,1,Bank Withdrawal,91.0,1430.05,0.0,0,453.2999999999999,1883.35,4,Stayed,No,48,4602,,,0.99
0835-JKADZ,Female,29,Yes,No,No,No,0,United States,California,San Francisco,94107,37.768881,-122.395521,17372,Q3,0,0,71,,1,41.92,1,Yes,Fiber Optic,53,0,1,1,1,1,1,1,1,Two Year,1,Bank Withdrawal,111.25,7984.15,0.0,0,2976.32,10960.47,4,Stayed,No,54,4361,,,0.91
6728-DKUCO,Female,25,Yes,No,Yes,No,0,United States,California,Santa Monica,90405,34.005439,-118.477507,26099,Q3,1,1,72,Offer A,1,25.82,1,Yes,Fiber Optic,59,1,1,0,0,1,1,1,1,One Year,1,Bank Withdrawal,104.15,7303.05,0.0,0,1859.04,9162.09,3,Stayed,No,21,4594,,,0.93
4673-KKSLS,Female,56,No,No,No,No,0,United States,California,Oakland,94605,37.758019,-122.138678,42854,Q3,0,0,31,,1,40.92,0,Yes,Fiber Optic,20,1,0,1,1,0,0,0,0,Month-to-Month,0,Bank Withdrawal,87.6,2724.25,0.0,70,1268.52,4062.77,4,Stayed,No,48,5094,,,0.91
3094-JOJAI,Male,63,No,No,No,No,0,United States,California,Maxwell,95955,39.281194,-122.226568,1146,Q3,0,0,18,,1,4.38,1,Yes,Fiber Optic,20,0,0,0,0,0,0,0,1,Month-to-Month,0,Credit Card,74.15,1387.0,0.0,0,78.84,1465.84,5,Stayed,No,49,2643,,,0.99
1777-JYQPJ,Male,19,Yes,No,No,No,0,United States,California,Colfax,95713,39.084645,-120.894014,8525,Q3,0,0,2,Offer E,0,0.0,0,Yes,DSL,59,0,0,0,0,0,0,0,1,Month-to-Month,0,Mailed Check,24.3,38.45,0.0,0,0.0,38.45,4,Joined,No,77,2515,,,0.96
2607-FBDFF,Male,32,No,No,No,No,0,United States,California,Tuolumne,95379,37.939768,-120.188002,3979,Q3,0,0,1,,1,49.19,0,Yes,DSL,17,0,0,0,1,0,0,0,1,Month-to-Month,0,Credit Card,49.0,49.0,0.0,0,49.19,98.19,3,Joined,No,45,5289,,,0.91
4138-NAXED,Male,54,No,No,No,No,0,United States,California,Joshua Tree,92252,34.167236,-116.281511,8141,Q3,0,0,51,,1,42.93,1,Yes,Fiber Optic,11,0,1,0,0,0,0,0,0,Month-to-Month,0,Bank Withdrawal,81.0,4085.75,0.0,10,2189.43,6285.18,3,Stayed,No,34,4121,,,0.73
7968-QUXNS,Male,24,Yes,No,No,No,0,United States,California,Dobbins,95935,39.381174,-121.21191,614,Q3,0,0,6,,1,27.54,0,No,,0,0,0,0,0,0,0,0,0,Month-to-Month,0,Mailed Check,18.95,110.15,0.0,0,165.24,275.39,4,Stayed,No,68,5920,,,0.93
9992-UJOEL,Male,22,Yes,No,No,No,0,United States,California,Elk,95432,39.108252,-123.645121,383,Q3,0,0,2,Offer E,1,18.62,0,Yes,DSL,51,0,1,0,0,0,0,0,1,Month-to-Month,1,Credit Card,50.3,92.75,0.0,0,37.24,129.99,5,Joined,No,33,5870,,,0.83
7356-AYNJP,Female,33,No,No,No,No,0,United States,California,Stockton,95219,38.029729,-121.387999,19109,Q3,0,0,4,Offer E,1,6.36,1,No,,0,0,0,0,0,0,0,0,0,One Year,0,Bank Withdrawal,23.9,97.5,0.0,0,25.44,122.94,4,Stayed,No,57,5685,,,0.75
